Copyright 1986-2022 Xilinx, Inc. All Rights Reserved. Copyright 2022-2025 Advanced Micro Devices, Inc. All Rights Reserved.
---------------------------------------------------------------------------------------------------------------------------------------------------------------------------------------------------------------------------
| Tool Version : Vivado v.2025.2 (win64) Build 6299465 Fri Nov 14 19:35:11 GMT 2025
| Date         : Fri May 22 20:48:21 2026
| Host         : CE-LAB6728 running 64-bit major release  (build 9200)
| Command      : report_timing_summary -max_paths 10 -routable_nets -report_unconstrained -file nrz_l_timing_summary_routed.rpt -pb nrz_l_timing_summary_routed.pb -rpx nrz_l_timing_summary_routed.rpx -warn_on_violation
| Design       : nrz_l
| Device       : 7a35t-cpg236
| Speed File   : -1  PRODUCTION 1.23 2018-06-13
| Design State : Routed
---------------------------------------------------------------------------------------------------------------------------------------------------------------------------------------------------------------------------

Timing Summary Report

------------------------------------------------------------------------------------------------
| Timer Settings
| --------------
------------------------------------------------------------------------------------------------

  Enable Multi Corner Analysis               :  Yes
  Enable Pessimism Removal                   :  Yes
  Pessimism Removal Resolution               :  Nearest Common Node
  Enable Input Delay Default Clock           :  No
  Enable Preset / Clear Arcs                 :  No
  Disable Flight Delays                      :  No
  Ignore I/O Paths                           :  No
  Timing Early Launch at Borrowing Latches   :  No
  Borrow Time for Max Delay Exceptions       :  Yes
  Merge Timing Exceptions                    :  Yes
  Inter-SLR Compensation                     :  Conservative

  Corner  Analyze    Analyze    
  Name    Max Paths  Min Paths  
  ------  ---------  ---------  
  Slow    Yes        Yes        
  Fast    Yes        Yes        


------------------------------------------------------------------------------------------------
| Report Methodology
| ------------------
------------------------------------------------------------------------------------------------

Rule       Severity  Description                    Violations  
---------  --------  -----------------------------  ----------  
TIMING-18  Warning   Missing input or output delay  33          

Note: This report is based on the most recent report_methodology run and may not be up-to-date. Run report_methodology on the current design for the latest report.



check_timing report

Table of Contents
-----------------
1. checking no_clock (0)
2. checking constant_clock (0)
3. checking pulse_width_clock (0)
4. checking unconstrained_internal_endpoints (0)
5. checking no_input_delay (17)
6. checking no_output_delay (16)
7. checking multiple_clock (0)
8. checking generated_clocks (0)
9. checking loops (0)
10. checking partial_input_delay (0)
11. checking partial_output_delay (0)
12. checking latch_loops (0)

1. checking no_clock (0)
------------------------
 There are 0 register/latch pins with no clock.


2. checking constant_clock (0)
------------------------------
 There are 0 register/latch pins with constant_clock.


3. checking pulse_width_clock (0)
---------------------------------
 There are 0 register/latch pins which need pulse_width check


4. checking unconstrained_internal_endpoints (0)
------------------------------------------------
 There are 0 pins that are not constrained for maximum delay.

 There are 0 pins that are not constrained for maximum delay due to constant clock.


5. checking no_input_delay (17)
-------------------------------
 There are 17 input ports with no input delay specified. (HIGH)

 There are 0 input ports with no input delay but user has a false path constraint.


6. checking no_output_delay (16)
--------------------------------
 There are 16 ports with no output delay specified. (HIGH)

 There are 0 ports with no output delay but user has a false path constraint

 There are 0 ports with no output delay but with a timing clock defined on it or propagating through it


7. checking multiple_clock (0)
------------------------------
 There are 0 register/latch pins with multiple clocks.


8. checking generated_clocks (0)
--------------------------------
 There are 0 generated clocks that are not connected to a clock source.


9. checking loops (0)
---------------------
 There are 0 combinational loops in the design.


10. checking partial_input_delay (0)
------------------------------------
 There are 0 input ports with partial input delay specified.


11. checking partial_output_delay (0)
-------------------------------------
 There are 0 ports with partial output delay specified.


12. checking latch_loops (0)
----------------------------
 There are 0 combinational latch loops in the design through latch input



------------------------------------------------------------------------------------------------
| Design Timing Summary
| ---------------------
------------------------------------------------------------------------------------------------

    WNS(ns)      TNS(ns)  TNS Failing Endpoints  TNS Total Endpoints      WHS(ns)      THS(ns)  THS Failing Endpoints  THS Total Endpoints     WPWS(ns)     TPWS(ns)  TPWS Failing Endpoints  TPWS Total Endpoints  
    -------      -------  ---------------------  -------------------      -------      -------  ---------------------  -------------------     --------     --------  ----------------------  --------------------  
      4.365        0.000                      0                   96        0.192        0.000                      0                   96        4.500        0.000                       0                    65  


All user specified timing constraints are met.


------------------------------------------------------------------------------------------------
| Clock Summary
| -------------
------------------------------------------------------------------------------------------------

Clock        Waveform(ns)       Period(ns)      Frequency(MHz)
-----        ------------       ----------      --------------
sys_clk_pin  {0.000 5.000}      10.000          100.000         


------------------------------------------------------------------------------------------------
| Intra Clock Table
| -----------------
------------------------------------------------------------------------------------------------

Clock             WNS(ns)      TNS(ns)  TNS Failing Endpoints  TNS Total Endpoints      WHS(ns)      THS(ns)  THS Failing Endpoints  THS Total Endpoints     WPWS(ns)     TPWS(ns)  TPWS Failing Endpoints  TPWS Total Endpoints  
-----             -------      -------  ---------------------  -------------------      -------      -------  ---------------------  -------------------     --------     --------  ----------------------  --------------------  
sys_clk_pin         4.365        0.000                      0                   96        0.192        0.000                      0                   96        4.500        0.000                       0                    65  


------------------------------------------------------------------------------------------------
| Inter Clock Table
| -----------------
------------------------------------------------------------------------------------------------

From Clock    To Clock          WNS(ns)      TNS(ns)  TNS Failing Endpoints  TNS Total Endpoints      WHS(ns)      THS(ns)  THS Failing Endpoints  THS Total Endpoints  
----------    --------          -------      -------  ---------------------  -------------------      -------      -------  ---------------------  -------------------  


------------------------------------------------------------------------------------------------
| Other Path Groups Table
| -----------------------
------------------------------------------------------------------------------------------------

Path Group    From Clock    To Clock          WNS(ns)      TNS(ns)  TNS Failing Endpoints  TNS Total Endpoints      WHS(ns)      THS(ns)  THS Failing Endpoints  THS Total Endpoints  
----------    ----------    --------          -------      -------  ---------------------  -------------------      -------      -------  ---------------------  -------------------  


------------------------------------------------------------------------------------------------
| User Ignored Path Table
| -----------------------
------------------------------------------------------------------------------------------------

Path Group    From Clock    To Clock    
----------    ----------    --------    


------------------------------------------------------------------------------------------------
| Unconstrained Path Table
| ------------------------
------------------------------------------------------------------------------------------------

Path Group    From Clock    To Clock    
----------    ----------    --------    
(none)                                    
(none)        sys_clk_pin                 
(none)                      sys_clk_pin   


------------------------------------------------------------------------------------------------
| Timing Details
| --------------
------------------------------------------------------------------------------------------------


---------------------------------------------------------------------------------------------------
From Clock:  sys_clk_pin
  To Clock:  sys_clk_pin

Setup :            0  Failing Endpoints,  Worst Slack        4.365ns,  Total Violation        0.000ns
Hold  :            0  Failing Endpoints,  Worst Slack        0.192ns,  Total Violation        0.000ns
PW    :            0  Failing Endpoints,  Worst Slack        4.500ns,  Total Violation        0.000ns
---------------------------------------------------------------------------------------------------


Max Delay Paths
--------------------------------------------------------------------------------------
Slack (MET) :             4.365ns  (required time - arrival time)
  Source:                 bit_ptr_reg[2]/C
                            (rising edge-triggered cell FDPE clocked by sys_clk_pin  {rise@0.000ns fall@5.000ns period=10.000ns})
  Destination:            vga_r_reg[0]/R
                            (rising edge-triggered cell FDRE clocked by sys_clk_pin  {rise@0.000ns fall@5.000ns period=10.000ns})
  Path Group:             sys_clk_pin
  Path Type:              Setup (Max at Slow Process Corner)
  Requirement:            10.000ns  (sys_clk_pin rise@10.000ns - sys_clk_pin rise@0.000ns)
  Data Path Delay:        5.065ns  (logic 0.828ns (16.348%)  route 4.237ns (83.652%))
  Logic Levels:           3  (LUT6=3)
  Clock Path Skew:        -0.106ns (DCD - SCD + CPR)
    Destination Clock Delay (DCD):    4.780ns = ( 14.780 - 10.000 ) 
    Source Clock Delay      (SCD):    5.144ns
    Clock Pessimism Removal (CPR):    0.258ns
  Clock Uncertainty:      0.035ns  ((TSJ^2 + TIJ^2)^1/2 + DJ) / 2 + PE
    Total System Jitter     (TSJ):    0.071ns
    Total Input Jitter      (TIJ):    0.000ns
    Discrete Jitter          (DJ):    0.000ns
    Phase Error              (PE):    0.000ns

    Location             Delay type                Incr(ns)  Path(ns)    Netlist Resource(s)
  -------------------------------------------------------------------    -------------------
                         (clock sys_clk_pin rise edge)
                                                      0.000     0.000 r  
    W5                                                0.000     0.000 r  clk (IN)
                         net (fo=0)                   0.000     0.000    clk
    W5                   IBUF (Prop_ibuf_I_O)         1.458     1.458 r  clk_IBUF_inst/O
                         net (fo=1, routed)           1.967     3.425    clk_IBUF
    BUFGCTRL_X0Y0        BUFG (Prop_bufg_I_O)         0.096     3.521 r  clk_IBUF_BUFG_inst/O
                         net (fo=64, routed)          1.623     5.144    clk_IBUF_BUFG
    SLICE_X65Y61         FDPE                                         r  bit_ptr_reg[2]/C
  -------------------------------------------------------------------    -------------------
    SLICE_X65Y61         FDPE (Prop_fdpe_C_Q)         0.456     5.600 r  bit_ptr_reg[2]/Q
                         net (fo=7, routed)           1.546     7.146    bit_idx_OBUF[2]
    SLICE_X64Y43         LUT6 (Prop_lut6_I2_O)        0.124     7.270 r  nrz_out_OBUF_inst_i_3/O
                         net (fo=1, routed)           0.664     7.934    nrz_out_OBUF_inst_i_3_n_0
    SLICE_X64Y45         LUT6 (Prop_lut6_I1_O)        0.124     8.058 r  nrz_out_OBUF_inst_i_1/O
                         net (fo=7, routed)           1.390     9.448    tx_pmod_OBUF
    SLICE_X44Y50         LUT6 (Prop_lut6_I5_O)        0.124     9.572 r  vga_r[0]_i_1/O
                         net (fo=4, routed)           0.637    10.209    vga_r[0]_i_1_n_0
    SLICE_X44Y50         FDRE                                         r  vga_r_reg[0]/R
  -------------------------------------------------------------------    -------------------

                         (clock sys_clk_pin rise edge)
                                                     10.000    10.000 r  
    W5                                                0.000    10.000 r  clk (IN)
                         net (fo=0)                   0.000    10.000    clk
    W5                   IBUF (Prop_ibuf_I_O)         1.388    11.388 r  clk_IBUF_inst/O
                         net (fo=1, routed)           1.862    13.250    clk_IBUF
    BUFGCTRL_X0Y0        BUFG (Prop_bufg_I_O)         0.091    13.341 r  clk_IBUF_BUFG_inst/O
                         net (fo=64, routed)          1.439    14.780    clk_IBUF_BUFG
    SLICE_X44Y50         FDRE                                         r  vga_r_reg[0]/C
                         clock pessimism              0.258    15.038    
                         clock uncertainty           -0.035    15.003    
    SLICE_X44Y50         FDRE (Setup_fdre_C_R)       -0.429    14.574    vga_r_reg[0]
  -------------------------------------------------------------------
                         required time                         14.574    
                         arrival time                         -10.209    
  -------------------------------------------------------------------
                         slack                                  4.365    

Slack (MET) :             4.365ns  (required time - arrival time)
  Source:                 bit_ptr_reg[2]/C
                            (rising edge-triggered cell FDPE clocked by sys_clk_pin  {rise@0.000ns fall@5.000ns period=10.000ns})
  Destination:            vga_r_reg[0]_lopt_replica/R
                            (rising edge-triggered cell FDRE clocked by sys_clk_pin  {rise@0.000ns fall@5.000ns period=10.000ns})
  Path Group:             sys_clk_pin
  Path Type:              Setup (Max at Slow Process Corner)
  Requirement:            10.000ns  (sys_clk_pin rise@10.000ns - sys_clk_pin rise@0.000ns)
  Data Path Delay:        5.065ns  (logic 0.828ns (16.348%)  route 4.237ns (83.652%))
  Logic Levels:           3  (LUT6=3)
  Clock Path Skew:        -0.106ns (DCD - SCD + CPR)
    Destination Clock Delay (DCD):    4.780ns = ( 14.780 - 10.000 ) 
    Source Clock Delay      (SCD):    5.144ns
    Clock Pessimism Removal (CPR):    0.258ns
  Clock Uncertainty:      0.035ns  ((TSJ^2 + TIJ^2)^1/2 + DJ) / 2 + PE
    Total System Jitter     (TSJ):    0.071ns
    Total Input Jitter      (TIJ):    0.000ns
    Discrete Jitter          (DJ):    0.000ns
    Phase Error              (PE):    0.000ns

    Location             Delay type                Incr(ns)  Path(ns)    Netlist Resource(s)
  -------------------------------------------------------------------    -------------------
                         (clock sys_clk_pin rise edge)
                                                      0.000     0.000 r  
    W5                                                0.000     0.000 r  clk (IN)
                         net (fo=0)                   0.000     0.000    clk
    W5                   IBUF (Prop_ibuf_I_O)         1.458     1.458 r  clk_IBUF_inst/O
                         net (fo=1, routed)           1.967     3.425    clk_IBUF
    BUFGCTRL_X0Y0        BUFG (Prop_bufg_I_O)         0.096     3.521 r  clk_IBUF_BUFG_inst/O
                         net (fo=64, routed)          1.623     5.144    clk_IBUF_BUFG
    SLICE_X65Y61         FDPE                                         r  bit_ptr_reg[2]/C
  -------------------------------------------------------------------    -------------------
    SLICE_X65Y61         FDPE (Prop_fdpe_C_Q)         0.456     5.600 r  bit_ptr_reg[2]/Q
                         net (fo=7, routed)           1.546     7.146    bit_idx_OBUF[2]
    SLICE_X64Y43         LUT6 (Prop_lut6_I2_O)        0.124     7.270 r  nrz_out_OBUF_inst_i_3/O
                         net (fo=1, routed)           0.664     7.934    nrz_out_OBUF_inst_i_3_n_0
    SLICE_X64Y45         LUT6 (Prop_lut6_I1_O)        0.124     8.058 r  nrz_out_OBUF_inst_i_1/O
                         net (fo=7, routed)           1.390     9.448    tx_pmod_OBUF
    SLICE_X44Y50         LUT6 (Prop_lut6_I5_O)        0.124     9.572 r  vga_r[0]_i_1/O
                         net (fo=4, routed)           0.637    10.209    vga_r[0]_i_1_n_0
    SLICE_X44Y50         FDRE                                         r  vga_r_reg[0]_lopt_replica/R
  -------------------------------------------------------------------    -------------------

                         (clock sys_clk_pin rise edge)
                                                     10.000    10.000 r  
    W5                                                0.000    10.000 r  clk (IN)
                         net (fo=0)                   0.000    10.000    clk
    W5                   IBUF (Prop_ibuf_I_O)         1.388    11.388 r  clk_IBUF_inst/O
                         net (fo=1, routed)           1.862    13.250    clk_IBUF
    BUFGCTRL_X0Y0        BUFG (Prop_bufg_I_O)         0.091    13.341 r  clk_IBUF_BUFG_inst/O
                         net (fo=64, routed)          1.439    14.780    clk_IBUF_BUFG
    SLICE_X44Y50         FDRE                                         r  vga_r_reg[0]_lopt_replica/C
                         clock pessimism              0.258    15.038    
                         clock uncertainty           -0.035    15.003    
    SLICE_X44Y50         FDRE (Setup_fdre_C_R)       -0.429    14.574    vga_r_reg[0]_lopt_replica
  -------------------------------------------------------------------
                         required time                         14.574    
                         arrival time                         -10.209    
  -------------------------------------------------------------------
                         slack                                  4.365    

Slack (MET) :             4.365ns  (required time - arrival time)
  Source:                 bit_ptr_reg[2]/C
                            (rising edge-triggered cell FDPE clocked by sys_clk_pin  {rise@0.000ns fall@5.000ns period=10.000ns})
  Destination:            vga_r_reg[0]_lopt_replica_2/R
                            (rising edge-triggered cell FDRE clocked by sys_clk_pin  {rise@0.000ns fall@5.000ns period=10.000ns})
  Path Group:             sys_clk_pin
  Path Type:              Setup (Max at Slow Process Corner)
  Requirement:            10.000ns  (sys_clk_pin rise@10.000ns - sys_clk_pin rise@0.000ns)
  Data Path Delay:        5.065ns  (logic 0.828ns (16.348%)  route 4.237ns (83.652%))
  Logic Levels:           3  (LUT6=3)
  Clock Path Skew:        -0.106ns (DCD - SCD + CPR)
    Destination Clock Delay (DCD):    4.780ns = ( 14.780 - 10.000 ) 
    Source Clock Delay      (SCD):    5.144ns
    Clock Pessimism Removal (CPR):    0.258ns
  Clock Uncertainty:      0.035ns  ((TSJ^2 + TIJ^2)^1/2 + DJ) / 2 + PE
    Total System Jitter     (TSJ):    0.071ns
    Total Input Jitter      (TIJ):    0.000ns
    Discrete Jitter          (DJ):    0.000ns
    Phase Error              (PE):    0.000ns

    Location             Delay type                Incr(ns)  Path(ns)    Netlist Resource(s)
  -------------------------------------------------------------------    -------------------
                         (clock sys_clk_pin rise edge)
                                                      0.000     0.000 r  
    W5                                                0.000     0.000 r  clk (IN)
                         net (fo=0)                   0.000     0.000    clk
    W5                   IBUF (Prop_ibuf_I_O)         1.458     1.458 r  clk_IBUF_inst/O
                         net (fo=1, routed)           1.967     3.425    clk_IBUF
    BUFGCTRL_X0Y0        BUFG (Prop_bufg_I_O)         0.096     3.521 r  clk_IBUF_BUFG_inst/O
                         net (fo=64, routed)          1.623     5.144    clk_IBUF_BUFG
    SLICE_X65Y61         FDPE                                         r  bit_ptr_reg[2]/C
  -------------------------------------------------------------------    -------------------
    SLICE_X65Y61         FDPE (Prop_fdpe_C_Q)         0.456     5.600 r  bit_ptr_reg[2]/Q
                         net (fo=7, routed)           1.546     7.146    bit_idx_OBUF[2]
    SLICE_X64Y43         LUT6 (Prop_lut6_I2_O)        0.124     7.270 r  nrz_out_OBUF_inst_i_3/O
                         net (fo=1, routed)           0.664     7.934    nrz_out_OBUF_inst_i_3_n_0
    SLICE_X64Y45         LUT6 (Prop_lut6_I1_O)        0.124     8.058 r  nrz_out_OBUF_inst_i_1/O
                         net (fo=7, routed)           1.390     9.448    tx_pmod_OBUF
    SLICE_X44Y50         LUT6 (Prop_lut6_I5_O)        0.124     9.572 r  vga_r[0]_i_1/O
                         net (fo=4, routed)           0.637    10.209    vga_r[0]_i_1_n_0
    SLICE_X44Y50         FDRE                                         r  vga_r_reg[0]_lopt_replica_2/R
  -------------------------------------------------------------------    -------------------

                         (clock sys_clk_pin rise edge)
                                                     10.000    10.000 r  
    W5                                                0.000    10.000 r  clk (IN)
                         net (fo=0)                   0.000    10.000    clk
    W5                   IBUF (Prop_ibuf_I_O)         1.388    11.388 r  clk_IBUF_inst/O
                         net (fo=1, routed)           1.862    13.250    clk_IBUF
    BUFGCTRL_X0Y0        BUFG (Prop_bufg_I_O)         0.091    13.341 r  clk_IBUF_BUFG_inst/O
                         net (fo=64, routed)          1.439    14.780    clk_IBUF_BUFG
    SLICE_X44Y50         FDRE                                         r  vga_r_reg[0]_lopt_replica_2/C
                         clock pessimism              0.258    15.038    
                         clock uncertainty           -0.035    15.003    
    SLICE_X44Y50         FDRE (Setup_fdre_C_R)       -0.429    14.574    vga_r_reg[0]_lopt_replica_2
  -------------------------------------------------------------------
                         required time                         14.574    
                         arrival time                         -10.209    
  -------------------------------------------------------------------
                         slack                                  4.365    

Slack (MET) :             4.365ns  (required time - arrival time)
  Source:                 bit_ptr_reg[2]/C
                            (rising edge-triggered cell FDPE clocked by sys_clk_pin  {rise@0.000ns fall@5.000ns period=10.000ns})
  Destination:            vga_r_reg[0]_lopt_replica_3/R
                            (rising edge-triggered cell FDRE clocked by sys_clk_pin  {rise@0.000ns fall@5.000ns period=10.000ns})
  Path Group:             sys_clk_pin
  Path Type:              Setup (Max at Slow Process Corner)
  Requirement:            10.000ns  (sys_clk_pin rise@10.000ns - sys_clk_pin rise@0.000ns)
  Data Path Delay:        5.065ns  (logic 0.828ns (16.348%)  route 4.237ns (83.652%))
  Logic Levels:           3  (LUT6=3)
  Clock Path Skew:        -0.106ns (DCD - SCD + CPR)
    Destination Clock Delay (DCD):    4.780ns = ( 14.780 - 10.000 ) 
    Source Clock Delay      (SCD):    5.144ns
    Clock Pessimism Removal (CPR):    0.258ns
  Clock Uncertainty:      0.035ns  ((TSJ^2 + TIJ^2)^1/2 + DJ) / 2 + PE
    Total System Jitter     (TSJ):    0.071ns
    Total Input Jitter      (TIJ):    0.000ns
    Discrete Jitter          (DJ):    0.000ns
    Phase Error              (PE):    0.000ns

    Location             Delay type                Incr(ns)  Path(ns)    Netlist Resource(s)
  -------------------------------------------------------------------    -------------------
                         (clock sys_clk_pin rise edge)
                                                      0.000     0.000 r  
    W5                                                0.000     0.000 r  clk (IN)
                         net (fo=0)                   0.000     0.000    clk
    W5                   IBUF (Prop_ibuf_I_O)         1.458     1.458 r  clk_IBUF_inst/O
                         net (fo=1, routed)           1.967     3.425    clk_IBUF
    BUFGCTRL_X0Y0        BUFG (Prop_bufg_I_O)         0.096     3.521 r  clk_IBUF_BUFG_inst/O
                         net (fo=64, routed)          1.623     5.144    clk_IBUF_BUFG
    SLICE_X65Y61         FDPE                                         r  bit_ptr_reg[2]/C
  -------------------------------------------------------------------    -------------------
    SLICE_X65Y61         FDPE (Prop_fdpe_C_Q)         0.456     5.600 r  bit_ptr_reg[2]/Q
                         net (fo=7, routed)           1.546     7.146    bit_idx_OBUF[2]
    SLICE_X64Y43         LUT6 (Prop_lut6_I2_O)        0.124     7.270 r  nrz_out_OBUF_inst_i_3/O
                         net (fo=1, routed)           0.664     7.934    nrz_out_OBUF_inst_i_3_n_0
    SLICE_X64Y45         LUT6 (Prop_lut6_I1_O)        0.124     8.058 r  nrz_out_OBUF_inst_i_1/O
                         net (fo=7, routed)           1.390     9.448    tx_pmod_OBUF
    SLICE_X44Y50         LUT6 (Prop_lut6_I5_O)        0.124     9.572 r  vga_r[0]_i_1/O
                         net (fo=4, routed)           0.637    10.209    vga_r[0]_i_1_n_0
    SLICE_X44Y50         FDRE                                         r  vga_r_reg[0]_lopt_replica_3/R
  -------------------------------------------------------------------    -------------------

                         (clock sys_clk_pin rise edge)
                                                     10.000    10.000 r  
    W5                                                0.000    10.000 r  clk (IN)
                         net (fo=0)                   0.000    10.000    clk
    W5                   IBUF (Prop_ibuf_I_O)         1.388    11.388 r  clk_IBUF_inst/O
                         net (fo=1, routed)           1.862    13.250    clk_IBUF
    BUFGCTRL_X0Y0        BUFG (Prop_bufg_I_O)         0.091    13.341 r  clk_IBUF_BUFG_inst/O
                         net (fo=64, routed)          1.439    14.780    clk_IBUF_BUFG
    SLICE_X44Y50         FDRE                                         r  vga_r_reg[0]_lopt_replica_3/C
                         clock pessimism              0.258    15.038    
                         clock uncertainty           -0.035    15.003    
    SLICE_X44Y50         FDRE (Setup_fdre_C_R)       -0.429    14.574    vga_r_reg[0]_lopt_replica_3
  -------------------------------------------------------------------
                         required time                         14.574    
                         arrival time                         -10.209    
  -------------------------------------------------------------------
                         slack                                  4.365    

Slack (MET) :             5.079ns  (required time - arrival time)
  Source:                 bit_ptr_reg[2]/C
                            (rising edge-triggered cell FDPE clocked by sys_clk_pin  {rise@0.000ns fall@5.000ns period=10.000ns})
  Destination:            vga_g_reg[0]_lopt_replica_3/D
                            (rising edge-triggered cell FDRE clocked by sys_clk_pin  {rise@0.000ns fall@5.000ns period=10.000ns})
  Path Group:             sys_clk_pin
  Path Type:              Setup (Max at Slow Process Corner)
  Requirement:            10.000ns  (sys_clk_pin rise@10.000ns - sys_clk_pin rise@0.000ns)
  Data Path Delay:        4.751ns  (logic 0.704ns (14.818%)  route 4.047ns (85.182%))
  Logic Levels:           2  (LUT6=2)
  Clock Path Skew:        -0.107ns (DCD - SCD + CPR)
    Destination Clock Delay (DCD):    4.779ns = ( 14.779 - 10.000 ) 
    Source Clock Delay      (SCD):    5.144ns
    Clock Pessimism Removal (CPR):    0.258ns
  Clock Uncertainty:      0.035ns  ((TSJ^2 + TIJ^2)^1/2 + DJ) / 2 + PE
    Total System Jitter     (TSJ):    0.071ns
    Total Input Jitter      (TIJ):    0.000ns
    Discrete Jitter          (DJ):    0.000ns
    Phase Error              (PE):    0.000ns

    Location             Delay type                Incr(ns)  Path(ns)    Netlist Resource(s)
  -------------------------------------------------------------------    -------------------
                         (clock sys_clk_pin rise edge)
                                                      0.000     0.000 r  
    W5                                                0.000     0.000 r  clk (IN)
                         net (fo=0)                   0.000     0.000    clk
    W5                   IBUF (Prop_ibuf_I_O)         1.458     1.458 r  clk_IBUF_inst/O
                         net (fo=1, routed)           1.967     3.425    clk_IBUF
    BUFGCTRL_X0Y0        BUFG (Prop_bufg_I_O)         0.096     3.521 r  clk_IBUF_BUFG_inst/O
                         net (fo=64, routed)          1.623     5.144    clk_IBUF_BUFG
    SLICE_X65Y61         FDPE                                         r  bit_ptr_reg[2]/C
  -------------------------------------------------------------------    -------------------
    SLICE_X65Y61         FDPE (Prop_fdpe_C_Q)         0.456     5.600 r  bit_ptr_reg[2]/Q
                         net (fo=7, routed)           1.546     7.146    bit_idx_OBUF[2]
    SLICE_X64Y43         LUT6 (Prop_lut6_I2_O)        0.124     7.270 r  nrz_out_OBUF_inst_i_3/O
                         net (fo=1, routed)           0.664     7.934    nrz_out_OBUF_inst_i_3_n_0
    SLICE_X64Y45         LUT6 (Prop_lut6_I1_O)        0.124     8.058 r  nrz_out_OBUF_inst_i_1/O
                         net (fo=7, routed)           1.837     9.895    tx_pmod_OBUF
    SLICE_X42Y50         FDRE                                         r  vga_g_reg[0]_lopt_replica_3/D
  -------------------------------------------------------------------    -------------------

                         (clock sys_clk_pin rise edge)
                                                     10.000    10.000 r  
    W5                                                0.000    10.000 r  clk (IN)
                         net (fo=0)                   0.000    10.000    clk
    W5                   IBUF (Prop_ibuf_I_O)         1.388    11.388 r  clk_IBUF_inst/O
                         net (fo=1, routed)           1.862    13.250    clk_IBUF
    BUFGCTRL_X0Y0        BUFG (Prop_bufg_I_O)         0.091    13.341 r  clk_IBUF_BUFG_inst/O
                         net (fo=64, routed)          1.438    14.779    clk_IBUF_BUFG
    SLICE_X42Y50         FDRE                                         r  vga_g_reg[0]_lopt_replica_3/C
                         clock pessimism              0.258    15.037    
                         clock uncertainty           -0.035    15.002    
    SLICE_X42Y50         FDRE (Setup_fdre_C_D)       -0.028    14.974    vga_g_reg[0]_lopt_replica_3
  -------------------------------------------------------------------
                         required time                         14.974    
                         arrival time                          -9.895    
  -------------------------------------------------------------------
                         slack                                  5.079    

Slack (MET) :             5.268ns  (required time - arrival time)
  Source:                 bit_ptr_reg[2]/C
                            (rising edge-triggered cell FDPE clocked by sys_clk_pin  {rise@0.000ns fall@5.000ns period=10.000ns})
  Destination:            vga_g_reg[0]_lopt_replica_2/D
                            (rising edge-triggered cell FDRE clocked by sys_clk_pin  {rise@0.000ns fall@5.000ns period=10.000ns})
  Path Group:             sys_clk_pin
  Path Type:              Setup (Max at Slow Process Corner)
  Requirement:            10.000ns  (sys_clk_pin rise@10.000ns - sys_clk_pin rise@0.000ns)
  Data Path Delay:        4.562ns  (logic 0.704ns (15.433%)  route 3.858ns (84.567%))
  Logic Levels:           2  (LUT6=2)
  Clock Path Skew:        -0.107ns (DCD - SCD + CPR)
    Destination Clock Delay (DCD):    4.779ns = ( 14.779 - 10.000 ) 
    Source Clock Delay      (SCD):    5.144ns
    Clock Pessimism Removal (CPR):    0.258ns
  Clock Uncertainty:      0.035ns  ((TSJ^2 + TIJ^2)^1/2 + DJ) / 2 + PE
    Total System Jitter     (TSJ):    0.071ns
    Total Input Jitter      (TIJ):    0.000ns
    Discrete Jitter          (DJ):    0.000ns
    Phase Error              (PE):    0.000ns

    Location             Delay type                Incr(ns)  Path(ns)    Netlist Resource(s)
  -------------------------------------------------------------------    -------------------
                         (clock sys_clk_pin rise edge)
                                                      0.000     0.000 r  
    W5                                                0.000     0.000 r  clk (IN)
                         net (fo=0)                   0.000     0.000    clk
    W5                   IBUF (Prop_ibuf_I_O)         1.458     1.458 r  clk_IBUF_inst/O
                         net (fo=1, routed)           1.967     3.425    clk_IBUF
    BUFGCTRL_X0Y0        BUFG (Prop_bufg_I_O)         0.096     3.521 r  clk_IBUF_BUFG_inst/O
                         net (fo=64, routed)          1.623     5.144    clk_IBUF_BUFG
    SLICE_X65Y61         FDPE                                         r  bit_ptr_reg[2]/C
  -------------------------------------------------------------------    -------------------
    SLICE_X65Y61         FDPE (Prop_fdpe_C_Q)         0.456     5.600 r  bit_ptr_reg[2]/Q
                         net (fo=7, routed)           1.546     7.146    bit_idx_OBUF[2]
    SLICE_X64Y43         LUT6 (Prop_lut6_I2_O)        0.124     7.270 r  nrz_out_OBUF_inst_i_3/O
                         net (fo=1, routed)           0.664     7.934    nrz_out_OBUF_inst_i_3_n_0
    SLICE_X64Y45         LUT6 (Prop_lut6_I1_O)        0.124     8.058 r  nrz_out_OBUF_inst_i_1/O
                         net (fo=7, routed)           1.648     9.706    tx_pmod_OBUF
    SLICE_X42Y50         FDRE                                         r  vga_g_reg[0]_lopt_replica_2/D
  -------------------------------------------------------------------    -------------------

                         (clock sys_clk_pin rise edge)
                                                     10.000    10.000 r  
    W5                                                0.000    10.000 r  clk (IN)
                         net (fo=0)                   0.000    10.000    clk
    W5                   IBUF (Prop_ibuf_I_O)         1.388    11.388 r  clk_IBUF_inst/O
                         net (fo=1, routed)           1.862    13.250    clk_IBUF
    BUFGCTRL_X0Y0        BUFG (Prop_bufg_I_O)         0.091    13.341 r  clk_IBUF_BUFG_inst/O
                         net (fo=64, routed)          1.438    14.779    clk_IBUF_BUFG
    SLICE_X42Y50         FDRE                                         r  vga_g_reg[0]_lopt_replica_2/C
                         clock pessimism              0.258    15.037    
                         clock uncertainty           -0.035    15.002    
    SLICE_X42Y50         FDRE (Setup_fdre_C_D)       -0.028    14.974    vga_g_reg[0]_lopt_replica_2
  -------------------------------------------------------------------
                         required time                         14.974    
                         arrival time                          -9.706    
  -------------------------------------------------------------------
                         slack                                  5.268    

Slack (MET) :             5.440ns  (required time - arrival time)
  Source:                 bit_ptr_reg[2]/C
                            (rising edge-triggered cell FDPE clocked by sys_clk_pin  {rise@0.000ns fall@5.000ns period=10.000ns})
  Destination:            vga_g_reg[0]_lopt_replica/D
                            (rising edge-triggered cell FDRE clocked by sys_clk_pin  {rise@0.000ns fall@5.000ns period=10.000ns})
  Path Group:             sys_clk_pin
  Path Type:              Setup (Max at Slow Process Corner)
  Requirement:            10.000ns  (sys_clk_pin rise@10.000ns - sys_clk_pin rise@0.000ns)
  Data Path Delay:        4.372ns  (logic 0.704ns (16.101%)  route 3.668ns (83.899%))
  Logic Levels:           2  (LUT6=2)
  Clock Path Skew:        -0.107ns (DCD - SCD + CPR)
    Destination Clock Delay (DCD):    4.779ns = ( 14.779 - 10.000 ) 
    Source Clock Delay      (SCD):    5.144ns
    Clock Pessimism Removal (CPR):    0.258ns
  Clock Uncertainty:      0.035ns  ((TSJ^2 + TIJ^2)^1/2 + DJ) / 2 + PE
    Total System Jitter     (TSJ):    0.071ns
    Total Input Jitter      (TIJ):    0.000ns
    Discrete Jitter          (DJ):    0.000ns
    Phase Error              (PE):    0.000ns

    Location             Delay type                Incr(ns)  Path(ns)    Netlist Resource(s)
  -------------------------------------------------------------------    -------------------
                         (clock sys_clk_pin rise edge)
                                                      0.000     0.000 r  
    W5                                                0.000     0.000 r  clk (IN)
                         net (fo=0)                   0.000     0.000    clk
    W5                   IBUF (Prop_ibuf_I_O)         1.458     1.458 r  clk_IBUF_inst/O
                         net (fo=1, routed)           1.967     3.425    clk_IBUF
    BUFGCTRL_X0Y0        BUFG (Prop_bufg_I_O)         0.096     3.521 r  clk_IBUF_BUFG_inst/O
                         net (fo=64, routed)          1.623     5.144    clk_IBUF_BUFG
    SLICE_X65Y61         FDPE                                         r  bit_ptr_reg[2]/C
  -------------------------------------------------------------------    -------------------
    SLICE_X65Y61         FDPE (Prop_fdpe_C_Q)         0.456     5.600 r  bit_ptr_reg[2]/Q
                         net (fo=7, routed)           1.546     7.146    bit_idx_OBUF[2]
    SLICE_X64Y43         LUT6 (Prop_lut6_I2_O)        0.124     7.270 r  nrz_out_OBUF_inst_i_3/O
                         net (fo=1, routed)           0.664     7.934    nrz_out_OBUF_inst_i_3_n_0
    SLICE_X64Y45         LUT6 (Prop_lut6_I1_O)        0.124     8.058 r  nrz_out_OBUF_inst_i_1/O
                         net (fo=7, routed)           1.459     9.516    tx_pmod_OBUF
    SLICE_X42Y50         FDRE                                         r  vga_g_reg[0]_lopt_replica/D
  -------------------------------------------------------------------    -------------------

                         (clock sys_clk_pin rise edge)
                                                     10.000    10.000 r  
    W5                                                0.000    10.000 r  clk (IN)
                         net (fo=0)                   0.000    10.000    clk
    W5                   IBUF (Prop_ibuf_I_O)         1.388    11.388 r  clk_IBUF_inst/O
                         net (fo=1, routed)           1.862    13.250    clk_IBUF
    BUFGCTRL_X0Y0        BUFG (Prop_bufg_I_O)         0.091    13.341 r  clk_IBUF_BUFG_inst/O
                         net (fo=64, routed)          1.438    14.779    clk_IBUF_BUFG
    SLICE_X42Y50         FDRE                                         r  vga_g_reg[0]_lopt_replica/C
                         clock pessimism              0.258    15.037    
                         clock uncertainty           -0.035    15.002    
    SLICE_X42Y50         FDRE (Setup_fdre_C_D)       -0.045    14.957    vga_g_reg[0]_lopt_replica
  -------------------------------------------------------------------
                         required time                         14.957    
                         arrival time                          -9.516    
  -------------------------------------------------------------------
                         slack                                  5.440    

Slack (MET) :             5.454ns  (required time - arrival time)
  Source:                 bit_ptr_reg[2]/C
                            (rising edge-triggered cell FDPE clocked by sys_clk_pin  {rise@0.000ns fall@5.000ns period=10.000ns})
  Destination:            vga_g_reg[0]/D
                            (rising edge-triggered cell FDRE clocked by sys_clk_pin  {rise@0.000ns fall@5.000ns period=10.000ns})
  Path Group:             sys_clk_pin
  Path Type:              Setup (Max at Slow Process Corner)
  Requirement:            10.000ns  (sys_clk_pin rise@10.000ns - sys_clk_pin rise@0.000ns)
  Data Path Delay:        4.372ns  (logic 0.704ns (16.101%)  route 3.668ns (83.899%))
  Logic Levels:           2  (LUT6=2)
  Clock Path Skew:        -0.107ns (DCD - SCD + CPR)
    Destination Clock Delay (DCD):    4.779ns = ( 14.779 - 10.000 ) 
    Source Clock Delay      (SCD):    5.144ns
    Clock Pessimism Removal (CPR):    0.258ns
  Clock Uncertainty:      0.035ns  ((TSJ^2 + TIJ^2)^1/2 + DJ) / 2 + PE
    Total System Jitter     (TSJ):    0.071ns
    Total Input Jitter      (TIJ):    0.000ns
    Discrete Jitter          (DJ):    0.000ns
    Phase Error              (PE):    0.000ns

    Location             Delay type                Incr(ns)  Path(ns)    Netlist Resource(s)
  -------------------------------------------------------------------    -------------------
                         (clock sys_clk_pin rise edge)
                                                      0.000     0.000 r  
    W5                                                0.000     0.000 r  clk (IN)
                         net (fo=0)                   0.000     0.000    clk
    W5                   IBUF (Prop_ibuf_I_O)         1.458     1.458 r  clk_IBUF_inst/O
                         net (fo=1, routed)           1.967     3.425    clk_IBUF
    BUFGCTRL_X0Y0        BUFG (Prop_bufg_I_O)         0.096     3.521 r  clk_IBUF_BUFG_inst/O
                         net (fo=64, routed)          1.623     5.144    clk_IBUF_BUFG
    SLICE_X65Y61         FDPE                                         r  bit_ptr_reg[2]/C
  -------------------------------------------------------------------    -------------------
    SLICE_X65Y61         FDPE (Prop_fdpe_C_Q)         0.456     5.600 r  bit_ptr_reg[2]/Q
                         net (fo=7, routed)           1.546     7.146    bit_idx_OBUF[2]
    SLICE_X64Y43         LUT6 (Prop_lut6_I2_O)        0.124     7.270 r  nrz_out_OBUF_inst_i_3/O
                         net (fo=1, routed)           0.664     7.934    nrz_out_OBUF_inst_i_3_n_0
    SLICE_X64Y45         LUT6 (Prop_lut6_I1_O)        0.124     8.058 r  nrz_out_OBUF_inst_i_1/O
                         net (fo=7, routed)           1.459     9.516    tx_pmod_OBUF
    SLICE_X42Y50         FDRE                                         r  vga_g_reg[0]/D
  -------------------------------------------------------------------    -------------------

                         (clock sys_clk_pin rise edge)
                                                     10.000    10.000 r  
    W5                                                0.000    10.000 r  clk (IN)
                         net (fo=0)                   0.000    10.000    clk
    W5                   IBUF (Prop_ibuf_I_O)         1.388    11.388 r  clk_IBUF_inst/O
                         net (fo=1, routed)           1.862    13.250    clk_IBUF
    BUFGCTRL_X0Y0        BUFG (Prop_bufg_I_O)         0.091    13.341 r  clk_IBUF_BUFG_inst/O
                         net (fo=64, routed)          1.438    14.779    clk_IBUF_BUFG
    SLICE_X42Y50         FDRE                                         r  vga_g_reg[0]/C
                         clock pessimism              0.258    15.037    
                         clock uncertainty           -0.035    15.002    
    SLICE_X42Y50         FDRE (Setup_fdre_C_D)       -0.031    14.971    vga_g_reg[0]
  -------------------------------------------------------------------
                         required time                         14.971    
                         arrival time                          -9.516    
  -------------------------------------------------------------------
                         slack                                  5.454    

Slack (MET) :             5.553ns  (required time - arrival time)
  Source:                 tick_counter_reg[23]/C
                            (rising edge-triggered cell FDCE clocked by sys_clk_pin  {rise@0.000ns fall@5.000ns period=10.000ns})
  Destination:            tick_counter_reg[25]/D
                            (rising edge-triggered cell FDCE clocked by sys_clk_pin  {rise@0.000ns fall@5.000ns period=10.000ns})
  Path Group:             sys_clk_pin
  Path Type:              Setup (Max at Slow Process Corner)
  Requirement:            10.000ns  (sys_clk_pin rise@10.000ns - sys_clk_pin rise@0.000ns)
  Data Path Delay:        4.501ns  (logic 2.187ns (48.591%)  route 2.314ns (51.409%))
  Logic Levels:           9  (CARRY4=7 LUT5=1 LUT6=1)
  Clock Path Skew:        -0.020ns (DCD - SCD + CPR)
    Destination Clock Delay (DCD):    4.838ns = ( 14.838 - 10.000 ) 
    Source Clock Delay      (SCD):    5.130ns
    Clock Pessimism Removal (CPR):    0.272ns
  Clock Uncertainty:      0.035ns  ((TSJ^2 + TIJ^2)^1/2 + DJ) / 2 + PE
    Total System Jitter     (TSJ):    0.071ns
    Total Input Jitter      (TIJ):    0.000ns
    Discrete Jitter          (DJ):    0.000ns
    Phase Error              (PE):    0.000ns

    Location             Delay type                Incr(ns)  Path(ns)    Netlist Resource(s)
  -------------------------------------------------------------------    -------------------
                         (clock sys_clk_pin rise edge)
                                                      0.000     0.000 r  
    W5                                                0.000     0.000 r  clk (IN)
                         net (fo=0)                   0.000     0.000    clk
    W5                   IBUF (Prop_ibuf_I_O)         1.458     1.458 r  clk_IBUF_inst/O
                         net (fo=1, routed)           1.967     3.425    clk_IBUF
    BUFGCTRL_X0Y0        BUFG (Prop_bufg_I_O)         0.096     3.521 r  clk_IBUF_BUFG_inst/O
                         net (fo=64, routed)          1.609     5.130    clk_IBUF_BUFG
    SLICE_X64Y77         FDCE                                         r  tick_counter_reg[23]/C
  -------------------------------------------------------------------    -------------------
    SLICE_X64Y77         FDCE (Prop_fdce_C_Q)         0.518     5.648 f  tick_counter_reg[23]/Q
                         net (fo=2, routed)           0.676     6.324    tick_counter_reg[23]
    SLICE_X65Y77         LUT5 (Prop_lut5_I0_O)        0.124     6.448 r  bit_ptr[3]_i_3/O
                         net (fo=28, routed)          1.629     8.077    bit_ptr[3]_i_3_n_0
    SLICE_X64Y72         LUT6 (Prop_lut6_I3_O)        0.124     8.201 r  tick_counter[0]_i_6/O
                         net (fo=1, routed)           0.000     8.201    tick_counter[0]_i_6_n_0
    SLICE_X64Y72         CARRY4 (Prop_carry4_S[0]_CO[3])
                                                      0.513     8.714 r  tick_counter_reg[0]_i_1/CO[3]
                         net (fo=1, routed)           0.000     8.714    tick_counter_reg[0]_i_1_n_0
    SLICE_X64Y73         CARRY4 (Prop_carry4_CI_CO[3])
                                                      0.117     8.831 r  tick_counter_reg[4]_i_1/CO[3]
                         net (fo=1, routed)           0.000     8.831    tick_counter_reg[4]_i_1_n_0
    SLICE_X64Y74         CARRY4 (Prop_carry4_CI_CO[3])
                                                      0.117     8.948 r  tick_counter_reg[8]_i_1/CO[3]
                         net (fo=1, routed)           0.009     8.957    tick_counter_reg[8]_i_1_n_0
    SLICE_X64Y75         CARRY4 (Prop_carry4_CI_CO[3])
                                                      0.117     9.074 r  tick_counter_reg[12]_i_1/CO[3]
                         net (fo=1, routed)           0.000     9.074    tick_counter_reg[12]_i_1_n_0
    SLICE_X64Y76         CARRY4 (Prop_carry4_CI_CO[3])
                                                      0.117     9.191 r  tick_counter_reg[16]_i_1/CO[3]
                         net (fo=1, routed)           0.000     9.191    tick_counter_reg[16]_i_1_n_0
    SLICE_X64Y77         CARRY4 (Prop_carry4_CI_CO[3])
                                                      0.117     9.308 r  tick_counter_reg[20]_i_1/CO[3]
                         net (fo=1, routed)           0.000     9.308    tick_counter_reg[20]_i_1_n_0
    SLICE_X64Y78         CARRY4 (Prop_carry4_CI_O[1])
                                                      0.323     9.631 r  tick_counter_reg[24]_i_1/O[1]
                         net (fo=1, routed)           0.000     9.631    tick_counter_reg[24]_i_1_n_6
    SLICE_X64Y78         FDCE                                         r  tick_counter_reg[25]/D
  -------------------------------------------------------------------    -------------------

                         (clock sys_clk_pin rise edge)
                                                     10.000    10.000 r  
    W5                                                0.000    10.000 r  clk (IN)
                         net (fo=0)                   0.000    10.000    clk
    W5                   IBUF (Prop_ibuf_I_O)         1.388    11.388 r  clk_IBUF_inst/O
                         net (fo=1, routed)           1.862    13.250    clk_IBUF
    BUFGCTRL_X0Y0        BUFG (Prop_bufg_I_O)         0.091    13.341 r  clk_IBUF_BUFG_inst/O
                         net (fo=64, routed)          1.497    14.838    clk_IBUF_BUFG
    SLICE_X64Y78         FDCE                                         r  tick_counter_reg[25]/C
                         clock pessimism              0.272    15.110    
                         clock uncertainty           -0.035    15.075    
    SLICE_X64Y78         FDCE (Setup_fdce_C_D)        0.109    15.184    tick_counter_reg[25]
  -------------------------------------------------------------------
                         required time                         15.184    
                         arrival time                          -9.631    
  -------------------------------------------------------------------
                         slack                                  5.553    

Slack (MET) :             5.637ns  (required time - arrival time)
  Source:                 tick_counter_reg[23]/C
                            (rising edge-triggered cell FDCE clocked by sys_clk_pin  {rise@0.000ns fall@5.000ns period=10.000ns})
  Destination:            tick_counter_reg[26]/D
                            (rising edge-triggered cell FDCE clocked by sys_clk_pin  {rise@0.000ns fall@5.000ns period=10.000ns})
  Path Group:             sys_clk_pin
  Path Type:              Setup (Max at Slow Process Corner)
  Requirement:            10.000ns  (sys_clk_pin rise@10.000ns - sys_clk_pin rise@0.000ns)
  Data Path Delay:        4.417ns  (logic 2.103ns (47.613%)  route 2.314ns (52.387%))
  Logic Levels:           9  (CARRY4=7 LUT5=1 LUT6=1)
  Clock Path Skew:        -0.020ns (DCD - SCD + CPR)
    Destination Clock Delay (DCD):    4.838ns = ( 14.838 - 10.000 ) 
    Source Clock Delay      (SCD):    5.130ns
    Clock Pessimism Removal (CPR):    0.272ns
  Clock Uncertainty:      0.035ns  ((TSJ^2 + TIJ^2)^1/2 + DJ) / 2 + PE
    Total System Jitter     (TSJ):    0.071ns
    Total Input Jitter      (TIJ):    0.000ns
    Discrete Jitter          (DJ):    0.000ns
    Phase Error              (PE):    0.000ns

    Location             Delay type                Incr(ns)  Path(ns)    Netlist Resource(s)
  -------------------------------------------------------------------    -------------------
                         (clock sys_clk_pin rise edge)
                                                      0.000     0.000 r  
    W5                                                0.000     0.000 r  clk (IN)
                         net (fo=0)                   0.000     0.000    clk
    W5                   IBUF (Prop_ibuf_I_O)         1.458     1.458 r  clk_IBUF_inst/O
                         net (fo=1, routed)           1.967     3.425    clk_IBUF
    BUFGCTRL_X0Y0        BUFG (Prop_bufg_I_O)         0.096     3.521 r  clk_IBUF_BUFG_inst/O
                         net (fo=64, routed)          1.609     5.130    clk_IBUF_BUFG
    SLICE_X64Y77         FDCE                                         r  tick_counter_reg[23]/C
  -------------------------------------------------------------------    -------------------
    SLICE_X64Y77         FDCE (Prop_fdce_C_Q)         0.518     5.648 f  tick_counter_reg[23]/Q
                         net (fo=2, routed)           0.676     6.324    tick_counter_reg[23]
    SLICE_X65Y77         LUT5 (Prop_lut5_I0_O)        0.124     6.448 r  bit_ptr[3]_i_3/O
                         net (fo=28, routed)          1.629     8.077    bit_ptr[3]_i_3_n_0
    SLICE_X64Y72         LUT6 (Prop_lut6_I3_O)        0.124     8.201 r  tick_counter[0]_i_6/O
                         net (fo=1, routed)           0.000     8.201    tick_counter[0]_i_6_n_0
    SLICE_X64Y72         CARRY4 (Prop_carry4_S[0]_CO[3])
                                                      0.513     8.714 r  tick_counter_reg[0]_i_1/CO[3]
                         net (fo=1, routed)           0.000     8.714    tick_counter_reg[0]_i_1_n_0
    SLICE_X64Y73         CARRY4 (Prop_carry4_CI_CO[3])
                                                      0.117     8.831 r  tick_counter_reg[4]_i_1/CO[3]
                         net (fo=1, routed)           0.000     8.831    tick_counter_reg[4]_i_1_n_0
    SLICE_X64Y74         CARRY4 (Prop_carry4_CI_CO[3])
                                                      0.117     8.948 r  tick_counter_reg[8]_i_1/CO[3]
                         net (fo=1, routed)           0.009     8.957    tick_counter_reg[8]_i_1_n_0
    SLICE_X64Y75         CARRY4 (Prop_carry4_CI_CO[3])
                                                      0.117     9.074 r  tick_counter_reg[12]_i_1/CO[3]
                         net (fo=1, routed)           0.000     9.074    tick_counter_reg[12]_i_1_n_0
    SLICE_X64Y76         CARRY4 (Prop_carry4_CI_CO[3])
                                                      0.117     9.191 r  tick_counter_reg[16]_i_1/CO[3]
                         net (fo=1, routed)           0.000     9.191    tick_counter_reg[16]_i_1_n_0
    SLICE_X64Y77         CARRY4 (Prop_carry4_CI_CO[3])
                                                      0.117     9.308 r  tick_counter_reg[20]_i_1/CO[3]
                         net (fo=1, routed)           0.000     9.308    tick_counter_reg[20]_i_1_n_0
    SLICE_X64Y78         CARRY4 (Prop_carry4_CI_O[2])
                                                      0.239     9.547 r  tick_counter_reg[24]_i_1/O[2]
                         net (fo=1, routed)           0.000     9.547    tick_counter_reg[24]_i_1_n_5
    SLICE_X64Y78         FDCE                                         r  tick_counter_reg[26]/D
  -------------------------------------------------------------------    -------------------

                         (clock sys_clk_pin rise edge)
                                                     10.000    10.000 r  
    W5                                                0.000    10.000 r  clk (IN)
                         net (fo=0)                   0.000    10.000    clk
    W5                   IBUF (Prop_ibuf_I_O)         1.388    11.388 r  clk_IBUF_inst/O
                         net (fo=1, routed)           1.862    13.250    clk_IBUF
    BUFGCTRL_X0Y0        BUFG (Prop_bufg_I_O)         0.091    13.341 r  clk_IBUF_BUFG_inst/O
                         net (fo=64, routed)          1.497    14.838    clk_IBUF_BUFG
    SLICE_X64Y78         FDCE                                         r  tick_counter_reg[26]/C
                         clock pessimism              0.272    15.110    
                         clock uncertainty           -0.035    15.075    
    SLICE_X64Y78         FDCE (Setup_fdce_C_D)        0.109    15.184    tick_counter_reg[26]
  -------------------------------------------------------------------
                         required time                         15.184    
                         arrival time                          -9.547    
  -------------------------------------------------------------------
                         slack                                  5.637    





Min Delay Paths
--------------------------------------------------------------------------------------
Slack (MET) :             0.192ns  (arrival time - required time)
  Source:                 h_cnt_reg[9]/C
                            (rising edge-triggered cell FDCE clocked by sys_clk_pin  {rise@0.000ns fall@5.000ns period=10.000ns})
  Destination:            h_cnt_reg[5]/D
                            (rising edge-triggered cell FDCE clocked by sys_clk_pin  {rise@0.000ns fall@5.000ns period=10.000ns})
  Path Group:             sys_clk_pin
  Path Type:              Hold (Min at Fast Process Corner)
  Requirement:            0.000ns  (sys_clk_pin rise@0.000ns - sys_clk_pin rise@0.000ns)
  Data Path Delay:        0.296ns  (logic 0.186ns (62.761%)  route 0.110ns (37.239%))
  Logic Levels:           1  (LUT6=1)
  Clock Path Skew:        0.013ns (DCD - SCD - CPR)
    Destination Clock Delay (DCD):    1.959ns
    Source Clock Delay      (SCD):    1.445ns
    Clock Pessimism Removal (CPR):    0.501ns

    Location             Delay type                Incr(ns)  Path(ns)    Netlist Resource(s)
  -------------------------------------------------------------------    -------------------
                         (clock sys_clk_pin rise edge)
                                                      0.000     0.000 r  
    W5                                                0.000     0.000 r  clk (IN)
                         net (fo=0)                   0.000     0.000    clk
    W5                   IBUF (Prop_ibuf_I_O)         0.226     0.226 r  clk_IBUF_inst/O
                         net (fo=1, routed)           0.631     0.858    clk_IBUF
    BUFGCTRL_X0Y0        BUFG (Prop_bufg_I_O)         0.026     0.884 r  clk_IBUF_BUFG_inst/O
                         net (fo=64, routed)          0.562     1.445    clk_IBUF_BUFG
    SLICE_X44Y56         FDCE                                         r  h_cnt_reg[9]/C
  -------------------------------------------------------------------    -------------------
    SLICE_X44Y56         FDCE (Prop_fdce_C_Q)         0.141     1.586 f  h_cnt_reg[9]/Q
                         net (fo=8, routed)           0.110     1.697    h_cnt_reg_n_0_[9]
    SLICE_X45Y56         LUT6 (Prop_lut6_I4_O)        0.045     1.742 r  h_cnt[5]_i_1/O
                         net (fo=1, routed)           0.000     1.742    h_cnt[5]
    SLICE_X45Y56         FDCE                                         r  h_cnt_reg[5]/D
  -------------------------------------------------------------------    -------------------

                         (clock sys_clk_pin rise edge)
                                                      0.000     0.000 r  
    W5                                                0.000     0.000 r  clk (IN)
                         net (fo=0)                   0.000     0.000    clk
    W5                   IBUF (Prop_ibuf_I_O)         0.414     0.414 r  clk_IBUF_inst/O
                         net (fo=1, routed)           0.685     1.099    clk_IBUF
    BUFGCTRL_X0Y0        BUFG (Prop_bufg_I_O)         0.029     1.128 r  clk_IBUF_BUFG_inst/O
                         net (fo=64, routed)          0.831     1.959    clk_IBUF_BUFG
    SLICE_X45Y56         FDCE                                         r  h_cnt_reg[5]/C
                         clock pessimism             -0.501     1.458    
    SLICE_X45Y56         FDCE (Hold_fdce_C_D)         0.091     1.549    h_cnt_reg[5]
  -------------------------------------------------------------------
                         required time                         -1.549    
                         arrival time                           1.742    
  -------------------------------------------------------------------
                         slack                                  0.192    

Slack (MET) :             0.222ns  (arrival time - required time)
  Source:                 h_cnt_reg[5]/C
                            (rising edge-triggered cell FDCE clocked by sys_clk_pin  {rise@0.000ns fall@5.000ns period=10.000ns})
  Destination:            h_cnt_reg[7]/D
                            (rising edge-triggered cell FDCE clocked by sys_clk_pin  {rise@0.000ns fall@5.000ns period=10.000ns})
  Path Group:             sys_clk_pin
  Path Type:              Hold (Min at Fast Process Corner)
  Requirement:            0.000ns  (sys_clk_pin rise@0.000ns - sys_clk_pin rise@0.000ns)
  Data Path Delay:        0.342ns  (logic 0.189ns (55.196%)  route 0.153ns (44.804%))
  Logic Levels:           1  (LUT4=1)
  Clock Path Skew:        0.013ns (DCD - SCD - CPR)
    Destination Clock Delay (DCD):    1.959ns
    Source Clock Delay      (SCD):    1.445ns
    Clock Pessimism Removal (CPR):    0.501ns

    Location             Delay type                Incr(ns)  Path(ns)    Netlist Resource(s)
  -------------------------------------------------------------------    -------------------
                         (clock sys_clk_pin rise edge)
                                                      0.000     0.000 r  
    W5                                                0.000     0.000 r  clk (IN)
                         net (fo=0)                   0.000     0.000    clk
    W5                   IBUF (Prop_ibuf_I_O)         0.226     0.226 r  clk_IBUF_inst/O
                         net (fo=1, routed)           0.631     0.858    clk_IBUF
    BUFGCTRL_X0Y0        BUFG (Prop_bufg_I_O)         0.026     0.884 r  clk_IBUF_BUFG_inst/O
                         net (fo=64, routed)          0.562     1.445    clk_IBUF_BUFG
    SLICE_X45Y56         FDCE                                         r  h_cnt_reg[5]/C
  -------------------------------------------------------------------    -------------------
    SLICE_X45Y56         FDCE (Prop_fdce_C_Q)         0.141     1.586 r  h_cnt_reg[5]/Q
                         net (fo=7, routed)           0.153     1.740    h_cnt_reg_n_0_[5]
    SLICE_X44Y56         LUT4 (Prop_lut4_I1_O)        0.048     1.788 r  h_cnt[7]_i_1/O
                         net (fo=1, routed)           0.000     1.788    h_cnt[7]
    SLICE_X44Y56         FDCE                                         r  h_cnt_reg[7]/D
  -------------------------------------------------------------------    -------------------

                         (clock sys_clk_pin rise edge)
                                                      0.000     0.000 r  
    W5                                                0.000     0.000 r  clk (IN)
                         net (fo=0)                   0.000     0.000    clk
    W5                   IBUF (Prop_ibuf_I_O)         0.414     0.414 r  clk_IBUF_inst/O
                         net (fo=1, routed)           0.685     1.099    clk_IBUF
    BUFGCTRL_X0Y0        BUFG (Prop_bufg_I_O)         0.029     1.128 r  clk_IBUF_BUFG_inst/O
                         net (fo=64, routed)          0.831     1.959    clk_IBUF_BUFG
    SLICE_X44Y56         FDCE                                         r  h_cnt_reg[7]/C
                         clock pessimism             -0.501     1.458    
    SLICE_X44Y56         FDCE (Hold_fdce_C_D)         0.107     1.565    h_cnt_reg[7]
  -------------------------------------------------------------------
                         required time                         -1.565    
                         arrival time                           1.788    
  -------------------------------------------------------------------
                         slack                                  0.222    

Slack (MET) :             0.235ns  (arrival time - required time)
  Source:                 h_cnt_reg[5]/C
                            (rising edge-triggered cell FDCE clocked by sys_clk_pin  {rise@0.000ns fall@5.000ns period=10.000ns})
  Destination:            h_cnt_reg[6]/D
                            (rising edge-triggered cell FDCE clocked by sys_clk_pin  {rise@0.000ns fall@5.000ns period=10.000ns})
  Path Group:             sys_clk_pin
  Path Type:              Hold (Min at Fast Process Corner)
  Requirement:            0.000ns  (sys_clk_pin rise@0.000ns - sys_clk_pin rise@0.000ns)
  Data Path Delay:        0.339ns  (logic 0.186ns (54.800%)  route 0.153ns (45.200%))
  Logic Levels:           1  (LUT3=1)
  Clock Path Skew:        0.013ns (DCD - SCD - CPR)
    Destination Clock Delay (DCD):    1.959ns
    Source Clock Delay      (SCD):    1.445ns
    Clock Pessimism Removal (CPR):    0.501ns

    Location             Delay type                Incr(ns)  Path(ns)    Netlist Resource(s)
  -------------------------------------------------------------------    -------------------
                         (clock sys_clk_pin rise edge)
                                                      0.000     0.000 r  
    W5                                                0.000     0.000 r  clk (IN)
                         net (fo=0)                   0.000     0.000    clk
    W5                   IBUF (Prop_ibuf_I_O)         0.226     0.226 r  clk_IBUF_inst/O
                         net (fo=1, routed)           0.631     0.858    clk_IBUF
    BUFGCTRL_X0Y0        BUFG (Prop_bufg_I_O)         0.026     0.884 r  clk_IBUF_BUFG_inst/O
                         net (fo=64, routed)          0.562     1.445    clk_IBUF_BUFG
    SLICE_X45Y56         FDCE                                         r  h_cnt_reg[5]/C
  -------------------------------------------------------------------    -------------------
    SLICE_X45Y56         FDCE (Prop_fdce_C_Q)         0.141     1.586 r  h_cnt_reg[5]/Q
                         net (fo=7, routed)           0.153     1.740    h_cnt_reg_n_0_[5]
    SLICE_X44Y56         LUT3 (Prop_lut3_I0_O)        0.045     1.785 r  h_cnt[6]_i_1/O
                         net (fo=1, routed)           0.000     1.785    h_cnt[6]
    SLICE_X44Y56         FDCE                                         r  h_cnt_reg[6]/D
  -------------------------------------------------------------------    -------------------

                         (clock sys_clk_pin rise edge)
                                                      0.000     0.000 r  
    W5                                                0.000     0.000 r  clk (IN)
                         net (fo=0)                   0.000     0.000    clk
    W5                   IBUF (Prop_ibuf_I_O)         0.414     0.414 r  clk_IBUF_inst/O
                         net (fo=1, routed)           0.685     1.099    clk_IBUF
    BUFGCTRL_X0Y0        BUFG (Prop_bufg_I_O)         0.029     1.128 r  clk_IBUF_BUFG_inst/O
                         net (fo=64, routed)          0.831     1.959    clk_IBUF_BUFG
    SLICE_X44Y56         FDCE                                         r  h_cnt_reg[6]/C
                         clock pessimism             -0.501     1.458    
    SLICE_X44Y56         FDCE (Hold_fdce_C_D)         0.091     1.549    h_cnt_reg[6]
  -------------------------------------------------------------------
                         required time                         -1.549    
                         arrival time                           1.785    
  -------------------------------------------------------------------
                         slack                                  0.235    

Slack (MET) :             0.235ns  (arrival time - required time)
  Source:                 h_cnt_reg[5]/C
                            (rising edge-triggered cell FDCE clocked by sys_clk_pin  {rise@0.000ns fall@5.000ns period=10.000ns})
  Destination:            h_cnt_reg[8]/D
                            (rising edge-triggered cell FDCE clocked by sys_clk_pin  {rise@0.000ns fall@5.000ns period=10.000ns})
  Path Group:             sys_clk_pin
  Path Type:              Hold (Min at Fast Process Corner)
  Requirement:            0.000ns  (sys_clk_pin rise@0.000ns - sys_clk_pin rise@0.000ns)
  Data Path Delay:        0.340ns  (logic 0.186ns (54.639%)  route 0.154ns (45.361%))
  Logic Levels:           1  (LUT6=1)
  Clock Path Skew:        0.013ns (DCD - SCD - CPR)
    Destination Clock Delay (DCD):    1.959ns
    Source Clock Delay      (SCD):    1.445ns
    Clock Pessimism Removal (CPR):    0.501ns

    Location             Delay type                Incr(ns)  Path(ns)    Netlist Resource(s)
  -------------------------------------------------------------------    -------------------
                         (clock sys_clk_pin rise edge)
                                                      0.000     0.000 r  
    W5                                                0.000     0.000 r  clk (IN)
                         net (fo=0)                   0.000     0.000    clk
    W5                   IBUF (Prop_ibuf_I_O)         0.226     0.226 r  clk_IBUF_inst/O
                         net (fo=1, routed)           0.631     0.858    clk_IBUF
    BUFGCTRL_X0Y0        BUFG (Prop_bufg_I_O)         0.026     0.884 r  clk_IBUF_BUFG_inst/O
                         net (fo=64, routed)          0.562     1.445    clk_IBUF_BUFG
    SLICE_X45Y56         FDCE                                         r  h_cnt_reg[5]/C
  -------------------------------------------------------------------    -------------------
    SLICE_X45Y56         FDCE (Prop_fdce_C_Q)         0.141     1.586 r  h_cnt_reg[5]/Q
                         net (fo=7, routed)           0.154     1.741    h_cnt_reg_n_0_[5]
    SLICE_X44Y56         LUT6 (Prop_lut6_I2_O)        0.045     1.786 r  h_cnt[8]_i_1/O
                         net (fo=1, routed)           0.000     1.786    h_cnt[8]
    SLICE_X44Y56         FDCE                                         r  h_cnt_reg[8]/D
  -------------------------------------------------------------------    -------------------

                         (clock sys_clk_pin rise edge)
                                                      0.000     0.000 r  
    W5                                                0.000     0.000 r  clk (IN)
                         net (fo=0)                   0.000     0.000    clk
    W5                   IBUF (Prop_ibuf_I_O)         0.414     0.414 r  clk_IBUF_inst/O
                         net (fo=1, routed)           0.685     1.099    clk_IBUF
    BUFGCTRL_X0Y0        BUFG (Prop_bufg_I_O)         0.029     1.128 r  clk_IBUF_BUFG_inst/O
                         net (fo=64, routed)          0.831     1.959    clk_IBUF_BUFG
    SLICE_X44Y56         FDCE                                         r  h_cnt_reg[8]/C
                         clock pessimism             -0.501     1.458    
    SLICE_X44Y56         FDCE (Hold_fdce_C_D)         0.092     1.550    h_cnt_reg[8]
  -------------------------------------------------------------------
                         required time                         -1.550    
                         arrival time                           1.786    
  -------------------------------------------------------------------
                         slack                                  0.235    

Slack (MET) :             0.257ns  (arrival time - required time)
  Source:                 v_cnt_reg[1]/C
                            (rising edge-triggered cell FDCE clocked by sys_clk_pin  {rise@0.000ns fall@5.000ns period=10.000ns})
  Destination:            v_cnt_reg[5]/D
                            (rising edge-triggered cell FDCE clocked by sys_clk_pin  {rise@0.000ns fall@5.000ns period=10.000ns})
  Path Group:             sys_clk_pin
  Path Type:              Hold (Min at Fast Process Corner)
  Requirement:            0.000ns  (sys_clk_pin rise@0.000ns - sys_clk_pin rise@0.000ns)
  Data Path Delay:        0.365ns  (logic 0.186ns (50.968%)  route 0.179ns (49.032%))
  Logic Levels:           1  (LUT6=1)
  Clock Path Skew:        0.016ns (DCD - SCD - CPR)
    Destination Clock Delay (DCD):    1.958ns
    Source Clock Delay      (SCD):    1.444ns
    Clock Pessimism Removal (CPR):    0.498ns

    Location             Delay type                Incr(ns)  Path(ns)    Netlist Resource(s)
  -------------------------------------------------------------------    -------------------
                         (clock sys_clk_pin rise edge)
                                                      0.000     0.000 r  
    W5                                                0.000     0.000 r  clk (IN)
                         net (fo=0)                   0.000     0.000    clk
    W5                   IBUF (Prop_ibuf_I_O)         0.226     0.226 r  clk_IBUF_inst/O
                         net (fo=1, routed)           0.631     0.858    clk_IBUF
    BUFGCTRL_X0Y0        BUFG (Prop_bufg_I_O)         0.026     0.884 r  clk_IBUF_BUFG_inst/O
                         net (fo=64, routed)          0.561     1.444    clk_IBUF_BUFG
    SLICE_X44Y57         FDCE                                         r  v_cnt_reg[1]/C
  -------------------------------------------------------------------    -------------------
    SLICE_X44Y57         FDCE (Prop_fdce_C_Q)         0.141     1.585 r  v_cnt_reg[1]/Q
                         net (fo=9, routed)           0.179     1.764    v_cnt_reg_n_0_[1]
    SLICE_X44Y58         LUT6 (Prop_lut6_I1_O)        0.045     1.809 r  v_cnt[5]_i_1/O
                         net (fo=1, routed)           0.000     1.809    v_cnt[5]
    SLICE_X44Y58         FDCE                                         r  v_cnt_reg[5]/D
  -------------------------------------------------------------------    -------------------

                         (clock sys_clk_pin rise edge)
                                                      0.000     0.000 r  
    W5                                                0.000     0.000 r  clk (IN)
                         net (fo=0)                   0.000     0.000    clk
    W5                   IBUF (Prop_ibuf_I_O)         0.414     0.414 r  clk_IBUF_inst/O
                         net (fo=1, routed)           0.685     1.099    clk_IBUF
    BUFGCTRL_X0Y0        BUFG (Prop_bufg_I_O)         0.029     1.128 r  clk_IBUF_BUFG_inst/O
                         net (fo=64, routed)          0.831     1.958    clk_IBUF_BUFG
    SLICE_X44Y58         FDCE                                         r  v_cnt_reg[5]/C
                         clock pessimism             -0.498     1.460    
    SLICE_X44Y58         FDCE (Hold_fdce_C_D)         0.092     1.552    v_cnt_reg[5]
  -------------------------------------------------------------------
                         required time                         -1.552    
                         arrival time                           1.809    
  -------------------------------------------------------------------
                         slack                                  0.257    

Slack (MET) :             0.259ns  (arrival time - required time)
  Source:                 bit_ptr_reg[2]/C
                            (rising edge-triggered cell FDPE clocked by sys_clk_pin  {rise@0.000ns fall@5.000ns period=10.000ns})
  Destination:            bit_ptr_reg[3]/D
                            (rising edge-triggered cell FDPE clocked by sys_clk_pin  {rise@0.000ns fall@5.000ns period=10.000ns})
  Path Group:             sys_clk_pin
  Path Type:              Hold (Min at Fast Process Corner)
  Requirement:            0.000ns  (sys_clk_pin rise@0.000ns - sys_clk_pin rise@0.000ns)
  Data Path Delay:        0.366ns  (logic 0.183ns (50.045%)  route 0.183ns (49.955%))
  Logic Levels:           1  (LUT4=1)
  Clock Path Skew:        0.000ns (DCD - SCD - CPR)
    Destination Clock Delay (DCD):    1.989ns
    Source Clock Delay      (SCD):    1.474ns
    Clock Pessimism Removal (CPR):    0.515ns

    Location             Delay type                Incr(ns)  Path(ns)    Netlist Resource(s)
  -------------------------------------------------------------------    -------------------
                         (clock sys_clk_pin rise edge)
                                                      0.000     0.000 r  
    W5                                                0.000     0.000 r  clk (IN)
                         net (fo=0)                   0.000     0.000    clk
    W5                   IBUF (Prop_ibuf_I_O)         0.226     0.226 r  clk_IBUF_inst/O
                         net (fo=1, routed)           0.631     0.858    clk_IBUF
    BUFGCTRL_X0Y0        BUFG (Prop_bufg_I_O)         0.026     0.884 r  clk_IBUF_BUFG_inst/O
                         net (fo=64, routed)          0.591     1.474    clk_IBUF_BUFG
    SLICE_X65Y61         FDPE                                         r  bit_ptr_reg[2]/C
  -------------------------------------------------------------------    -------------------
    SLICE_X65Y61         FDPE (Prop_fdpe_C_Q)         0.141     1.615 r  bit_ptr_reg[2]/Q
                         net (fo=7, routed)           0.183     1.798    bit_idx_OBUF[2]
    SLICE_X65Y61         LUT4 (Prop_lut4_I0_O)        0.042     1.840 r  bit_ptr[3]_i_2/O
                         net (fo=1, routed)           0.000     1.840    bit_ptr[3]_i_2_n_0
    SLICE_X65Y61         FDPE                                         r  bit_ptr_reg[3]/D
  -------------------------------------------------------------------    -------------------

                         (clock sys_clk_pin rise edge)
                                                      0.000     0.000 r  
    W5                                                0.000     0.000 r  clk (IN)
                         net (fo=0)                   0.000     0.000    clk
    W5                   IBUF (Prop_ibuf_I_O)         0.414     0.414 r  clk_IBUF_inst/O
                         net (fo=1, routed)           0.685     1.099    clk_IBUF
    BUFGCTRL_X0Y0        BUFG (Prop_bufg_I_O)         0.029     1.128 r  clk_IBUF_BUFG_inst/O
                         net (fo=64, routed)          0.861     1.989    clk_IBUF_BUFG
    SLICE_X65Y61         FDPE                                         r  bit_ptr_reg[3]/C
                         clock pessimism             -0.515     1.474    
    SLICE_X65Y61         FDPE (Hold_fdpe_C_D)         0.107     1.581    bit_ptr_reg[3]
  -------------------------------------------------------------------
                         required time                         -1.581    
                         arrival time                           1.840    
  -------------------------------------------------------------------
                         slack                                  0.259    

Slack (MET) :             0.261ns  (arrival time - required time)
  Source:                 v_cnt_reg[3]/C
                            (rising edge-triggered cell FDCE clocked by sys_clk_pin  {rise@0.000ns fall@5.000ns period=10.000ns})
  Destination:            v_cnt_reg[4]/D
                            (rising edge-triggered cell FDCE clocked by sys_clk_pin  {rise@0.000ns fall@5.000ns period=10.000ns})
  Path Group:             sys_clk_pin
  Path Type:              Hold (Min at Fast Process Corner)
  Requirement:            0.000ns  (sys_clk_pin rise@0.000ns - sys_clk_pin rise@0.000ns)
  Data Path Delay:        0.368ns  (logic 0.186ns (50.580%)  route 0.182ns (49.420%))
  Logic Levels:           1  (LUT5=1)
  Clock Path Skew:        0.016ns (DCD - SCD - CPR)
    Destination Clock Delay (DCD):    1.958ns
    Source Clock Delay      (SCD):    1.444ns
    Clock Pessimism Removal (CPR):    0.498ns

    Location             Delay type                Incr(ns)  Path(ns)    Netlist Resource(s)
  -------------------------------------------------------------------    -------------------
                         (clock sys_clk_pin rise edge)
                                                      0.000     0.000 r  
    W5                                                0.000     0.000 r  clk (IN)
                         net (fo=0)                   0.000     0.000    clk
    W5                   IBUF (Prop_ibuf_I_O)         0.226     0.226 r  clk_IBUF_inst/O
                         net (fo=1, routed)           0.631     0.858    clk_IBUF
    BUFGCTRL_X0Y0        BUFG (Prop_bufg_I_O)         0.026     0.884 r  clk_IBUF_BUFG_inst/O
                         net (fo=64, routed)          0.561     1.444    clk_IBUF_BUFG
    SLICE_X44Y57         FDCE                                         r  v_cnt_reg[3]/C
  -------------------------------------------------------------------    -------------------
    SLICE_X44Y57         FDCE (Prop_fdce_C_Q)         0.141     1.585 r  v_cnt_reg[3]/Q
                         net (fo=8, routed)           0.182     1.767    v_cnt_reg_n_0_[3]
    SLICE_X44Y58         LUT5 (Prop_lut5_I1_O)        0.045     1.812 r  v_cnt[4]_i_1/O
                         net (fo=1, routed)           0.000     1.812    v_cnt[4]
    SLICE_X44Y58         FDCE                                         r  v_cnt_reg[4]/D
  -------------------------------------------------------------------    -------------------

                         (clock sys_clk_pin rise edge)
                                                      0.000     0.000 r  
    W5                                                0.000     0.000 r  clk (IN)
                         net (fo=0)                   0.000     0.000    clk
    W5                   IBUF (Prop_ibuf_I_O)         0.414     0.414 r  clk_IBUF_inst/O
                         net (fo=1, routed)           0.685     1.099    clk_IBUF
    BUFGCTRL_X0Y0        BUFG (Prop_bufg_I_O)         0.029     1.128 r  clk_IBUF_BUFG_inst/O
                         net (fo=64, routed)          0.831     1.958    clk_IBUF_BUFG
    SLICE_X44Y58         FDCE                                         r  v_cnt_reg[4]/C
                         clock pessimism             -0.498     1.460    
    SLICE_X44Y58         FDCE (Hold_fdce_C_D)         0.091     1.551    v_cnt_reg[4]
  -------------------------------------------------------------------
                         required time                         -1.551    
                         arrival time                           1.812    
  -------------------------------------------------------------------
                         slack                                  0.261    

Slack (MET) :             0.264ns  (arrival time - required time)
  Source:                 v_cnt_reg[5]/C
                            (rising edge-triggered cell FDCE clocked by sys_clk_pin  {rise@0.000ns fall@5.000ns period=10.000ns})
  Destination:            v_cnt_reg[6]/D
                            (rising edge-triggered cell FDCE clocked by sys_clk_pin  {rise@0.000ns fall@5.000ns period=10.000ns})
  Path Group:             sys_clk_pin
  Path Type:              Hold (Min at Fast Process Corner)
  Requirement:            0.000ns  (sys_clk_pin rise@0.000ns - sys_clk_pin rise@0.000ns)
  Data Path Delay:        0.372ns  (logic 0.186ns (49.995%)  route 0.186ns (50.005%))
  Logic Levels:           1  (LUT3=1)
  Clock Path Skew:        0.016ns (DCD - SCD - CPR)
    Destination Clock Delay (DCD):    1.958ns
    Source Clock Delay      (SCD):    1.444ns
    Clock Pessimism Removal (CPR):    0.498ns

    Location             Delay type                Incr(ns)  Path(ns)    Netlist Resource(s)
  -------------------------------------------------------------------    -------------------
                         (clock sys_clk_pin rise edge)
                                                      0.000     0.000 r  
    W5                                                0.000     0.000 r  clk (IN)
                         net (fo=0)                   0.000     0.000    clk
    W5                   IBUF (Prop_ibuf_I_O)         0.226     0.226 r  clk_IBUF_inst/O
                         net (fo=1, routed)           0.631     0.858    clk_IBUF
    BUFGCTRL_X0Y0        BUFG (Prop_bufg_I_O)         0.026     0.884 r  clk_IBUF_BUFG_inst/O
                         net (fo=64, routed)          0.561     1.444    clk_IBUF_BUFG
    SLICE_X44Y58         FDCE                                         r  v_cnt_reg[5]/C
  -------------------------------------------------------------------    -------------------
    SLICE_X44Y58         FDCE (Prop_fdce_C_Q)         0.141     1.585 r  v_cnt_reg[5]/Q
                         net (fo=6, routed)           0.186     1.771    v_cnt_reg_n_0_[5]
    SLICE_X44Y59         LUT3 (Prop_lut3_I0_O)        0.045     1.816 r  v_cnt[6]_i_1/O
                         net (fo=1, routed)           0.000     1.816    v_cnt[6]
    SLICE_X44Y59         FDCE                                         r  v_cnt_reg[6]/D
  -------------------------------------------------------------------    -------------------

                         (clock sys_clk_pin rise edge)
                                                      0.000     0.000 r  
    W5                                                0.000     0.000 r  clk (IN)
                         net (fo=0)                   0.000     0.000    clk
    W5                   IBUF (Prop_ibuf_I_O)         0.414     0.414 r  clk_IBUF_inst/O
                         net (fo=1, routed)           0.685     1.099    clk_IBUF
    BUFGCTRL_X0Y0        BUFG (Prop_bufg_I_O)         0.029     1.128 r  clk_IBUF_BUFG_inst/O
                         net (fo=64, routed)          0.831     1.958    clk_IBUF_BUFG
    SLICE_X44Y59         FDCE                                         r  v_cnt_reg[6]/C
                         clock pessimism             -0.498     1.460    
    SLICE_X44Y59         FDCE (Hold_fdce_C_D)         0.092     1.552    v_cnt_reg[6]
  -------------------------------------------------------------------
                         required time                         -1.552    
                         arrival time                           1.816    
  -------------------------------------------------------------------
                         slack                                  0.264    

Slack (MET) :             0.272ns  (arrival time - required time)
  Source:                 h_cnt_reg[6]/C
                            (rising edge-triggered cell FDCE clocked by sys_clk_pin  {rise@0.000ns fall@5.000ns period=10.000ns})
  Destination:            h_cnt_reg[9]/D
                            (rising edge-triggered cell FDCE clocked by sys_clk_pin  {rise@0.000ns fall@5.000ns period=10.000ns})
  Path Group:             sys_clk_pin
  Path Type:              Hold (Min at Fast Process Corner)
  Requirement:            0.000ns  (sys_clk_pin rise@0.000ns - sys_clk_pin rise@0.000ns)
  Data Path Delay:        0.364ns  (logic 0.186ns (51.141%)  route 0.178ns (48.859%))
  Logic Levels:           1  (LUT6=1)
  Clock Path Skew:        0.000ns (DCD - SCD - CPR)
    Destination Clock Delay (DCD):    1.959ns
    Source Clock Delay      (SCD):    1.445ns
    Clock Pessimism Removal (CPR):    0.514ns

    Location             Delay type                Incr(ns)  Path(ns)    Netlist Resource(s)
  -------------------------------------------------------------------    -------------------
                         (clock sys_clk_pin rise edge)
                                                      0.000     0.000 r  
    W5                                                0.000     0.000 r  clk (IN)
                         net (fo=0)                   0.000     0.000    clk
    W5                   IBUF (Prop_ibuf_I_O)         0.226     0.226 r  clk_IBUF_inst/O
                         net (fo=1, routed)           0.631     0.858    clk_IBUF
    BUFGCTRL_X0Y0        BUFG (Prop_bufg_I_O)         0.026     0.884 r  clk_IBUF_BUFG_inst/O
                         net (fo=64, routed)          0.562     1.445    clk_IBUF_BUFG
    SLICE_X44Y56         FDCE                                         r  h_cnt_reg[6]/C
  -------------------------------------------------------------------    -------------------
    SLICE_X44Y56         FDCE (Prop_fdce_C_Q)         0.141     1.586 r  h_cnt_reg[6]/Q
                         net (fo=7, routed)           0.178     1.764    h_cnt_reg_n_0_[6]
    SLICE_X44Y56         LUT6 (Prop_lut6_I2_O)        0.045     1.809 r  h_cnt[9]_i_1/O
                         net (fo=1, routed)           0.000     1.809    h_cnt[9]
    SLICE_X44Y56         FDCE                                         r  h_cnt_reg[9]/D
  -------------------------------------------------------------------    -------------------

                         (clock sys_clk_pin rise edge)
                                                      0.000     0.000 r  
    W5                                                0.000     0.000 r  clk (IN)
                         net (fo=0)                   0.000     0.000    clk
    W5                   IBUF (Prop_ibuf_I_O)         0.414     0.414 r  clk_IBUF_inst/O
                         net (fo=1, routed)           0.685     1.099    clk_IBUF
    BUFGCTRL_X0Y0        BUFG (Prop_bufg_I_O)         0.029     1.128 r  clk_IBUF_BUFG_inst/O
                         net (fo=64, routed)          0.831     1.959    clk_IBUF_BUFG
    SLICE_X44Y56         FDCE                                         r  h_cnt_reg[9]/C
                         clock pessimism             -0.514     1.445    
    SLICE_X44Y56         FDCE (Hold_fdce_C_D)         0.092     1.537    h_cnt_reg[9]
  -------------------------------------------------------------------
                         required time                         -1.537    
                         arrival time                           1.809    
  -------------------------------------------------------------------
                         slack                                  0.272    

Slack (MET) :             0.278ns  (arrival time - required time)
  Source:                 bit_ptr_reg[2]/C
                            (rising edge-triggered cell FDPE clocked by sys_clk_pin  {rise@0.000ns fall@5.000ns period=10.000ns})
  Destination:            bit_ptr_reg[2]/D
                            (rising edge-triggered cell FDPE clocked by sys_clk_pin  {rise@0.000ns fall@5.000ns period=10.000ns})
  Path Group:             sys_clk_pin
  Path Type:              Hold (Min at Fast Process Corner)
  Requirement:            0.000ns  (sys_clk_pin rise@0.000ns - sys_clk_pin rise@0.000ns)
  Data Path Delay:        0.369ns  (logic 0.186ns (50.452%)  route 0.183ns (49.548%))
  Logic Levels:           1  (LUT3=1)
  Clock Path Skew:        0.000ns (DCD - SCD - CPR)
    Destination Clock Delay (DCD):    1.989ns
    Source Clock Delay      (SCD):    1.474ns
    Clock Pessimism Removal (CPR):    0.515ns

    Location             Delay type                Incr(ns)  Path(ns)    Netlist Resource(s)
  -------------------------------------------------------------------    -------------------
                         (clock sys_clk_pin rise edge)
                                                      0.000     0.000 r  
    W5                                                0.000     0.000 r  clk (IN)
                         net (fo=0)                   0.000     0.000    clk
    W5                   IBUF (Prop_ibuf_I_O)         0.226     0.226 r  clk_IBUF_inst/O
                         net (fo=1, routed)           0.631     0.858    clk_IBUF
    BUFGCTRL_X0Y0        BUFG (Prop_bufg_I_O)         0.026     0.884 r  clk_IBUF_BUFG_inst/O
                         net (fo=64, routed)          0.591     1.474    clk_IBUF_BUFG
    SLICE_X65Y61         FDPE                                         r  bit_ptr_reg[2]/C
  -------------------------------------------------------------------    -------------------
    SLICE_X65Y61         FDPE (Prop_fdpe_C_Q)         0.141     1.615 r  bit_ptr_reg[2]/Q
                         net (fo=7, routed)           0.183     1.798    bit_idx_OBUF[2]
    SLICE_X65Y61         LUT3 (Prop_lut3_I0_O)        0.045     1.843 r  bit_ptr[2]_i_1/O
                         net (fo=1, routed)           0.000     1.843    bit_ptr[2]_i_1_n_0
    SLICE_X65Y61         FDPE                                         r  bit_ptr_reg[2]/D
  -------------------------------------------------------------------    -------------------

                         (clock sys_clk_pin rise edge)
                                                      0.000     0.000 r  
    W5                                                0.000     0.000 r  clk (IN)
                         net (fo=0)                   0.000     0.000    clk
    W5                   IBUF (Prop_ibuf_I_O)         0.414     0.414 r  clk_IBUF_inst/O
                         net (fo=1, routed)           0.685     1.099    clk_IBUF
    BUFGCTRL_X0Y0        BUFG (Prop_bufg_I_O)         0.029     1.128 r  clk_IBUF_BUFG_inst/O
                         net (fo=64, routed)          0.861     1.989    clk_IBUF_BUFG
    SLICE_X65Y61         FDPE                                         r  bit_ptr_reg[2]/C
                         clock pessimism             -0.515     1.474    
    SLICE_X65Y61         FDPE (Hold_fdpe_C_D)         0.091     1.565    bit_ptr_reg[2]
  -------------------------------------------------------------------
                         required time                         -1.565    
                         arrival time                           1.843    
  -------------------------------------------------------------------
                         slack                                  0.278    





Pulse Width Checks
--------------------------------------------------------------------------------------
Clock Name:         sys_clk_pin
Waveform(ns):       { 0.000 5.000 }
Period(ns):         10.000
Sources:            { clk }

Check Type        Corner  Lib Pin  Reference Pin  Required(ns)  Actual(ns)  Slack(ns)  Location       Pin
Min Period        n/a     BUFG/I   n/a            2.155         10.000      7.845      BUFGCTRL_X0Y0  clk_IBUF_BUFG_inst/I
Min Period        n/a     FDPE/C   n/a            1.000         10.000      9.000      SLICE_X65Y71   bit_ptr_reg[0]/C
Min Period        n/a     FDPE/C   n/a            1.000         10.000      9.000      SLICE_X65Y71   bit_ptr_reg[1]/C
Min Period        n/a     FDPE/C   n/a            1.000         10.000      9.000      SLICE_X65Y61   bit_ptr_reg[2]/C
Min Period        n/a     FDPE/C   n/a            1.000         10.000      9.000      SLICE_X65Y61   bit_ptr_reg[3]/C
Min Period        n/a     FDRE/C   n/a            1.000         10.000      9.000      SLICE_X46Y57   clk_div25_reg[0]/C
Min Period        n/a     FDRE/C   n/a            1.000         10.000      9.000      SLICE_X46Y57   clk_div25_reg[1]/C
Min Period        n/a     FDCE/C   n/a            1.000         10.000      9.000      SLICE_X46Y56   h_cnt_reg[0]/C
Min Period        n/a     FDCE/C   n/a            1.000         10.000      9.000      SLICE_X46Y56   h_cnt_reg[1]/C
Min Period        n/a     FDCE/C   n/a            1.000         10.000      9.000      SLICE_X46Y56   h_cnt_reg[2]/C
Low Pulse Width   Slow    FDPE/C   n/a            0.500         5.000       4.500      SLICE_X65Y71   bit_ptr_reg[0]/C
Low Pulse Width   Fast    FDPE/C   n/a            0.500         5.000       4.500      SLICE_X65Y71   bit_ptr_reg[0]/C
Low Pulse Width   Slow    FDPE/C   n/a            0.500         5.000       4.500      SLICE_X65Y71   bit_ptr_reg[1]/C
Low Pulse Width   Fast    FDPE/C   n/a            0.500         5.000       4.500      SLICE_X65Y71   bit_ptr_reg[1]/C
Low Pulse Width   Slow    FDPE/C   n/a            0.500         5.000       4.500      SLICE_X65Y61   bit_ptr_reg[2]/C
Low Pulse Width   Fast    FDPE/C   n/a            0.500         5.000       4.500      SLICE_X65Y61   bit_ptr_reg[2]/C
Low Pulse Width   Slow    FDPE/C   n/a            0.500         5.000       4.500      SLICE_X65Y61   bit_ptr_reg[3]/C
Low Pulse Width   Fast    FDPE/C   n/a            0.500         5.000       4.500      SLICE_X65Y61   bit_ptr_reg[3]/C
Low Pulse Width   Slow    FDRE/C   n/a            0.500         5.000       4.500      SLICE_X46Y57   clk_div25_reg[0]/C
Low Pulse Width   Fast    FDRE/C   n/a            0.500         5.000       4.500      SLICE_X46Y57   clk_div25_reg[0]/C
High Pulse Width  Slow    FDPE/C   n/a            0.500         5.000       4.500      SLICE_X65Y71   bit_ptr_reg[0]/C
High Pulse Width  Fast    FDPE/C   n/a            0.500         5.000       4.500      SLICE_X65Y71   bit_ptr_reg[0]/C
High Pulse Width  Slow    FDPE/C   n/a            0.500         5.000       4.500      SLICE_X65Y71   bit_ptr_reg[1]/C
High Pulse Width  Fast    FDPE/C   n/a            0.500         5.000       4.500      SLICE_X65Y71   bit_ptr_reg[1]/C
High Pulse Width  Slow    FDPE/C   n/a            0.500         5.000       4.500      SLICE_X65Y61   bit_ptr_reg[2]/C
High Pulse Width  Fast    FDPE/C   n/a            0.500         5.000       4.500      SLICE_X65Y61   bit_ptr_reg[2]/C
High Pulse Width  Slow    FDPE/C   n/a            0.500         5.000       4.500      SLICE_X65Y61   bit_ptr_reg[3]/C
High Pulse Width  Fast    FDPE/C   n/a            0.500         5.000       4.500      SLICE_X65Y61   bit_ptr_reg[3]/C
High Pulse Width  Slow    FDRE/C   n/a            0.500         5.000       4.500      SLICE_X46Y57   clk_div25_reg[0]/C
High Pulse Width  Fast    FDRE/C   n/a            0.500         5.000       4.500      SLICE_X46Y57   clk_div25_reg[0]/C



--------------------------------------------------------------------------------------
Path Group:  (none)
From Clock:  
  To Clock:  

Max Delay             2 Endpoints
Min Delay             2 Endpoints
--------------------------------------------------------------------------------------


Max Delay Paths
--------------------------------------------------------------------------------------
Slack:                    inf
  Source:                 data_in[5]
                            (input port)
  Destination:            nrz_out
                            (output port)
  Path Group:             (none)
  Path Type:              Max at Slow Process Corner
  Data Path Delay:        15.189ns  (logic 5.219ns (34.358%)  route 9.971ns (65.642%))
  Logic Levels:           4  (IBUF=1 LUT6=2 OBUF=1)

    Location             Delay type                Incr(ns)  Path(ns)    Netlist Resource(s)
  -------------------------------------------------------------------    -------------------
    V15                                               0.000     0.000 r  data_in[5] (IN)
                         net (fo=0)                   0.000     0.000    data_in[5]
    V15                  IBUF (Prop_ibuf_I_O)         1.466     1.466 r  data_in_IBUF[5]_inst/O
                         net (fo=1, routed)           4.275     5.741    data_in_IBUF[5]
    SLICE_X64Y43         LUT6 (Prop_lut6_I1_O)        0.124     5.865 r  nrz_out_OBUF_inst_i_3/O
                         net (fo=1, routed)           0.664     6.528    nrz_out_OBUF_inst_i_3_n_0
    SLICE_X64Y45         LUT6 (Prop_lut6_I1_O)        0.124     6.652 r  nrz_out_OBUF_inst_i_1/O
                         net (fo=7, routed)           5.032    11.685    tx_pmod_OBUF
    U16                  OBUF (Prop_obuf_I_O)         3.505    15.189 r  nrz_out_OBUF_inst/O
                         net (fo=0)                   0.000    15.189    nrz_out
    U16                                                               r  nrz_out (OUT)
  -------------------------------------------------------------------    -------------------

Slack:                    inf
  Source:                 data_in[5]
                            (input port)
  Destination:            tx_pmod
                            (output port)
  Path Group:             (none)
  Path Type:              Max at Slow Process Corner
  Data Path Delay:        12.946ns  (logic 5.219ns (40.315%)  route 7.726ns (59.685%))
  Logic Levels:           4  (IBUF=1 LUT6=2 OBUF=1)

    Location             Delay type                Incr(ns)  Path(ns)    Netlist Resource(s)
  -------------------------------------------------------------------    -------------------
    V15                                               0.000     0.000 r  data_in[5] (IN)
                         net (fo=0)                   0.000     0.000    data_in[5]
    V15                  IBUF (Prop_ibuf_I_O)         1.466     1.466 r  data_in_IBUF[5]_inst/O
                         net (fo=1, routed)           4.275     5.741    data_in_IBUF[5]
    SLICE_X64Y43         LUT6 (Prop_lut6_I1_O)        0.124     5.865 r  nrz_out_OBUF_inst_i_3/O
                         net (fo=1, routed)           0.664     6.528    nrz_out_OBUF_inst_i_3_n_0
    SLICE_X64Y45         LUT6 (Prop_lut6_I1_O)        0.124     6.652 r  nrz_out_OBUF_inst_i_1/O
                         net (fo=7, routed)           2.788     9.441    tx_pmod_OBUF
    J1                   OBUF (Prop_obuf_I_O)         3.505    12.946 r  tx_pmod_OBUF_inst/O
                         net (fo=0)                   0.000    12.946    tx_pmod
    J1                                                                r  tx_pmod (OUT)
  -------------------------------------------------------------------    -------------------





Min Delay Paths
--------------------------------------------------------------------------------------
Slack:                    inf
  Source:                 data_in[15]
                            (input port)
  Destination:            tx_pmod
                            (output port)
  Path Group:             (none)
  Path Type:              Min at Fast Process Corner
  Data Path Delay:        2.839ns  (logic 1.520ns (53.546%)  route 1.319ns (46.454%))
  Logic Levels:           4  (IBUF=1 LUT6=2 OBUF=1)

    Location             Delay type                Incr(ns)  Path(ns)    Netlist Resource(s)
  -------------------------------------------------------------------    -------------------
    R2                                                0.000     0.000 r  data_in[15] (IN)
                         net (fo=0)                   0.000     0.000    data_in[15]
    R2                   IBUF (Prop_ibuf_I_O)         0.224     0.224 r  data_in_IBUF[15]_inst/O
                         net (fo=1, routed)           0.406     0.630    data_in_IBUF[15]
    SLICE_X64Y45         LUT6 (Prop_lut6_I0_O)        0.045     0.675 r  nrz_out_OBUF_inst_i_2/O
                         net (fo=1, routed)           0.140     0.815    nrz_out_OBUF_inst_i_2_n_0
    SLICE_X64Y45         LUT6 (Prop_lut6_I0_O)        0.045     0.860 r  nrz_out_OBUF_inst_i_1/O
                         net (fo=7, routed)           0.773     1.633    tx_pmod_OBUF
    J1                   OBUF (Prop_obuf_I_O)         1.206     2.839 r  tx_pmod_OBUF_inst/O
                         net (fo=0)                   0.000     2.839    tx_pmod
    J1                                                                r  tx_pmod (OUT)
  -------------------------------------------------------------------    -------------------

Slack:                    inf
  Source:                 data_in[15]
                            (input port)
  Destination:            nrz_out
                            (output port)
  Path Group:             (none)
  Path Type:              Min at Fast Process Corner
  Data Path Delay:        4.047ns  (logic 1.520ns (37.560%)  route 2.527ns (62.440%))
  Logic Levels:           4  (IBUF=1 LUT6=2 OBUF=1)

    Location             Delay type                Incr(ns)  Path(ns)    Netlist Resource(s)
  -------------------------------------------------------------------    -------------------
    R2                                                0.000     0.000 r  data_in[15] (IN)
                         net (fo=0)                   0.000     0.000    data_in[15]
    R2                   IBUF (Prop_ibuf_I_O)         0.224     0.224 r  data_in_IBUF[15]_inst/O
                         net (fo=1, routed)           0.406     0.630    data_in_IBUF[15]
    SLICE_X64Y45         LUT6 (Prop_lut6_I0_O)        0.045     0.675 r  nrz_out_OBUF_inst_i_2/O
                         net (fo=1, routed)           0.140     0.815    nrz_out_OBUF_inst_i_2_n_0
    SLICE_X64Y45         LUT6 (Prop_lut6_I0_O)        0.045     0.860 r  nrz_out_OBUF_inst_i_1/O
                         net (fo=7, routed)           1.981     2.841    tx_pmod_OBUF
    U16                  OBUF (Prop_obuf_I_O)         1.206     4.047 r  nrz_out_OBUF_inst/O
                         net (fo=0)                   0.000     4.047    nrz_out
    U16                                                               r  nrz_out (OUT)
  -------------------------------------------------------------------    -------------------





--------------------------------------------------------------------------------------
Path Group:  (none)
From Clock:  sys_clk_pin
  To Clock:  

Max Delay            16 Endpoints
Min Delay            16 Endpoints
--------------------------------------------------------------------------------------


Max Delay Paths
--------------------------------------------------------------------------------------
Slack:                    inf
  Source:                 bit_ptr_reg[2]/C
                            (rising edge-triggered cell FDPE clocked by sys_clk_pin  {rise@0.000ns fall@5.000ns period=10.000ns})
  Destination:            nrz_out
                            (output port)
  Path Group:             (none)
  Path Type:              Max at Slow Process Corner
  Data Path Delay:        11.451ns  (logic 4.209ns (36.756%)  route 7.242ns (63.244%))
  Logic Levels:           3  (LUT6=2 OBUF=1)
  Clock Uncertainty:      0.025ns  ((TSJ^2 + TIJ^2)^1/2 + DJ) / 2 + PE
    Total System Jitter     (TSJ):    0.050ns
    Total Input Jitter      (TIJ):    0.000ns
    Discrete Jitter          (DJ):    0.000ns
    Phase Error              (PE):    0.000ns

    Location             Delay type                Incr(ns)  Path(ns)    Netlist Resource(s)
  -------------------------------------------------------------------    -------------------
                         (clock sys_clk_pin rise edge)
                                                      0.000     0.000 r  
    W5                                                0.000     0.000 r  clk (IN)
                         net (fo=0)                   0.000     0.000    clk
    W5                   IBUF (Prop_ibuf_I_O)         1.458     1.458 r  clk_IBUF_inst/O
                         net (fo=1, routed)           1.967     3.425    clk_IBUF
    BUFGCTRL_X0Y0        BUFG (Prop_bufg_I_O)         0.096     3.521 r  clk_IBUF_BUFG_inst/O
                         net (fo=64, routed)          1.623     5.144    clk_IBUF_BUFG
    SLICE_X65Y61         FDPE                                         r  bit_ptr_reg[2]/C
  -------------------------------------------------------------------    -------------------
    SLICE_X65Y61         FDPE (Prop_fdpe_C_Q)         0.456     5.600 r  bit_ptr_reg[2]/Q
                         net (fo=7, routed)           1.546     7.146    bit_idx_OBUF[2]
    SLICE_X64Y43         LUT6 (Prop_lut6_I2_O)        0.124     7.270 r  nrz_out_OBUF_inst_i_3/O
                         net (fo=1, routed)           0.664     7.934    nrz_out_OBUF_inst_i_3_n_0
    SLICE_X64Y45         LUT6 (Prop_lut6_I1_O)        0.124     8.058 r  nrz_out_OBUF_inst_i_1/O
                         net (fo=7, routed)           5.032    13.090    tx_pmod_OBUF
    U16                  OBUF (Prop_obuf_I_O)         3.505    16.595 r  nrz_out_OBUF_inst/O
                         net (fo=0)                   0.000    16.595    nrz_out
    U16                                                               r  nrz_out (OUT)
  -------------------------------------------------------------------    -------------------

Slack:                    inf
  Source:                 bit_ptr_reg[2]/C
                            (rising edge-triggered cell FDPE clocked by sys_clk_pin  {rise@0.000ns fall@5.000ns period=10.000ns})
  Destination:            tx_pmod
                            (output port)
  Path Group:             (none)
  Path Type:              Max at Slow Process Corner
  Data Path Delay:        9.207ns  (logic 4.209ns (45.716%)  route 4.998ns (54.284%))
  Logic Levels:           3  (LUT6=2 OBUF=1)
  Clock Uncertainty:      0.025ns  ((TSJ^2 + TIJ^2)^1/2 + DJ) / 2 + PE
    Total System Jitter     (TSJ):    0.050ns
    Total Input Jitter      (TIJ):    0.000ns
    Discrete Jitter          (DJ):    0.000ns
    Phase Error              (PE):    0.000ns

    Location             Delay type                Incr(ns)  Path(ns)    Netlist Resource(s)
  -------------------------------------------------------------------    -------------------
                         (clock sys_clk_pin rise edge)
                                                      0.000     0.000 r  
    W5                                                0.000     0.000 r  clk (IN)
                         net (fo=0)                   0.000     0.000    clk
    W5                   IBUF (Prop_ibuf_I_O)         1.458     1.458 r  clk_IBUF_inst/O
                         net (fo=1, routed)           1.967     3.425    clk_IBUF
    BUFGCTRL_X0Y0        BUFG (Prop_bufg_I_O)         0.096     3.521 r  clk_IBUF_BUFG_inst/O
                         net (fo=64, routed)          1.623     5.144    clk_IBUF_BUFG
    SLICE_X65Y61         FDPE                                         r  bit_ptr_reg[2]/C
  -------------------------------------------------------------------    -------------------
    SLICE_X65Y61         FDPE (Prop_fdpe_C_Q)         0.456     5.600 r  bit_ptr_reg[2]/Q
                         net (fo=7, routed)           1.546     7.146    bit_idx_OBUF[2]
    SLICE_X64Y43         LUT6 (Prop_lut6_I2_O)        0.124     7.270 r  nrz_out_OBUF_inst_i_3/O
                         net (fo=1, routed)           0.664     7.934    nrz_out_OBUF_inst_i_3_n_0
    SLICE_X64Y45         LUT6 (Prop_lut6_I1_O)        0.124     8.058 r  nrz_out_OBUF_inst_i_1/O
                         net (fo=7, routed)           2.788    10.846    tx_pmod_OBUF
    J1                   OBUF (Prop_obuf_I_O)         3.505    14.351 r  tx_pmod_OBUF_inst/O
                         net (fo=0)                   0.000    14.351    tx_pmod
    J1                                                                r  tx_pmod (OUT)
  -------------------------------------------------------------------    -------------------

Slack:                    inf
  Source:                 vga_hs_reg/C
                            (rising edge-triggered cell FDRE clocked by sys_clk_pin  {rise@0.000ns fall@5.000ns period=10.000ns})
  Destination:            vga_hs
                            (output port)
  Path Group:             (none)
  Path Type:              Max at Slow Process Corner
  Data Path Delay:        7.363ns  (logic 3.953ns (53.682%)  route 3.410ns (46.318%))
  Logic Levels:           1  (OBUF=1)
  Clock Uncertainty:      0.025ns  ((TSJ^2 + TIJ^2)^1/2 + DJ) / 2 + PE
    Total System Jitter     (TSJ):    0.050ns
    Total Input Jitter      (TIJ):    0.000ns
    Discrete Jitter          (DJ):    0.000ns
    Phase Error              (PE):    0.000ns

    Location             Delay type                Incr(ns)  Path(ns)    Netlist Resource(s)
  -------------------------------------------------------------------    -------------------
                         (clock sys_clk_pin rise edge)
                                                      0.000     0.000 r  
    W5                                                0.000     0.000 r  clk (IN)
                         net (fo=0)                   0.000     0.000    clk
    W5                   IBUF (Prop_ibuf_I_O)         1.458     1.458 r  clk_IBUF_inst/O
                         net (fo=1, routed)           1.967     3.425    clk_IBUF
    BUFGCTRL_X0Y0        BUFG (Prop_bufg_I_O)         0.096     3.521 r  clk_IBUF_BUFG_inst/O
                         net (fo=64, routed)          1.555     5.076    clk_IBUF_BUFG
    SLICE_X44Y54         FDRE                                         r  vga_hs_reg/C
  -------------------------------------------------------------------    -------------------
    SLICE_X44Y54         FDRE (Prop_fdre_C_Q)         0.456     5.532 r  vga_hs_reg/Q
                         net (fo=1, routed)           3.410     8.942    vga_hs_OBUF
    P19                  OBUF (Prop_obuf_I_O)         3.497    12.439 r  vga_hs_OBUF_inst/O
                         net (fo=0)                   0.000    12.439    vga_hs
    P19                                                               r  vga_hs (OUT)
  -------------------------------------------------------------------    -------------------

Slack:                    inf
  Source:                 vga_vs_reg/C
                            (rising edge-triggered cell FDRE clocked by sys_clk_pin  {rise@0.000ns fall@5.000ns period=10.000ns})
  Destination:            vga_vs
                            (output port)
  Path Group:             (none)
  Path Type:              Max at Slow Process Corner
  Data Path Delay:        7.356ns  (logic 3.959ns (53.824%)  route 3.397ns (46.176%))
  Logic Levels:           1  (OBUF=1)
  Clock Uncertainty:      0.025ns  ((TSJ^2 + TIJ^2)^1/2 + DJ) / 2 + PE
    Total System Jitter     (TSJ):    0.050ns
    Total Input Jitter      (TIJ):    0.000ns
    Discrete Jitter          (DJ):    0.000ns
    Phase Error              (PE):    0.000ns

    Location             Delay type                Incr(ns)  Path(ns)    Netlist Resource(s)
  -------------------------------------------------------------------    -------------------
                         (clock sys_clk_pin rise edge)
                                                      0.000     0.000 r  
    W5                                                0.000     0.000 r  clk (IN)
                         net (fo=0)                   0.000     0.000    clk
    W5                   IBUF (Prop_ibuf_I_O)         1.458     1.458 r  clk_IBUF_inst/O
                         net (fo=1, routed)           1.967     3.425    clk_IBUF
    BUFGCTRL_X0Y0        BUFG (Prop_bufg_I_O)         0.096     3.521 r  clk_IBUF_BUFG_inst/O
                         net (fo=64, routed)          1.556     5.077    clk_IBUF_BUFG
    SLICE_X44Y52         FDRE                                         r  vga_vs_reg/C
  -------------------------------------------------------------------    -------------------
    SLICE_X44Y52         FDRE (Prop_fdre_C_Q)         0.456     5.533 r  vga_vs_reg/Q
                         net (fo=1, routed)           3.397     8.930    vga_vs_OBUF
    R19                  OBUF (Prop_obuf_I_O)         3.503    12.433 r  vga_vs_OBUF_inst/O
                         net (fo=0)                   0.000    12.433    vga_vs
    R19                                                               r  vga_vs (OUT)
  -------------------------------------------------------------------    -------------------

Slack:                    inf
  Source:                 vga_g_reg[0]_lopt_replica/C
                            (rising edge-triggered cell FDRE clocked by sys_clk_pin  {rise@0.000ns fall@5.000ns period=10.000ns})
  Destination:            vga_g[0]
                            (output port)
  Path Group:             (none)
  Path Type:              Max at Slow Process Corner
  Data Path Delay:        7.188ns  (logic 4.039ns (56.187%)  route 3.149ns (43.813%))
  Logic Levels:           1  (OBUF=1)
  Clock Uncertainty:      0.025ns  ((TSJ^2 + TIJ^2)^1/2 + DJ) / 2 + PE
    Total System Jitter     (TSJ):    0.050ns
    Total Input Jitter      (TIJ):    0.000ns
    Discrete Jitter          (DJ):    0.000ns
    Phase Error              (PE):    0.000ns

    Location             Delay type                Incr(ns)  Path(ns)    Netlist Resource(s)
  -------------------------------------------------------------------    -------------------
                         (clock sys_clk_pin rise edge)
                                                      0.000     0.000 r  
    W5                                                0.000     0.000 r  clk (IN)
                         net (fo=0)                   0.000     0.000    clk
    W5                   IBUF (Prop_ibuf_I_O)         1.458     1.458 r  clk_IBUF_inst/O
                         net (fo=1, routed)           1.967     3.425    clk_IBUF
    BUFGCTRL_X0Y0        BUFG (Prop_bufg_I_O)         0.096     3.521 r  clk_IBUF_BUFG_inst/O
                         net (fo=64, routed)          1.555     5.076    clk_IBUF_BUFG
    SLICE_X42Y50         FDRE                                         r  vga_g_reg[0]_lopt_replica/C
  -------------------------------------------------------------------    -------------------
    SLICE_X42Y50         FDRE (Prop_fdre_C_Q)         0.518     5.594 r  vga_g_reg[0]_lopt_replica/Q
                         net (fo=1, routed)           3.149     8.743    vga_g_reg[0]_lopt_replica_1
    J17                  OBUF (Prop_obuf_I_O)         3.521    12.264 r  vga_g_OBUF[0]_inst/O
                         net (fo=0)                   0.000    12.264    vga_g[0]
    J17                                                               r  vga_g[0] (OUT)
  -------------------------------------------------------------------    -------------------

Slack:                    inf
  Source:                 vga_r_reg[0]/C
                            (rising edge-triggered cell FDRE clocked by sys_clk_pin  {rise@0.000ns fall@5.000ns period=10.000ns})
  Destination:            vga_r[3]
                            (output port)
  Path Group:             (none)
  Path Type:              Max at Slow Process Corner
  Data Path Delay:        7.052ns  (logic 3.958ns (56.130%)  route 3.094ns (43.870%))
  Logic Levels:           1  (OBUF=1)
  Clock Uncertainty:      0.025ns  ((TSJ^2 + TIJ^2)^1/2 + DJ) / 2 + PE
    Total System Jitter     (TSJ):    0.050ns
    Total Input Jitter      (TIJ):    0.000ns
    Discrete Jitter          (DJ):    0.000ns
    Phase Error              (PE):    0.000ns

    Location             Delay type                Incr(ns)  Path(ns)    Netlist Resource(s)
  -------------------------------------------------------------------    -------------------
                         (clock sys_clk_pin rise edge)
                                                      0.000     0.000 r  
    W5                                                0.000     0.000 r  clk (IN)
                         net (fo=0)                   0.000     0.000    clk
    W5                   IBUF (Prop_ibuf_I_O)         1.458     1.458 r  clk_IBUF_inst/O
                         net (fo=1, routed)           1.967     3.425    clk_IBUF
    BUFGCTRL_X0Y0        BUFG (Prop_bufg_I_O)         0.096     3.521 r  clk_IBUF_BUFG_inst/O
                         net (fo=64, routed)          1.556     5.077    clk_IBUF_BUFG
    SLICE_X44Y50         FDRE                                         r  vga_r_reg[0]/C
  -------------------------------------------------------------------    -------------------
    SLICE_X44Y50         FDRE (Prop_fdre_C_Q)         0.456     5.533 r  vga_r_reg[0]/Q
                         net (fo=1, routed)           3.094     8.627    vga_r_OBUF[0]
    N19                  OBUF (Prop_obuf_I_O)         3.502    12.129 r  vga_r_OBUF[3]_inst/O
                         net (fo=0)                   0.000    12.129    vga_r[3]
    N19                                                               r  vga_r[3] (OUT)
  -------------------------------------------------------------------    -------------------

Slack:                    inf
  Source:                 vga_g_reg[0]_lopt_replica_2/C
                            (rising edge-triggered cell FDRE clocked by sys_clk_pin  {rise@0.000ns fall@5.000ns period=10.000ns})
  Destination:            vga_g[1]
                            (output port)
  Path Group:             (none)
  Path Type:              Max at Slow Process Corner
  Data Path Delay:        7.008ns  (logic 4.023ns (57.415%)  route 2.984ns (42.585%))
  Logic Levels:           1  (OBUF=1)
  Clock Uncertainty:      0.025ns  ((TSJ^2 + TIJ^2)^1/2 + DJ) / 2 + PE
    Total System Jitter     (TSJ):    0.050ns
    Total Input Jitter      (TIJ):    0.000ns
    Discrete Jitter          (DJ):    0.000ns
    Phase Error              (PE):    0.000ns

    Location             Delay type                Incr(ns)  Path(ns)    Netlist Resource(s)
  -------------------------------------------------------------------    -------------------
                         (clock sys_clk_pin rise edge)
                                                      0.000     0.000 r  
    W5                                                0.000     0.000 r  clk (IN)
                         net (fo=0)                   0.000     0.000    clk
    W5                   IBUF (Prop_ibuf_I_O)         1.458     1.458 r  clk_IBUF_inst/O
                         net (fo=1, routed)           1.967     3.425    clk_IBUF
    BUFGCTRL_X0Y0        BUFG (Prop_bufg_I_O)         0.096     3.521 r  clk_IBUF_BUFG_inst/O
                         net (fo=64, routed)          1.555     5.076    clk_IBUF_BUFG
    SLICE_X42Y50         FDRE                                         r  vga_g_reg[0]_lopt_replica_2/C
  -------------------------------------------------------------------    -------------------
    SLICE_X42Y50         FDRE (Prop_fdre_C_Q)         0.518     5.594 r  vga_g_reg[0]_lopt_replica_2/Q
                         net (fo=1, routed)           2.984     8.578    vga_g_reg[0]_lopt_replica_2_1
    H17                  OBUF (Prop_obuf_I_O)         3.505    12.084 r  vga_g_OBUF[1]_inst/O
                         net (fo=0)                   0.000    12.084    vga_g[1]
    H17                                                               r  vga_g[1] (OUT)
  -------------------------------------------------------------------    -------------------

Slack:                    inf
  Source:                 vga_r_reg[0]_lopt_replica/C
                            (rising edge-triggered cell FDRE clocked by sys_clk_pin  {rise@0.000ns fall@5.000ns period=10.000ns})
  Destination:            vga_r[0]
                            (output port)
  Path Group:             (none)
  Path Type:              Max at Slow Process Corner
  Data Path Delay:        6.977ns  (logic 3.980ns (57.038%)  route 2.998ns (42.962%))
  Logic Levels:           1  (OBUF=1)
  Clock Uncertainty:      0.025ns  ((TSJ^2 + TIJ^2)^1/2 + DJ) / 2 + PE
    Total System Jitter     (TSJ):    0.050ns
    Total Input Jitter      (TIJ):    0.000ns
    Discrete Jitter          (DJ):    0.000ns
    Phase Error              (PE):    0.000ns

    Location             Delay type                Incr(ns)  Path(ns)    Netlist Resource(s)
  -------------------------------------------------------------------    -------------------
                         (clock sys_clk_pin rise edge)
                                                      0.000     0.000 r  
    W5                                                0.000     0.000 r  clk (IN)
                         net (fo=0)                   0.000     0.000    clk
    W5                   IBUF (Prop_ibuf_I_O)         1.458     1.458 r  clk_IBUF_inst/O
                         net (fo=1, routed)           1.967     3.425    clk_IBUF
    BUFGCTRL_X0Y0        BUFG (Prop_bufg_I_O)         0.096     3.521 r  clk_IBUF_BUFG_inst/O
                         net (fo=64, routed)          1.556     5.077    clk_IBUF_BUFG
    SLICE_X44Y50         FDRE                                         r  vga_r_reg[0]_lopt_replica/C
  -------------------------------------------------------------------    -------------------
    SLICE_X44Y50         FDRE (Prop_fdre_C_Q)         0.456     5.533 r  vga_r_reg[0]_lopt_replica/Q
                         net (fo=1, routed)           2.998     8.530    vga_r_reg[0]_lopt_replica_1
    G19                  OBUF (Prop_obuf_I_O)         3.524    12.054 r  vga_r_OBUF[0]_inst/O
                         net (fo=0)                   0.000    12.054    vga_r[0]
    G19                                                               r  vga_r[0] (OUT)
  -------------------------------------------------------------------    -------------------

Slack:                    inf
  Source:                 vga_r_reg[0]_lopt_replica_2/C
                            (rising edge-triggered cell FDRE clocked by sys_clk_pin  {rise@0.000ns fall@5.000ns period=10.000ns})
  Destination:            vga_r[1]
                            (output port)
  Path Group:             (none)
  Path Type:              Max at Slow Process Corner
  Data Path Delay:        6.953ns  (logic 3.975ns (57.177%)  route 2.977ns (42.823%))
  Logic Levels:           1  (OBUF=1)
  Clock Uncertainty:      0.025ns  ((TSJ^2 + TIJ^2)^1/2 + DJ) / 2 + PE
    Total System Jitter     (TSJ):    0.050ns
    Total Input Jitter      (TIJ):    0.000ns
    Discrete Jitter          (DJ):    0.000ns
    Phase Error              (PE):    0.000ns

    Location             Delay type                Incr(ns)  Path(ns)    Netlist Resource(s)
  -------------------------------------------------------------------    -------------------
                         (clock sys_clk_pin rise edge)
                                                      0.000     0.000 r  
    W5                                                0.000     0.000 r  clk (IN)
                         net (fo=0)                   0.000     0.000    clk
    W5                   IBUF (Prop_ibuf_I_O)         1.458     1.458 r  clk_IBUF_inst/O
                         net (fo=1, routed)           1.967     3.425    clk_IBUF
    BUFGCTRL_X0Y0        BUFG (Prop_bufg_I_O)         0.096     3.521 r  clk_IBUF_BUFG_inst/O
                         net (fo=64, routed)          1.556     5.077    clk_IBUF_BUFG
    SLICE_X44Y50         FDRE                                         r  vga_r_reg[0]_lopt_replica_2/C
  -------------------------------------------------------------------    -------------------
    SLICE_X44Y50         FDRE (Prop_fdre_C_Q)         0.456     5.533 r  vga_r_reg[0]_lopt_replica_2/Q
                         net (fo=1, routed)           2.977     8.510    vga_r_reg[0]_lopt_replica_2_1
    H19                  OBUF (Prop_obuf_I_O)         3.519    12.029 r  vga_r_OBUF[1]_inst/O
                         net (fo=0)                   0.000    12.029    vga_r[1]
    H19                                                               r  vga_r[1] (OUT)
  -------------------------------------------------------------------    -------------------

Slack:                    inf
  Source:                 bit_ptr_reg[3]/C
                            (rising edge-triggered cell FDPE clocked by sys_clk_pin  {rise@0.000ns fall@5.000ns period=10.000ns})
  Destination:            bit_idx[3]
                            (output port)
  Path Group:             (none)
  Path Type:              Max at Slow Process Corner
  Data Path Delay:        6.788ns  (logic 4.115ns (60.629%)  route 2.672ns (39.371%))
  Logic Levels:           1  (OBUF=1)
  Clock Uncertainty:      0.025ns  ((TSJ^2 + TIJ^2)^1/2 + DJ) / 2 + PE
    Total System Jitter     (TSJ):    0.050ns
    Total Input Jitter      (TIJ):    0.000ns
    Discrete Jitter          (DJ):    0.000ns
    Phase Error              (PE):    0.000ns

    Location             Delay type                Incr(ns)  Path(ns)    Netlist Resource(s)
  -------------------------------------------------------------------    -------------------
                         (clock sys_clk_pin rise edge)
                                                      0.000     0.000 r  
    W5                                                0.000     0.000 r  clk (IN)
                         net (fo=0)                   0.000     0.000    clk
    W5                   IBUF (Prop_ibuf_I_O)         1.458     1.458 r  clk_IBUF_inst/O
                         net (fo=1, routed)           1.967     3.425    clk_IBUF
    BUFGCTRL_X0Y0        BUFG (Prop_bufg_I_O)         0.096     3.521 r  clk_IBUF_BUFG_inst/O
                         net (fo=64, routed)          1.623     5.144    clk_IBUF_BUFG
    SLICE_X65Y61         FDPE                                         r  bit_ptr_reg[3]/C
  -------------------------------------------------------------------    -------------------
    SLICE_X65Y61         FDPE (Prop_fdpe_C_Q)         0.419     5.563 r  bit_ptr_reg[3]/Q
                         net (fo=6, routed)           2.672     8.235    bit_idx_OBUF[3]
    L1                   OBUF (Prop_obuf_I_O)         3.696    11.932 r  bit_idx_OBUF[3]_inst/O
                         net (fo=0)                   0.000    11.932    bit_idx[3]
    L1                                                                r  bit_idx[3] (OUT)
  -------------------------------------------------------------------    -------------------





Min Delay Paths
--------------------------------------------------------------------------------------
Slack:                    inf
  Source:                 bit_ptr_reg[2]/C
                            (rising edge-triggered cell FDPE clocked by sys_clk_pin  {rise@0.000ns fall@5.000ns period=10.000ns})
  Destination:            bit_idx[2]
                            (output port)
  Path Group:             (none)
  Path Type:              Min at Fast Process Corner
  Data Path Delay:        1.715ns  (logic 1.357ns (79.142%)  route 0.358ns (20.858%))
  Logic Levels:           1  (OBUF=1)
  Clock Uncertainty:      0.025ns  ((TSJ^2 + TIJ^2)^1/2 + DJ) / 2 + PE
    Total System Jitter     (TSJ):    0.050ns
    Total Input Jitter      (TIJ):    0.000ns
    Discrete Jitter          (DJ):    0.000ns
    Phase Error              (PE):    0.000ns

    Location             Delay type                Incr(ns)  Path(ns)    Netlist Resource(s)
  -------------------------------------------------------------------    -------------------
                         (clock sys_clk_pin rise edge)
                                                      0.000     0.000 r  
    W5                                                0.000     0.000 r  clk (IN)
                         net (fo=0)                   0.000     0.000    clk
    W5                   IBUF (Prop_ibuf_I_O)         0.226     0.226 r  clk_IBUF_inst/O
                         net (fo=1, routed)           0.631     0.858    clk_IBUF
    BUFGCTRL_X0Y0        BUFG (Prop_bufg_I_O)         0.026     0.884 r  clk_IBUF_BUFG_inst/O
                         net (fo=64, routed)          0.591     1.474    clk_IBUF_BUFG
    SLICE_X65Y61         FDPE                                         r  bit_ptr_reg[2]/C
  -------------------------------------------------------------------    -------------------
    SLICE_X65Y61         FDPE (Prop_fdpe_C_Q)         0.141     1.615 r  bit_ptr_reg[2]/Q
                         net (fo=7, routed)           0.358     1.973    bit_idx_OBUF[2]
    P1                   OBUF (Prop_obuf_I_O)         1.216     3.189 r  bit_idx_OBUF[2]_inst/O
                         net (fo=0)                   0.000     3.189    bit_idx[2]
    P1                                                                r  bit_idx[2] (OUT)
  -------------------------------------------------------------------    -------------------

Slack:                    inf
  Source:                 bit_ptr_reg[1]/C
                            (rising edge-triggered cell FDPE clocked by sys_clk_pin  {rise@0.000ns fall@5.000ns period=10.000ns})
  Destination:            bit_idx[1]
                            (output port)
  Path Group:             (none)
  Path Type:              Min at Fast Process Corner
  Data Path Delay:        1.819ns  (logic 1.390ns (76.438%)  route 0.429ns (23.562%))
  Logic Levels:           1  (OBUF=1)
  Clock Uncertainty:      0.025ns  ((TSJ^2 + TIJ^2)^1/2 + DJ) / 2 + PE
    Total System Jitter     (TSJ):    0.050ns
    Total Input Jitter      (TIJ):    0.000ns
    Discrete Jitter          (DJ):    0.000ns
    Phase Error              (PE):    0.000ns

    Location             Delay type                Incr(ns)  Path(ns)    Netlist Resource(s)
  -------------------------------------------------------------------    -------------------
                         (clock sys_clk_pin rise edge)
                                                      0.000     0.000 r  
    W5                                                0.000     0.000 r  clk (IN)
                         net (fo=0)                   0.000     0.000    clk
    W5                   IBUF (Prop_ibuf_I_O)         0.226     0.226 r  clk_IBUF_inst/O
                         net (fo=1, routed)           0.631     0.858    clk_IBUF
    BUFGCTRL_X0Y0        BUFG (Prop_bufg_I_O)         0.026     0.884 r  clk_IBUF_BUFG_inst/O
                         net (fo=64, routed)          0.583     1.466    clk_IBUF_BUFG
    SLICE_X65Y71         FDPE                                         r  bit_ptr_reg[1]/C
  -------------------------------------------------------------------    -------------------
    SLICE_X65Y71         FDPE (Prop_fdpe_C_Q)         0.128     1.594 r  bit_ptr_reg[1]/Q
                         net (fo=5, routed)           0.429     2.023    bit_idx_OBUF[1]
    N3                   OBUF (Prop_obuf_I_O)         1.262     3.285 r  bit_idx_OBUF[1]_inst/O
                         net (fo=0)                   0.000     3.285    bit_idx[1]
    N3                                                                r  bit_idx[1] (OUT)
  -------------------------------------------------------------------    -------------------

Slack:                    inf
  Source:                 bit_ptr_reg[0]/C
                            (rising edge-triggered cell FDPE clocked by sys_clk_pin  {rise@0.000ns fall@5.000ns period=10.000ns})
  Destination:            bit_idx[0]
                            (output port)
  Path Group:             (none)
  Path Type:              Min at Fast Process Corner
  Data Path Delay:        1.835ns  (logic 1.360ns (74.118%)  route 0.475ns (25.882%))
  Logic Levels:           1  (OBUF=1)
  Clock Uncertainty:      0.025ns  ((TSJ^2 + TIJ^2)^1/2 + DJ) / 2 + PE
    Total System Jitter     (TSJ):    0.050ns
    Total Input Jitter      (TIJ):    0.000ns
    Discrete Jitter          (DJ):    0.000ns
    Phase Error              (PE):    0.000ns

    Location             Delay type                Incr(ns)  Path(ns)    Netlist Resource(s)
  -------------------------------------------------------------------    -------------------
                         (clock sys_clk_pin rise edge)
                                                      0.000     0.000 r  
    W5                                                0.000     0.000 r  clk (IN)
                         net (fo=0)                   0.000     0.000    clk
    W5                   IBUF (Prop_ibuf_I_O)         0.226     0.226 r  clk_IBUF_inst/O
                         net (fo=1, routed)           0.631     0.858    clk_IBUF
    BUFGCTRL_X0Y0        BUFG (Prop_bufg_I_O)         0.026     0.884 r  clk_IBUF_BUFG_inst/O
                         net (fo=64, routed)          0.583     1.466    clk_IBUF_BUFG
    SLICE_X65Y71         FDPE                                         r  bit_ptr_reg[0]/C
  -------------------------------------------------------------------    -------------------
    SLICE_X65Y71         FDPE (Prop_fdpe_C_Q)         0.141     1.607 r  bit_ptr_reg[0]/Q
                         net (fo=6, routed)           0.475     2.082    bit_idx_OBUF[0]
    P3                   OBUF (Prop_obuf_I_O)         1.219     3.301 r  bit_idx_OBUF[0]_inst/O
                         net (fo=0)                   0.000     3.301    bit_idx[0]
    P3                                                                r  bit_idx[0] (OUT)
  -------------------------------------------------------------------    -------------------

Slack:                    inf
  Source:                 vga_g_reg[0]_lopt_replica_3/C
                            (rising edge-triggered cell FDRE clocked by sys_clk_pin  {rise@0.000ns fall@5.000ns period=10.000ns})
  Destination:            vga_g[2]
                            (output port)
  Path Group:             (none)
  Path Type:              Min at Fast Process Corner
  Data Path Delay:        2.224ns  (logic 1.394ns (62.670%)  route 0.830ns (37.330%))
  Logic Levels:           1  (OBUF=1)
  Clock Uncertainty:      0.025ns  ((TSJ^2 + TIJ^2)^1/2 + DJ) / 2 + PE
    Total System Jitter     (TSJ):    0.050ns
    Total Input Jitter      (TIJ):    0.000ns
    Discrete Jitter          (DJ):    0.000ns
    Phase Error              (PE):    0.000ns

    Location             Delay type                Incr(ns)  Path(ns)    Netlist Resource(s)
  -------------------------------------------------------------------    -------------------
                         (clock sys_clk_pin rise edge)
                                                      0.000     0.000 r  
    W5                                                0.000     0.000 r  clk (IN)
                         net (fo=0)                   0.000     0.000    clk
    W5                   IBUF (Prop_ibuf_I_O)         0.226     0.226 r  clk_IBUF_inst/O
                         net (fo=1, routed)           0.631     0.858    clk_IBUF
    BUFGCTRL_X0Y0        BUFG (Prop_bufg_I_O)         0.026     0.884 r  clk_IBUF_BUFG_inst/O
                         net (fo=64, routed)          0.562     1.445    clk_IBUF_BUFG
    SLICE_X42Y50         FDRE                                         r  vga_g_reg[0]_lopt_replica_3/C
  -------------------------------------------------------------------    -------------------
    SLICE_X42Y50         FDRE (Prop_fdre_C_Q)         0.164     1.609 r  vga_g_reg[0]_lopt_replica_3/Q
                         net (fo=1, routed)           0.830     2.440    vga_g_reg[0]_lopt_replica_3_1
    G17                  OBUF (Prop_obuf_I_O)         1.230     3.670 r  vga_g_OBUF[2]_inst/O
                         net (fo=0)                   0.000     3.670    vga_g[2]
    G17                                                               r  vga_g[2] (OUT)
  -------------------------------------------------------------------    -------------------

Slack:                    inf
  Source:                 bit_ptr_reg[3]/C
                            (rising edge-triggered cell FDPE clocked by sys_clk_pin  {rise@0.000ns fall@5.000ns period=10.000ns})
  Destination:            bit_idx[3]
                            (output port)
  Path Group:             (none)
  Path Type:              Min at Fast Process Corner
  Data Path Delay:        2.201ns  (logic 1.404ns (63.811%)  route 0.796ns (36.189%))
  Logic Levels:           1  (OBUF=1)
  Clock Uncertainty:      0.025ns  ((TSJ^2 + TIJ^2)^1/2 + DJ) / 2 + PE
    Total System Jitter     (TSJ):    0.050ns
    Total Input Jitter      (TIJ):    0.000ns
    Discrete Jitter          (DJ):    0.000ns
    Phase Error              (PE):    0.000ns

    Location             Delay type                Incr(ns)  Path(ns)    Netlist Resource(s)
  -------------------------------------------------------------------    -------------------
                         (clock sys_clk_pin rise edge)
                                                      0.000     0.000 r  
    W5                                                0.000     0.000 r  clk (IN)
                         net (fo=0)                   0.000     0.000    clk
    W5                   IBUF (Prop_ibuf_I_O)         0.226     0.226 r  clk_IBUF_inst/O
                         net (fo=1, routed)           0.631     0.858    clk_IBUF
    BUFGCTRL_X0Y0        BUFG (Prop_bufg_I_O)         0.026     0.884 r  clk_IBUF_BUFG_inst/O
                         net (fo=64, routed)          0.591     1.474    clk_IBUF_BUFG
    SLICE_X65Y61         FDPE                                         r  bit_ptr_reg[3]/C
  -------------------------------------------------------------------    -------------------
    SLICE_X65Y61         FDPE (Prop_fdpe_C_Q)         0.128     1.602 r  bit_ptr_reg[3]/Q
                         net (fo=6, routed)           0.796     2.399    bit_idx_OBUF[3]
    L1                   OBUF (Prop_obuf_I_O)         1.276     3.675 r  bit_idx_OBUF[3]_inst/O
                         net (fo=0)                   0.000     3.675    bit_idx[3]
    L1                                                                r  bit_idx[3] (OUT)
  -------------------------------------------------------------------    -------------------

Slack:                    inf
  Source:                 vga_r_reg[0]_lopt_replica_3/C
                            (rising edge-triggered cell FDRE clocked by sys_clk_pin  {rise@0.000ns fall@5.000ns period=10.000ns})
  Destination:            vga_r[2]
                            (output port)
  Path Group:             (none)
  Path Type:              Min at Fast Process Corner
  Data Path Delay:        2.232ns  (logic 1.366ns (61.204%)  route 0.866ns (38.796%))
  Logic Levels:           1  (OBUF=1)
  Clock Uncertainty:      0.025ns  ((TSJ^2 + TIJ^2)^1/2 + DJ) / 2 + PE
    Total System Jitter     (TSJ):    0.050ns
    Total Input Jitter      (TIJ):    0.000ns
    Discrete Jitter          (DJ):    0.000ns
    Phase Error              (PE):    0.000ns

    Location             Delay type                Incr(ns)  Path(ns)    Netlist Resource(s)
  -------------------------------------------------------------------    -------------------
                         (clock sys_clk_pin rise edge)
                                                      0.000     0.000 r  
    W5                                                0.000     0.000 r  clk (IN)
                         net (fo=0)                   0.000     0.000    clk
    W5                   IBUF (Prop_ibuf_I_O)         0.226     0.226 r  clk_IBUF_inst/O
                         net (fo=1, routed)           0.631     0.858    clk_IBUF
    BUFGCTRL_X0Y0        BUFG (Prop_bufg_I_O)         0.026     0.884 r  clk_IBUF_BUFG_inst/O
                         net (fo=64, routed)          0.563     1.446    clk_IBUF_BUFG
    SLICE_X44Y50         FDRE                                         r  vga_r_reg[0]_lopt_replica_3/C
  -------------------------------------------------------------------    -------------------
    SLICE_X44Y50         FDRE (Prop_fdre_C_Q)         0.141     1.587 r  vga_r_reg[0]_lopt_replica_3/Q
                         net (fo=1, routed)           0.866     2.453    vga_r_reg[0]_lopt_replica_3_1
    J19                  OBUF (Prop_obuf_I_O)         1.225     3.678 r  vga_r_OBUF[2]_inst/O
                         net (fo=0)                   0.000     3.678    vga_r[2]
    J19                                                               r  vga_r[2] (OUT)
  -------------------------------------------------------------------    -------------------

Slack:                    inf
  Source:                 vga_g_reg[0]/C
                            (rising edge-triggered cell FDRE clocked by sys_clk_pin  {rise@0.000ns fall@5.000ns period=10.000ns})
  Destination:            vga_g[3]
                            (output port)
  Path Group:             (none)
  Path Type:              Min at Fast Process Corner
  Data Path Delay:        2.275ns  (logic 1.395ns (61.329%)  route 0.880ns (38.671%))
  Logic Levels:           1  (OBUF=1)
  Clock Uncertainty:      0.025ns  ((TSJ^2 + TIJ^2)^1/2 + DJ) / 2 + PE
    Total System Jitter     (TSJ):    0.050ns
    Total Input Jitter      (TIJ):    0.000ns
    Discrete Jitter          (DJ):    0.000ns
    Phase Error              (PE):    0.000ns

    Location             Delay type                Incr(ns)  Path(ns)    Netlist Resource(s)
  -------------------------------------------------------------------    -------------------
                         (clock sys_clk_pin rise edge)
                                                      0.000     0.000 r  
    W5                                                0.000     0.000 r  clk (IN)
                         net (fo=0)                   0.000     0.000    clk
    W5                   IBUF (Prop_ibuf_I_O)         0.226     0.226 r  clk_IBUF_inst/O
                         net (fo=1, routed)           0.631     0.858    clk_IBUF
    BUFGCTRL_X0Y0        BUFG (Prop_bufg_I_O)         0.026     0.884 r  clk_IBUF_BUFG_inst/O
                         net (fo=64, routed)          0.562     1.445    clk_IBUF_BUFG
    SLICE_X42Y50         FDRE                                         r  vga_g_reg[0]/C
  -------------------------------------------------------------------    -------------------
    SLICE_X42Y50         FDRE (Prop_fdre_C_Q)         0.164     1.609 r  vga_g_reg[0]/Q
                         net (fo=1, routed)           0.880     2.489    vga_g_OBUF[0]
    D17                  OBUF (Prop_obuf_I_O)         1.231     3.720 r  vga_g_OBUF[3]_inst/O
                         net (fo=0)                   0.000     3.720    vga_g[3]
    D17                                                               r  vga_g[3] (OUT)
  -------------------------------------------------------------------    -------------------

Slack:                    inf
  Source:                 vga_r_reg[0]/C
                            (rising edge-triggered cell FDRE clocked by sys_clk_pin  {rise@0.000ns fall@5.000ns period=10.000ns})
  Destination:            vga_r[3]
                            (output port)
  Path Group:             (none)
  Path Type:              Min at Fast Process Corner
  Data Path Delay:        2.310ns  (logic 1.345ns (58.222%)  route 0.965ns (41.778%))
  Logic Levels:           1  (OBUF=1)
  Clock Uncertainty:      0.025ns  ((TSJ^2 + TIJ^2)^1/2 + DJ) / 2 + PE
    Total System Jitter     (TSJ):    0.050ns
    Total Input Jitter      (TIJ):    0.000ns
    Discrete Jitter          (DJ):    0.000ns
    Phase Error              (PE):    0.000ns

    Location             Delay type                Incr(ns)  Path(ns)    Netlist Resource(s)
  -------------------------------------------------------------------    -------------------
                         (clock sys_clk_pin rise edge)
                                                      0.000     0.000 r  
    W5                                                0.000     0.000 r  clk (IN)
                         net (fo=0)                   0.000     0.000    clk
    W5                   IBUF (Prop_ibuf_I_O)         0.226     0.226 r  clk_IBUF_inst/O
                         net (fo=1, routed)           0.631     0.858    clk_IBUF
    BUFGCTRL_X0Y0        BUFG (Prop_bufg_I_O)         0.026     0.884 r  clk_IBUF_BUFG_inst/O
                         net (fo=64, routed)          0.563     1.446    clk_IBUF_BUFG
    SLICE_X44Y50         FDRE                                         r  vga_r_reg[0]/C
  -------------------------------------------------------------------    -------------------
    SLICE_X44Y50         FDRE (Prop_fdre_C_Q)         0.141     1.587 r  vga_r_reg[0]/Q
                         net (fo=1, routed)           0.965     2.552    vga_r_OBUF[0]
    N19                  OBUF (Prop_obuf_I_O)         1.204     3.756 r  vga_r_OBUF[3]_inst/O
                         net (fo=0)                   0.000     3.756    vga_r[3]
    N19                                                               r  vga_r[3] (OUT)
  -------------------------------------------------------------------    -------------------

Slack:                    inf
  Source:                 vga_r_reg[0]_lopt_replica_2/C
                            (rising edge-triggered cell FDRE clocked by sys_clk_pin  {rise@0.000ns fall@5.000ns period=10.000ns})
  Destination:            vga_r[1]
                            (output port)
  Path Group:             (none)
  Path Type:              Min at Fast Process Corner
  Data Path Delay:        2.342ns  (logic 1.361ns (58.135%)  route 0.980ns (41.865%))
  Logic Levels:           1  (OBUF=1)
  Clock Uncertainty:      0.025ns  ((TSJ^2 + TIJ^2)^1/2 + DJ) / 2 + PE
    Total System Jitter     (TSJ):    0.050ns
    Total Input Jitter      (TIJ):    0.000ns
    Discrete Jitter          (DJ):    0.000ns
    Phase Error              (PE):    0.000ns

    Location             Delay type                Incr(ns)  Path(ns)    Netlist Resource(s)
  -------------------------------------------------------------------    -------------------
                         (clock sys_clk_pin rise edge)
                                                      0.000     0.000 r  
    W5                                                0.000     0.000 r  clk (IN)
                         net (fo=0)                   0.000     0.000    clk
    W5                   IBUF (Prop_ibuf_I_O)         0.226     0.226 r  clk_IBUF_inst/O
                         net (fo=1, routed)           0.631     0.858    clk_IBUF
    BUFGCTRL_X0Y0        BUFG (Prop_bufg_I_O)         0.026     0.884 r  clk_IBUF_BUFG_inst/O
                         net (fo=64, routed)          0.563     1.446    clk_IBUF_BUFG
    SLICE_X44Y50         FDRE                                         r  vga_r_reg[0]_lopt_replica_2/C
  -------------------------------------------------------------------    -------------------
    SLICE_X44Y50         FDRE (Prop_fdre_C_Q)         0.141     1.587 r  vga_r_reg[0]_lopt_replica_2/Q
                         net (fo=1, routed)           0.980     2.568    vga_r_reg[0]_lopt_replica_2_1
    H19                  OBUF (Prop_obuf_I_O)         1.220     3.788 r  vga_r_OBUF[1]_inst/O
                         net (fo=0)                   0.000     3.788    vga_r[1]
    H19                                                               r  vga_r[1] (OUT)
  -------------------------------------------------------------------    -------------------

Slack:                    inf
  Source:                 vga_g_reg[0]_lopt_replica_2/C
                            (rising edge-triggered cell FDRE clocked by sys_clk_pin  {rise@0.000ns fall@5.000ns period=10.000ns})
  Destination:            vga_g[1]
                            (output port)
  Path Group:             (none)
  Path Type:              Min at Fast Process Corner
  Data Path Delay:        2.355ns  (logic 1.371ns (58.203%)  route 0.984ns (41.797%))
  Logic Levels:           1  (OBUF=1)
  Clock Uncertainty:      0.025ns  ((TSJ^2 + TIJ^2)^1/2 + DJ) / 2 + PE
    Total System Jitter     (TSJ):    0.050ns
    Total Input Jitter      (TIJ):    0.000ns
    Discrete Jitter          (DJ):    0.000ns
    Phase Error              (PE):    0.000ns

    Location             Delay type                Incr(ns)  Path(ns)    Netlist Resource(s)
  -------------------------------------------------------------------    -------------------
                         (clock sys_clk_pin rise edge)
                                                      0.000     0.000 r  
    W5                                                0.000     0.000 r  clk (IN)
                         net (fo=0)                   0.000     0.000    clk
    W5                   IBUF (Prop_ibuf_I_O)         0.226     0.226 r  clk_IBUF_inst/O
                         net (fo=1, routed)           0.631     0.858    clk_IBUF
    BUFGCTRL_X0Y0        BUFG (Prop_bufg_I_O)         0.026     0.884 r  clk_IBUF_BUFG_inst/O
                         net (fo=64, routed)          0.562     1.445    clk_IBUF_BUFG
    SLICE_X42Y50         FDRE                                         r  vga_g_reg[0]_lopt_replica_2/C
  -------------------------------------------------------------------    -------------------
    SLICE_X42Y50         FDRE (Prop_fdre_C_Q)         0.164     1.609 r  vga_g_reg[0]_lopt_replica_2/Q
                         net (fo=1, routed)           0.984     2.593    vga_g_reg[0]_lopt_replica_2_1
    H17                  OBUF (Prop_obuf_I_O)         1.207     3.800 r  vga_g_OBUF[1]_inst/O
                         net (fo=0)                   0.000     3.800    vga_g[1]
    H17                                                               r  vga_g[1] (OUT)
  -------------------------------------------------------------------    -------------------





--------------------------------------------------------------------------------------
Path Group:  (none)
From Clock:  
  To Clock:  sys_clk_pin

Max Delay            59 Endpoints
Min Delay            59 Endpoints
--------------------------------------------------------------------------------------


Max Delay Paths
--------------------------------------------------------------------------------------
Slack:                    inf
  Source:                 data_in[5]
                            (input port)
  Destination:            vga_r_reg[0]/R
                            (rising edge-triggered cell FDRE clocked by sys_clk_pin  {rise@0.000ns fall@5.000ns period=10.000ns})
  Path Group:             (none)
  Path Type:              Setup (Max at Slow Process Corner)
  Data Path Delay:        8.804ns  (logic 1.838ns (20.878%)  route 6.966ns (79.122%))
  Logic Levels:           4  (IBUF=1 LUT6=3)
  Clock Path Skew:        4.780ns (DCD - SCD + CPR)
    Destination Clock Delay (DCD):    4.780ns
    Source Clock Delay      (SCD):    0.000ns
    Clock Pessimism Removal (CPR):    0.000ns
  Clock Uncertainty:      0.025ns  ((TSJ^2 + TIJ^2)^1/2 + DJ) / 2 + PE
    Total System Jitter     (TSJ):    0.050ns
    Total Input Jitter      (TIJ):    0.000ns
    Discrete Jitter          (DJ):    0.000ns
    Phase Error              (PE):    0.000ns

    Location             Delay type                Incr(ns)  Path(ns)    Netlist Resource(s)
  -------------------------------------------------------------------    -------------------
    V15                                               0.000     0.000 r  data_in[5] (IN)
                         net (fo=0)                   0.000     0.000    data_in[5]
    V15                  IBUF (Prop_ibuf_I_O)         1.466     1.466 r  data_in_IBUF[5]_inst/O
                         net (fo=1, routed)           4.275     5.741    data_in_IBUF[5]
    SLICE_X64Y43         LUT6 (Prop_lut6_I1_O)        0.124     5.865 r  nrz_out_OBUF_inst_i_3/O
                         net (fo=1, routed)           0.664     6.528    nrz_out_OBUF_inst_i_3_n_0
    SLICE_X64Y45         LUT6 (Prop_lut6_I1_O)        0.124     6.652 r  nrz_out_OBUF_inst_i_1/O
                         net (fo=7, routed)           1.390     8.043    tx_pmod_OBUF
    SLICE_X44Y50         LUT6 (Prop_lut6_I5_O)        0.124     8.167 r  vga_r[0]_i_1/O
                         net (fo=4, routed)           0.637     8.804    vga_r[0]_i_1_n_0
    SLICE_X44Y50         FDRE                                         r  vga_r_reg[0]/R
  -------------------------------------------------------------------    -------------------

                         (clock sys_clk_pin rise edge)
                                                      0.000     0.000 r  
    W5                                                0.000     0.000 r  clk (IN)
                         net (fo=0)                   0.000     0.000    clk
    W5                   IBUF (Prop_ibuf_I_O)         1.388     1.388 r  clk_IBUF_inst/O
                         net (fo=1, routed)           1.862     3.250    clk_IBUF
    BUFGCTRL_X0Y0        BUFG (Prop_bufg_I_O)         0.091     3.341 r  clk_IBUF_BUFG_inst/O
                         net (fo=64, routed)          1.439     4.780    clk_IBUF_BUFG
    SLICE_X44Y50         FDRE                                         r  vga_r_reg[0]/C

Slack:                    inf
  Source:                 data_in[5]
                            (input port)
  Destination:            vga_r_reg[0]_lopt_replica/R
                            (rising edge-triggered cell FDRE clocked by sys_clk_pin  {rise@0.000ns fall@5.000ns period=10.000ns})
  Path Group:             (none)
  Path Type:              Setup (Max at Slow Process Corner)
  Data Path Delay:        8.804ns  (logic 1.838ns (20.878%)  route 6.966ns (79.122%))
  Logic Levels:           4  (IBUF=1 LUT6=3)
  Clock Path Skew:        4.780ns (DCD - SCD + CPR)
    Destination Clock Delay (DCD):    4.780ns
    Source Clock Delay      (SCD):    0.000ns
    Clock Pessimism Removal (CPR):    0.000ns
  Clock Uncertainty:      0.025ns  ((TSJ^2 + TIJ^2)^1/2 + DJ) / 2 + PE
    Total System Jitter     (TSJ):    0.050ns
    Total Input Jitter      (TIJ):    0.000ns
    Discrete Jitter          (DJ):    0.000ns
    Phase Error              (PE):    0.000ns

    Location             Delay type                Incr(ns)  Path(ns)    Netlist Resource(s)
  -------------------------------------------------------------------    -------------------
    V15                                               0.000     0.000 r  data_in[5] (IN)
                         net (fo=0)                   0.000     0.000    data_in[5]
    V15                  IBUF (Prop_ibuf_I_O)         1.466     1.466 r  data_in_IBUF[5]_inst/O
                         net (fo=1, routed)           4.275     5.741    data_in_IBUF[5]
    SLICE_X64Y43         LUT6 (Prop_lut6_I1_O)        0.124     5.865 r  nrz_out_OBUF_inst_i_3/O
                         net (fo=1, routed)           0.664     6.528    nrz_out_OBUF_inst_i_3_n_0
    SLICE_X64Y45         LUT6 (Prop_lut6_I1_O)        0.124     6.652 r  nrz_out_OBUF_inst_i_1/O
                         net (fo=7, routed)           1.390     8.043    tx_pmod_OBUF
    SLICE_X44Y50         LUT6 (Prop_lut6_I5_O)        0.124     8.167 r  vga_r[0]_i_1/O
                         net (fo=4, routed)           0.637     8.804    vga_r[0]_i_1_n_0
    SLICE_X44Y50         FDRE                                         r  vga_r_reg[0]_lopt_replica/R
  -------------------------------------------------------------------    -------------------

                         (clock sys_clk_pin rise edge)
                                                      0.000     0.000 r  
    W5                                                0.000     0.000 r  clk (IN)
                         net (fo=0)                   0.000     0.000    clk
    W5                   IBUF (Prop_ibuf_I_O)         1.388     1.388 r  clk_IBUF_inst/O
                         net (fo=1, routed)           1.862     3.250    clk_IBUF
    BUFGCTRL_X0Y0        BUFG (Prop_bufg_I_O)         0.091     3.341 r  clk_IBUF_BUFG_inst/O
                         net (fo=64, routed)          1.439     4.780    clk_IBUF_BUFG
    SLICE_X44Y50         FDRE                                         r  vga_r_reg[0]_lopt_replica/C

Slack:                    inf
  Source:                 data_in[5]
                            (input port)
  Destination:            vga_r_reg[0]_lopt_replica_2/R
                            (rising edge-triggered cell FDRE clocked by sys_clk_pin  {rise@0.000ns fall@5.000ns period=10.000ns})
  Path Group:             (none)
  Path Type:              Setup (Max at Slow Process Corner)
  Data Path Delay:        8.804ns  (logic 1.838ns (20.878%)  route 6.966ns (79.122%))
  Logic Levels:           4  (IBUF=1 LUT6=3)
  Clock Path Skew:        4.780ns (DCD - SCD + CPR)
    Destination Clock Delay (DCD):    4.780ns
    Source Clock Delay      (SCD):    0.000ns
    Clock Pessimism Removal (CPR):    0.000ns
  Clock Uncertainty:      0.025ns  ((TSJ^2 + TIJ^2)^1/2 + DJ) / 2 + PE
    Total System Jitter     (TSJ):    0.050ns
    Total Input Jitter      (TIJ):    0.000ns
    Discrete Jitter          (DJ):    0.000ns
    Phase Error              (PE):    0.000ns

    Location             Delay type                Incr(ns)  Path(ns)    Netlist Resource(s)
  -------------------------------------------------------------------    -------------------
    V15                                               0.000     0.000 r  data_in[5] (IN)
                         net (fo=0)                   0.000     0.000    data_in[5]
    V15                  IBUF (Prop_ibuf_I_O)         1.466     1.466 r  data_in_IBUF[5]_inst/O
                         net (fo=1, routed)           4.275     5.741    data_in_IBUF[5]
    SLICE_X64Y43         LUT6 (Prop_lut6_I1_O)        0.124     5.865 r  nrz_out_OBUF_inst_i_3/O
                         net (fo=1, routed)           0.664     6.528    nrz_out_OBUF_inst_i_3_n_0
    SLICE_X64Y45         LUT6 (Prop_lut6_I1_O)        0.124     6.652 r  nrz_out_OBUF_inst_i_1/O
                         net (fo=7, routed)           1.390     8.043    tx_pmod_OBUF
    SLICE_X44Y50         LUT6 (Prop_lut6_I5_O)        0.124     8.167 r  vga_r[0]_i_1/O
                         net (fo=4, routed)           0.637     8.804    vga_r[0]_i_1_n_0
    SLICE_X44Y50         FDRE                                         r  vga_r_reg[0]_lopt_replica_2/R
  -------------------------------------------------------------------    -------------------

                         (clock sys_clk_pin rise edge)
                                                      0.000     0.000 r  
    W5                                                0.000     0.000 r  clk (IN)
                         net (fo=0)                   0.000     0.000    clk
    W5                   IBUF (Prop_ibuf_I_O)         1.388     1.388 r  clk_IBUF_inst/O
                         net (fo=1, routed)           1.862     3.250    clk_IBUF
    BUFGCTRL_X0Y0        BUFG (Prop_bufg_I_O)         0.091     3.341 r  clk_IBUF_BUFG_inst/O
                         net (fo=64, routed)          1.439     4.780    clk_IBUF_BUFG
    SLICE_X44Y50         FDRE                                         r  vga_r_reg[0]_lopt_replica_2/C

Slack:                    inf
  Source:                 data_in[5]
                            (input port)
  Destination:            vga_r_reg[0]_lopt_replica_3/R
                            (rising edge-triggered cell FDRE clocked by sys_clk_pin  {rise@0.000ns fall@5.000ns period=10.000ns})
  Path Group:             (none)
  Path Type:              Setup (Max at Slow Process Corner)
  Data Path Delay:        8.804ns  (logic 1.838ns (20.878%)  route 6.966ns (79.122%))
  Logic Levels:           4  (IBUF=1 LUT6=3)
  Clock Path Skew:        4.780ns (DCD - SCD + CPR)
    Destination Clock Delay (DCD):    4.780ns
    Source Clock Delay      (SCD):    0.000ns
    Clock Pessimism Removal (CPR):    0.000ns
  Clock Uncertainty:      0.025ns  ((TSJ^2 + TIJ^2)^1/2 + DJ) / 2 + PE
    Total System Jitter     (TSJ):    0.050ns
    Total Input Jitter      (TIJ):    0.000ns
    Discrete Jitter          (DJ):    0.000ns
    Phase Error              (PE):    0.000ns

    Location             Delay type                Incr(ns)  Path(ns)    Netlist Resource(s)
  -------------------------------------------------------------------    -------------------
    V15                                               0.000     0.000 r  data_in[5] (IN)
                         net (fo=0)                   0.000     0.000    data_in[5]
    V15                  IBUF (Prop_ibuf_I_O)         1.466     1.466 r  data_in_IBUF[5]_inst/O
                         net (fo=1, routed)           4.275     5.741    data_in_IBUF[5]
    SLICE_X64Y43         LUT6 (Prop_lut6_I1_O)        0.124     5.865 r  nrz_out_OBUF_inst_i_3/O
                         net (fo=1, routed)           0.664     6.528    nrz_out_OBUF_inst_i_3_n_0
    SLICE_X64Y45         LUT6 (Prop_lut6_I1_O)        0.124     6.652 r  nrz_out_OBUF_inst_i_1/O
                         net (fo=7, routed)           1.390     8.043    tx_pmod_OBUF
    SLICE_X44Y50         LUT6 (Prop_lut6_I5_O)        0.124     8.167 r  vga_r[0]_i_1/O
                         net (fo=4, routed)           0.637     8.804    vga_r[0]_i_1_n_0
    SLICE_X44Y50         FDRE                                         r  vga_r_reg[0]_lopt_replica_3/R
  -------------------------------------------------------------------    -------------------

                         (clock sys_clk_pin rise edge)
                                                      0.000     0.000 r  
    W5                                                0.000     0.000 r  clk (IN)
                         net (fo=0)                   0.000     0.000    clk
    W5                   IBUF (Prop_ibuf_I_O)         1.388     1.388 r  clk_IBUF_inst/O
                         net (fo=1, routed)           1.862     3.250    clk_IBUF
    BUFGCTRL_X0Y0        BUFG (Prop_bufg_I_O)         0.091     3.341 r  clk_IBUF_BUFG_inst/O
                         net (fo=64, routed)          1.439     4.780    clk_IBUF_BUFG
    SLICE_X44Y50         FDRE                                         r  vga_r_reg[0]_lopt_replica_3/C

Slack:                    inf
  Source:                 data_in[5]
                            (input port)
  Destination:            vga_g_reg[0]_lopt_replica_3/D
                            (rising edge-triggered cell FDRE clocked by sys_clk_pin  {rise@0.000ns fall@5.000ns period=10.000ns})
  Path Group:             (none)
  Path Type:              Setup (Max at Slow Process Corner)
  Data Path Delay:        8.490ns  (logic 1.714ns (20.190%)  route 6.776ns (79.810%))
  Logic Levels:           3  (IBUF=1 LUT6=2)
  Clock Path Skew:        4.779ns (DCD - SCD + CPR)
    Destination Clock Delay (DCD):    4.779ns
    Source Clock Delay      (SCD):    0.000ns
    Clock Pessimism Removal (CPR):    0.000ns
  Clock Uncertainty:      0.025ns  ((TSJ^2 + TIJ^2)^1/2 + DJ) / 2 + PE
    Total System Jitter     (TSJ):    0.050ns
    Total Input Jitter      (TIJ):    0.000ns
    Discrete Jitter          (DJ):    0.000ns
    Phase Error              (PE):    0.000ns

    Location             Delay type                Incr(ns)  Path(ns)    Netlist Resource(s)
  -------------------------------------------------------------------    -------------------
    V15                                               0.000     0.000 r  data_in[5] (IN)
                         net (fo=0)                   0.000     0.000    data_in[5]
    V15                  IBUF (Prop_ibuf_I_O)         1.466     1.466 r  data_in_IBUF[5]_inst/O
                         net (fo=1, routed)           4.275     5.741    data_in_IBUF[5]
    SLICE_X64Y43         LUT6 (Prop_lut6_I1_O)        0.124     5.865 r  nrz_out_OBUF_inst_i_3/O
                         net (fo=1, routed)           0.664     6.528    nrz_out_OBUF_inst_i_3_n_0
    SLICE_X64Y45         LUT6 (Prop_lut6_I1_O)        0.124     6.652 r  nrz_out_OBUF_inst_i_1/O
                         net (fo=7, routed)           1.837     8.490    tx_pmod_OBUF
    SLICE_X42Y50         FDRE                                         r  vga_g_reg[0]_lopt_replica_3/D
  -------------------------------------------------------------------    -------------------

                         (clock sys_clk_pin rise edge)
                                                      0.000     0.000 r  
    W5                                                0.000     0.000 r  clk (IN)
                         net (fo=0)                   0.000     0.000    clk
    W5                   IBUF (Prop_ibuf_I_O)         1.388     1.388 r  clk_IBUF_inst/O
                         net (fo=1, routed)           1.862     3.250    clk_IBUF
    BUFGCTRL_X0Y0        BUFG (Prop_bufg_I_O)         0.091     3.341 r  clk_IBUF_BUFG_inst/O
                         net (fo=64, routed)          1.438     4.779    clk_IBUF_BUFG
    SLICE_X42Y50         FDRE                                         r  vga_g_reg[0]_lopt_replica_3/C

Slack:                    inf
  Source:                 data_in[5]
                            (input port)
  Destination:            vga_g_reg[0]_lopt_replica_2/D
                            (rising edge-triggered cell FDRE clocked by sys_clk_pin  {rise@0.000ns fall@5.000ns period=10.000ns})
  Path Group:             (none)
  Path Type:              Setup (Max at Slow Process Corner)
  Data Path Delay:        8.300ns  (logic 1.714ns (20.650%)  route 6.586ns (79.350%))
  Logic Levels:           3  (IBUF=1 LUT6=2)
  Clock Path Skew:        4.779ns (DCD - SCD + CPR)
    Destination Clock Delay (DCD):    4.779ns
    Source Clock Delay      (SCD):    0.000ns
    Clock Pessimism Removal (CPR):    0.000ns
  Clock Uncertainty:      0.025ns  ((TSJ^2 + TIJ^2)^1/2 + DJ) / 2 + PE
    Total System Jitter     (TSJ):    0.050ns
    Total Input Jitter      (TIJ):    0.000ns
    Discrete Jitter          (DJ):    0.000ns
    Phase Error              (PE):    0.000ns

    Location             Delay type                Incr(ns)  Path(ns)    Netlist Resource(s)
  -------------------------------------------------------------------    -------------------
    V15                                               0.000     0.000 r  data_in[5] (IN)
                         net (fo=0)                   0.000     0.000    data_in[5]
    V15                  IBUF (Prop_ibuf_I_O)         1.466     1.466 r  data_in_IBUF[5]_inst/O
                         net (fo=1, routed)           4.275     5.741    data_in_IBUF[5]
    SLICE_X64Y43         LUT6 (Prop_lut6_I1_O)        0.124     5.865 r  nrz_out_OBUF_inst_i_3/O
                         net (fo=1, routed)           0.664     6.528    nrz_out_OBUF_inst_i_3_n_0
    SLICE_X64Y45         LUT6 (Prop_lut6_I1_O)        0.124     6.652 r  nrz_out_OBUF_inst_i_1/O
                         net (fo=7, routed)           1.648     8.300    tx_pmod_OBUF
    SLICE_X42Y50         FDRE                                         r  vga_g_reg[0]_lopt_replica_2/D
  -------------------------------------------------------------------    -------------------

                         (clock sys_clk_pin rise edge)
                                                      0.000     0.000 r  
    W5                                                0.000     0.000 r  clk (IN)
                         net (fo=0)                   0.000     0.000    clk
    W5                   IBUF (Prop_ibuf_I_O)         1.388     1.388 r  clk_IBUF_inst/O
                         net (fo=1, routed)           1.862     3.250    clk_IBUF
    BUFGCTRL_X0Y0        BUFG (Prop_bufg_I_O)         0.091     3.341 r  clk_IBUF_BUFG_inst/O
                         net (fo=64, routed)          1.438     4.779    clk_IBUF_BUFG
    SLICE_X42Y50         FDRE                                         r  vga_g_reg[0]_lopt_replica_2/C

Slack:                    inf
  Source:                 data_in[5]
                            (input port)
  Destination:            vga_g_reg[0]/D
                            (rising edge-triggered cell FDRE clocked by sys_clk_pin  {rise@0.000ns fall@5.000ns period=10.000ns})
  Path Group:             (none)
  Path Type:              Setup (Max at Slow Process Corner)
  Data Path Delay:        8.111ns  (logic 1.714ns (21.132%)  route 6.397ns (78.868%))
  Logic Levels:           3  (IBUF=1 LUT6=2)
  Clock Path Skew:        4.779ns (DCD - SCD + CPR)
    Destination Clock Delay (DCD):    4.779ns
    Source Clock Delay      (SCD):    0.000ns
    Clock Pessimism Removal (CPR):    0.000ns
  Clock Uncertainty:      0.025ns  ((TSJ^2 + TIJ^2)^1/2 + DJ) / 2 + PE
    Total System Jitter     (TSJ):    0.050ns
    Total Input Jitter      (TIJ):    0.000ns
    Discrete Jitter          (DJ):    0.000ns
    Phase Error              (PE):    0.000ns

    Location             Delay type                Incr(ns)  Path(ns)    Netlist Resource(s)
  -------------------------------------------------------------------    -------------------
    V15                                               0.000     0.000 r  data_in[5] (IN)
                         net (fo=0)                   0.000     0.000    data_in[5]
    V15                  IBUF (Prop_ibuf_I_O)         1.466     1.466 r  data_in_IBUF[5]_inst/O
                         net (fo=1, routed)           4.275     5.741    data_in_IBUF[5]
    SLICE_X64Y43         LUT6 (Prop_lut6_I1_O)        0.124     5.865 r  nrz_out_OBUF_inst_i_3/O
                         net (fo=1, routed)           0.664     6.528    nrz_out_OBUF_inst_i_3_n_0
    SLICE_X64Y45         LUT6 (Prop_lut6_I1_O)        0.124     6.652 r  nrz_out_OBUF_inst_i_1/O
                         net (fo=7, routed)           1.459     8.111    tx_pmod_OBUF
    SLICE_X42Y50         FDRE                                         r  vga_g_reg[0]/D
  -------------------------------------------------------------------    -------------------

                         (clock sys_clk_pin rise edge)
                                                      0.000     0.000 r  
    W5                                                0.000     0.000 r  clk (IN)
                         net (fo=0)                   0.000     0.000    clk
    W5                   IBUF (Prop_ibuf_I_O)         1.388     1.388 r  clk_IBUF_inst/O
                         net (fo=1, routed)           1.862     3.250    clk_IBUF
    BUFGCTRL_X0Y0        BUFG (Prop_bufg_I_O)         0.091     3.341 r  clk_IBUF_BUFG_inst/O
                         net (fo=64, routed)          1.438     4.779    clk_IBUF_BUFG
    SLICE_X42Y50         FDRE                                         r  vga_g_reg[0]/C

Slack:                    inf
  Source:                 data_in[5]
                            (input port)
  Destination:            vga_g_reg[0]_lopt_replica/D
                            (rising edge-triggered cell FDRE clocked by sys_clk_pin  {rise@0.000ns fall@5.000ns period=10.000ns})
  Path Group:             (none)
  Path Type:              Setup (Max at Slow Process Corner)
  Data Path Delay:        8.111ns  (logic 1.714ns (21.132%)  route 6.397ns (78.868%))
  Logic Levels:           3  (IBUF=1 LUT6=2)
  Clock Path Skew:        4.779ns (DCD - SCD + CPR)
    Destination Clock Delay (DCD):    4.779ns
    Source Clock Delay      (SCD):    0.000ns
    Clock Pessimism Removal (CPR):    0.000ns
  Clock Uncertainty:      0.025ns  ((TSJ^2 + TIJ^2)^1/2 + DJ) / 2 + PE
    Total System Jitter     (TSJ):    0.050ns
    Total Input Jitter      (TIJ):    0.000ns
    Discrete Jitter          (DJ):    0.000ns
    Phase Error              (PE):    0.000ns

    Location             Delay type                Incr(ns)  Path(ns)    Netlist Resource(s)
  -------------------------------------------------------------------    -------------------
    V15                                               0.000     0.000 r  data_in[5] (IN)
                         net (fo=0)                   0.000     0.000    data_in[5]
    V15                  IBUF (Prop_ibuf_I_O)         1.466     1.466 r  data_in_IBUF[5]_inst/O
                         net (fo=1, routed)           4.275     5.741    data_in_IBUF[5]
    SLICE_X64Y43         LUT6 (Prop_lut6_I1_O)        0.124     5.865 r  nrz_out_OBUF_inst_i_3/O
                         net (fo=1, routed)           0.664     6.528    nrz_out_OBUF_inst_i_3_n_0
    SLICE_X64Y45         LUT6 (Prop_lut6_I1_O)        0.124     6.652 r  nrz_out_OBUF_inst_i_1/O
                         net (fo=7, routed)           1.459     8.111    tx_pmod_OBUF
    SLICE_X42Y50         FDRE                                         r  vga_g_reg[0]_lopt_replica/D
  -------------------------------------------------------------------    -------------------

                         (clock sys_clk_pin rise edge)
                                                      0.000     0.000 r  
    W5                                                0.000     0.000 r  clk (IN)
                         net (fo=0)                   0.000     0.000    clk
    W5                   IBUF (Prop_ibuf_I_O)         1.388     1.388 r  clk_IBUF_inst/O
                         net (fo=1, routed)           1.862     3.250    clk_IBUF
    BUFGCTRL_X0Y0        BUFG (Prop_bufg_I_O)         0.091     3.341 r  clk_IBUF_BUFG_inst/O
                         net (fo=64, routed)          1.438     4.779    clk_IBUF_BUFG
    SLICE_X42Y50         FDRE                                         r  vga_g_reg[0]_lopt_replica/C

Slack:                    inf
  Source:                 reset
                            (input port)
  Destination:            tick_counter_reg[20]/CLR
                            (recovery check against rising-edge clock sys_clk_pin  {rise@0.000ns fall@5.000ns period=10.000ns})
  Path Group:             (none)
  Path Type:              Recovery (Max at Slow Process Corner)
  Data Path Delay:        7.282ns  (logic 1.441ns (19.792%)  route 5.841ns (80.208%))
  Logic Levels:           1  (IBUF=1)
  Clock Path Skew:        4.836ns (DCD - SCD + CPR)
    Destination Clock Delay (DCD):    4.836ns
    Source Clock Delay      (SCD):    0.000ns
    Clock Pessimism Removal (CPR):    0.000ns
  Clock Uncertainty:      0.025ns  ((TSJ^2 + TIJ^2)^1/2 + DJ) / 2 + PE
    Total System Jitter     (TSJ):    0.050ns
    Total Input Jitter      (TIJ):    0.000ns
    Discrete Jitter          (DJ):    0.000ns
    Phase Error              (PE):    0.000ns

    Location             Delay type                Incr(ns)  Path(ns)    Netlist Resource(s)
  -------------------------------------------------------------------    -------------------
    U18                                               0.000     0.000 f  reset (IN)
                         net (fo=0)                   0.000     0.000    reset
    U18                  IBUF (Prop_ibuf_I_O)         1.441     1.441 f  reset_IBUF_inst/O
                         net (fo=51, routed)          5.841     7.282    reset_IBUF
    SLICE_X64Y77         FDCE                                         f  tick_counter_reg[20]/CLR
  -------------------------------------------------------------------    -------------------

                         (clock sys_clk_pin rise edge)
                                                      0.000     0.000 r  
    W5                                                0.000     0.000 r  clk (IN)
                         net (fo=0)                   0.000     0.000    clk
    W5                   IBUF (Prop_ibuf_I_O)         1.388     1.388 r  clk_IBUF_inst/O
                         net (fo=1, routed)           1.862     3.250    clk_IBUF
    BUFGCTRL_X0Y0        BUFG (Prop_bufg_I_O)         0.091     3.341 r  clk_IBUF_BUFG_inst/O
                         net (fo=64, routed)          1.495     4.836    clk_IBUF_BUFG
    SLICE_X64Y77         FDCE                                         r  tick_counter_reg[20]/C

Slack:                    inf
  Source:                 reset
                            (input port)
  Destination:            tick_counter_reg[21]/CLR
                            (recovery check against rising-edge clock sys_clk_pin  {rise@0.000ns fall@5.000ns period=10.000ns})
  Path Group:             (none)
  Path Type:              Recovery (Max at Slow Process Corner)
  Data Path Delay:        7.282ns  (logic 1.441ns (19.792%)  route 5.841ns (80.208%))
  Logic Levels:           1  (IBUF=1)
  Clock Path Skew:        4.836ns (DCD - SCD + CPR)
    Destination Clock Delay (DCD):    4.836ns
    Source Clock Delay      (SCD):    0.000ns
    Clock Pessimism Removal (CPR):    0.000ns
  Clock Uncertainty:      0.025ns  ((TSJ^2 + TIJ^2)^1/2 + DJ) / 2 + PE
    Total System Jitter     (TSJ):    0.050ns
    Total Input Jitter      (TIJ):    0.000ns
    Discrete Jitter          (DJ):    0.000ns
    Phase Error              (PE):    0.000ns

    Location             Delay type                Incr(ns)  Path(ns)    Netlist Resource(s)
  -------------------------------------------------------------------    -------------------
    U18                                               0.000     0.000 f  reset (IN)
                         net (fo=0)                   0.000     0.000    reset
    U18                  IBUF (Prop_ibuf_I_O)         1.441     1.441 f  reset_IBUF_inst/O
                         net (fo=51, routed)          5.841     7.282    reset_IBUF
    SLICE_X64Y77         FDCE                                         f  tick_counter_reg[21]/CLR
  -------------------------------------------------------------------    -------------------

                         (clock sys_clk_pin rise edge)
                                                      0.000     0.000 r  
    W5                                                0.000     0.000 r  clk (IN)
                         net (fo=0)                   0.000     0.000    clk
    W5                   IBUF (Prop_ibuf_I_O)         1.388     1.388 r  clk_IBUF_inst/O
                         net (fo=1, routed)           1.862     3.250    clk_IBUF
    BUFGCTRL_X0Y0        BUFG (Prop_bufg_I_O)         0.091     3.341 r  clk_IBUF_BUFG_inst/O
                         net (fo=64, routed)          1.495     4.836    clk_IBUF_BUFG
    SLICE_X64Y77         FDCE                                         r  tick_counter_reg[21]/C





Min Delay Paths
--------------------------------------------------------------------------------------
Slack:                    inf
  Source:                 data_in[15]
                            (input port)
  Destination:            vga_g_reg[0]/D
                            (rising edge-triggered cell FDRE clocked by sys_clk_pin  {rise@0.000ns fall@5.000ns period=10.000ns})
  Path Group:             (none)
  Path Type:              Hold (Min at Fast Process Corner)
  Data Path Delay:        1.555ns  (logic 0.314ns (20.211%)  route 1.241ns (79.789%))
  Logic Levels:           3  (IBUF=1 LUT6=2)
  Clock Path Skew:        1.959ns (DCD - SCD - CPR)
    Destination Clock Delay (DCD):    1.959ns
    Source Clock Delay      (SCD):    0.000ns
    Clock Pessimism Removal (CPR):    -0.000ns

    Location             Delay type                Incr(ns)  Path(ns)    Netlist Resource(s)
  -------------------------------------------------------------------    -------------------
    R2                                                0.000     0.000 r  data_in[15] (IN)
                         net (fo=0)                   0.000     0.000    data_in[15]
    R2                   IBUF (Prop_ibuf_I_O)         0.224     0.224 r  data_in_IBUF[15]_inst/O
                         net (fo=1, routed)           0.406     0.630    data_in_IBUF[15]
    SLICE_X64Y45         LUT6 (Prop_lut6_I0_O)        0.045     0.675 r  nrz_out_OBUF_inst_i_2/O
                         net (fo=1, routed)           0.140     0.815    nrz_out_OBUF_inst_i_2_n_0
    SLICE_X64Y45         LUT6 (Prop_lut6_I0_O)        0.045     0.860 r  nrz_out_OBUF_inst_i_1/O
                         net (fo=7, routed)           0.695     1.555    tx_pmod_OBUF
    SLICE_X42Y50         FDRE                                         r  vga_g_reg[0]/D
  -------------------------------------------------------------------    -------------------

                         (clock sys_clk_pin rise edge)
                                                      0.000     0.000 r  
    W5                                                0.000     0.000 r  clk (IN)
                         net (fo=0)                   0.000     0.000    clk
    W5                   IBUF (Prop_ibuf_I_O)         0.414     0.414 r  clk_IBUF_inst/O
                         net (fo=1, routed)           0.685     1.099    clk_IBUF
    BUFGCTRL_X0Y0        BUFG (Prop_bufg_I_O)         0.029     1.128 r  clk_IBUF_BUFG_inst/O
                         net (fo=64, routed)          0.832     1.959    clk_IBUF_BUFG
    SLICE_X42Y50         FDRE                                         r  vga_g_reg[0]/C

Slack:                    inf
  Source:                 data_in[15]
                            (input port)
  Destination:            vga_g_reg[0]_lopt_replica/D
                            (rising edge-triggered cell FDRE clocked by sys_clk_pin  {rise@0.000ns fall@5.000ns period=10.000ns})
  Path Group:             (none)
  Path Type:              Hold (Min at Fast Process Corner)
  Data Path Delay:        1.555ns  (logic 0.314ns (20.211%)  route 1.241ns (79.789%))
  Logic Levels:           3  (IBUF=1 LUT6=2)
  Clock Path Skew:        1.959ns (DCD - SCD - CPR)
    Destination Clock Delay (DCD):    1.959ns
    Source Clock Delay      (SCD):    0.000ns
    Clock Pessimism Removal (CPR):    -0.000ns

    Location             Delay type                Incr(ns)  Path(ns)    Netlist Resource(s)
  -------------------------------------------------------------------    -------------------
    R2                                                0.000     0.000 r  data_in[15] (IN)
                         net (fo=0)                   0.000     0.000    data_in[15]
    R2                   IBUF (Prop_ibuf_I_O)         0.224     0.224 r  data_in_IBUF[15]_inst/O
                         net (fo=1, routed)           0.406     0.630    data_in_IBUF[15]
    SLICE_X64Y45         LUT6 (Prop_lut6_I0_O)        0.045     0.675 r  nrz_out_OBUF_inst_i_2/O
                         net (fo=1, routed)           0.140     0.815    nrz_out_OBUF_inst_i_2_n_0
    SLICE_X64Y45         LUT6 (Prop_lut6_I0_O)        0.045     0.860 r  nrz_out_OBUF_inst_i_1/O
                         net (fo=7, routed)           0.695     1.555    tx_pmod_OBUF
    SLICE_X42Y50         FDRE                                         r  vga_g_reg[0]_lopt_replica/D
  -------------------------------------------------------------------    -------------------

                         (clock sys_clk_pin rise edge)
                                                      0.000     0.000 r  
    W5                                                0.000     0.000 r  clk (IN)
                         net (fo=0)                   0.000     0.000    clk
    W5                   IBUF (Prop_ibuf_I_O)         0.414     0.414 r  clk_IBUF_inst/O
                         net (fo=1, routed)           0.685     1.099    clk_IBUF
    BUFGCTRL_X0Y0        BUFG (Prop_bufg_I_O)         0.029     1.128 r  clk_IBUF_BUFG_inst/O
                         net (fo=64, routed)          0.832     1.959    clk_IBUF_BUFG
    SLICE_X42Y50         FDRE                                         r  vga_g_reg[0]_lopt_replica/C

Slack:                    inf
  Source:                 data_in[15]
                            (input port)
  Destination:            vga_g_reg[0]_lopt_replica_2/D
                            (rising edge-triggered cell FDRE clocked by sys_clk_pin  {rise@0.000ns fall@5.000ns period=10.000ns})
  Path Group:             (none)
  Path Type:              Hold (Min at Fast Process Corner)
  Data Path Delay:        1.615ns  (logic 0.314ns (19.457%)  route 1.301ns (80.543%))
  Logic Levels:           3  (IBUF=1 LUT6=2)
  Clock Path Skew:        1.959ns (DCD - SCD - CPR)
    Destination Clock Delay (DCD):    1.959ns
    Source Clock Delay      (SCD):    0.000ns
    Clock Pessimism Removal (CPR):    -0.000ns

    Location             Delay type                Incr(ns)  Path(ns)    Netlist Resource(s)
  -------------------------------------------------------------------    -------------------
    R2                                                0.000     0.000 r  data_in[15] (IN)
                         net (fo=0)                   0.000     0.000    data_in[15]
    R2                   IBUF (Prop_ibuf_I_O)         0.224     0.224 r  data_in_IBUF[15]_inst/O
                         net (fo=1, routed)           0.406     0.630    data_in_IBUF[15]
    SLICE_X64Y45         LUT6 (Prop_lut6_I0_O)        0.045     0.675 r  nrz_out_OBUF_inst_i_2/O
                         net (fo=1, routed)           0.140     0.815    nrz_out_OBUF_inst_i_2_n_0
    SLICE_X64Y45         LUT6 (Prop_lut6_I0_O)        0.045     0.860 r  nrz_out_OBUF_inst_i_1/O
                         net (fo=7, routed)           0.755     1.615    tx_pmod_OBUF
    SLICE_X42Y50         FDRE                                         r  vga_g_reg[0]_lopt_replica_2/D
  -------------------------------------------------------------------    -------------------

                         (clock sys_clk_pin rise edge)
                                                      0.000     0.000 r  
    W5                                                0.000     0.000 r  clk (IN)
                         net (fo=0)                   0.000     0.000    clk
    W5                   IBUF (Prop_ibuf_I_O)         0.414     0.414 r  clk_IBUF_inst/O
                         net (fo=1, routed)           0.685     1.099    clk_IBUF
    BUFGCTRL_X0Y0        BUFG (Prop_bufg_I_O)         0.029     1.128 r  clk_IBUF_BUFG_inst/O
                         net (fo=64, routed)          0.832     1.959    clk_IBUF_BUFG
    SLICE_X42Y50         FDRE                                         r  vga_g_reg[0]_lopt_replica_2/C

Slack:                    inf
  Source:                 data_in[15]
                            (input port)
  Destination:            vga_g_reg[0]_lopt_replica_3/D
                            (rising edge-triggered cell FDRE clocked by sys_clk_pin  {rise@0.000ns fall@5.000ns period=10.000ns})
  Path Group:             (none)
  Path Type:              Hold (Min at Fast Process Corner)
  Data Path Delay:        1.675ns  (logic 0.314ns (18.757%)  route 1.361ns (81.243%))
  Logic Levels:           3  (IBUF=1 LUT6=2)
  Clock Path Skew:        1.959ns (DCD - SCD - CPR)
    Destination Clock Delay (DCD):    1.959ns
    Source Clock Delay      (SCD):    0.000ns
    Clock Pessimism Removal (CPR):    -0.000ns

    Location             Delay type                Incr(ns)  Path(ns)    Netlist Resource(s)
  -------------------------------------------------------------------    -------------------
    R2                                                0.000     0.000 r  data_in[15] (IN)
                         net (fo=0)                   0.000     0.000    data_in[15]
    R2                   IBUF (Prop_ibuf_I_O)         0.224     0.224 r  data_in_IBUF[15]_inst/O
                         net (fo=1, routed)           0.406     0.630    data_in_IBUF[15]
    SLICE_X64Y45         LUT6 (Prop_lut6_I0_O)        0.045     0.675 r  nrz_out_OBUF_inst_i_2/O
                         net (fo=1, routed)           0.140     0.815    nrz_out_OBUF_inst_i_2_n_0
    SLICE_X64Y45         LUT6 (Prop_lut6_I0_O)        0.045     0.860 r  nrz_out_OBUF_inst_i_1/O
                         net (fo=7, routed)           0.815     1.675    tx_pmod_OBUF
    SLICE_X42Y50         FDRE                                         r  vga_g_reg[0]_lopt_replica_3/D
  -------------------------------------------------------------------    -------------------

                         (clock sys_clk_pin rise edge)
                                                      0.000     0.000 r  
    W5                                                0.000     0.000 r  clk (IN)
                         net (fo=0)                   0.000     0.000    clk
    W5                   IBUF (Prop_ibuf_I_O)         0.414     0.414 r  clk_IBUF_inst/O
                         net (fo=1, routed)           0.685     1.099    clk_IBUF
    BUFGCTRL_X0Y0        BUFG (Prop_bufg_I_O)         0.029     1.128 r  clk_IBUF_BUFG_inst/O
                         net (fo=64, routed)          0.832     1.959    clk_IBUF_BUFG
    SLICE_X42Y50         FDRE                                         r  vga_g_reg[0]_lopt_replica_3/C

Slack:                    inf
  Source:                 reset
                            (input port)
  Destination:            v_cnt_reg[0]/CLR
                            (removal check against rising-edge clock sys_clk_pin  {rise@0.000ns fall@5.000ns period=10.000ns})
  Path Group:             (none)
  Path Type:              Removal (Min at Fast Process Corner)
  Data Path Delay:        1.784ns  (logic 0.210ns (11.746%)  route 1.574ns (88.254%))
  Logic Levels:           1  (IBUF=1)
  Clock Path Skew:        1.958ns (DCD - SCD - CPR)
    Destination Clock Delay (DCD):    1.958ns
    Source Clock Delay      (SCD):    0.000ns
    Clock Pessimism Removal (CPR):    -0.000ns

    Location             Delay type                Incr(ns)  Path(ns)    Netlist Resource(s)
  -------------------------------------------------------------------    -------------------
    U18                                               0.000     0.000 f  reset (IN)
                         net (fo=0)                   0.000     0.000    reset
    U18                  IBUF (Prop_ibuf_I_O)         0.210     0.210 f  reset_IBUF_inst/O
                         net (fo=51, routed)          1.574     1.784    reset_IBUF
    SLICE_X44Y57         FDCE                                         f  v_cnt_reg[0]/CLR
  -------------------------------------------------------------------    -------------------

                         (clock sys_clk_pin rise edge)
                                                      0.000     0.000 r  
    W5                                                0.000     0.000 r  clk (IN)
                         net (fo=0)                   0.000     0.000    clk
    W5                   IBUF (Prop_ibuf_I_O)         0.414     0.414 r  clk_IBUF_inst/O
                         net (fo=1, routed)           0.685     1.099    clk_IBUF
    BUFGCTRL_X0Y0        BUFG (Prop_bufg_I_O)         0.029     1.128 r  clk_IBUF_BUFG_inst/O
                         net (fo=64, routed)          0.831     1.958    clk_IBUF_BUFG
    SLICE_X44Y57         FDCE                                         r  v_cnt_reg[0]/C

Slack:                    inf
  Source:                 reset
                            (input port)
  Destination:            v_cnt_reg[1]/CLR
                            (removal check against rising-edge clock sys_clk_pin  {rise@0.000ns fall@5.000ns period=10.000ns})
  Path Group:             (none)
  Path Type:              Removal (Min at Fast Process Corner)
  Data Path Delay:        1.784ns  (logic 0.210ns (11.746%)  route 1.574ns (88.254%))
  Logic Levels:           1  (IBUF=1)
  Clock Path Skew:        1.958ns (DCD - SCD - CPR)
    Destination Clock Delay (DCD):    1.958ns
    Source Clock Delay      (SCD):    0.000ns
    Clock Pessimism Removal (CPR):    -0.000ns

    Location             Delay type                Incr(ns)  Path(ns)    Netlist Resource(s)
  -------------------------------------------------------------------    -------------------
    U18                                               0.000     0.000 f  reset (IN)
                         net (fo=0)                   0.000     0.000    reset
    U18                  IBUF (Prop_ibuf_I_O)         0.210     0.210 f  reset_IBUF_inst/O
                         net (fo=51, routed)          1.574     1.784    reset_IBUF
    SLICE_X44Y57         FDCE                                         f  v_cnt_reg[1]/CLR
  -------------------------------------------------------------------    -------------------

                         (clock sys_clk_pin rise edge)
                                                      0.000     0.000 r  
    W5                                                0.000     0.000 r  clk (IN)
                         net (fo=0)                   0.000     0.000    clk
    W5                   IBUF (Prop_ibuf_I_O)         0.414     0.414 r  clk_IBUF_inst/O
                         net (fo=1, routed)           0.685     1.099    clk_IBUF
    BUFGCTRL_X0Y0        BUFG (Prop_bufg_I_O)         0.029     1.128 r  clk_IBUF_BUFG_inst/O
                         net (fo=64, routed)          0.831     1.958    clk_IBUF_BUFG
    SLICE_X44Y57         FDCE                                         r  v_cnt_reg[1]/C

Slack:                    inf
  Source:                 reset
                            (input port)
  Destination:            v_cnt_reg[2]/CLR
                            (removal check against rising-edge clock sys_clk_pin  {rise@0.000ns fall@5.000ns period=10.000ns})
  Path Group:             (none)
  Path Type:              Removal (Min at Fast Process Corner)
  Data Path Delay:        1.784ns  (logic 0.210ns (11.746%)  route 1.574ns (88.254%))
  Logic Levels:           1  (IBUF=1)
  Clock Path Skew:        1.958ns (DCD - SCD - CPR)
    Destination Clock Delay (DCD):    1.958ns
    Source Clock Delay      (SCD):    0.000ns
    Clock Pessimism Removal (CPR):    -0.000ns

    Location             Delay type                Incr(ns)  Path(ns)    Netlist Resource(s)
  -------------------------------------------------------------------    -------------------
    U18                                               0.000     0.000 f  reset (IN)
                         net (fo=0)                   0.000     0.000    reset
    U18                  IBUF (Prop_ibuf_I_O)         0.210     0.210 f  reset_IBUF_inst/O
                         net (fo=51, routed)          1.574     1.784    reset_IBUF
    SLICE_X44Y57         FDCE                                         f  v_cnt_reg[2]/CLR
  -------------------------------------------------------------------    -------------------

                         (clock sys_clk_pin rise edge)
                                                      0.000     0.000 r  
    W5                                                0.000     0.000 r  clk (IN)
                         net (fo=0)                   0.000     0.000    clk
    W5                   IBUF (Prop_ibuf_I_O)         0.414     0.414 r  clk_IBUF_inst/O
                         net (fo=1, routed)           0.685     1.099    clk_IBUF
    BUFGCTRL_X0Y0        BUFG (Prop_bufg_I_O)         0.029     1.128 r  clk_IBUF_BUFG_inst/O
                         net (fo=64, routed)          0.831     1.958    clk_IBUF_BUFG
    SLICE_X44Y57         FDCE                                         r  v_cnt_reg[2]/C

Slack:                    inf
  Source:                 reset
                            (input port)
  Destination:            v_cnt_reg[3]/CLR
                            (removal check against rising-edge clock sys_clk_pin  {rise@0.000ns fall@5.000ns period=10.000ns})
  Path Group:             (none)
  Path Type:              Removal (Min at Fast Process Corner)
  Data Path Delay:        1.784ns  (logic 0.210ns (11.746%)  route 1.574ns (88.254%))
  Logic Levels:           1  (IBUF=1)
  Clock Path Skew:        1.958ns (DCD - SCD - CPR)
    Destination Clock Delay (DCD):    1.958ns
    Source Clock Delay      (SCD):    0.000ns
    Clock Pessimism Removal (CPR):    -0.000ns

    Location             Delay type                Incr(ns)  Path(ns)    Netlist Resource(s)
  -------------------------------------------------------------------    -------------------
    U18                                               0.000     0.000 f  reset (IN)
                         net (fo=0)                   0.000     0.000    reset
    U18                  IBUF (Prop_ibuf_I_O)         0.210     0.210 f  reset_IBUF_inst/O
                         net (fo=51, routed)          1.574     1.784    reset_IBUF
    SLICE_X44Y57         FDCE                                         f  v_cnt_reg[3]/CLR
  -------------------------------------------------------------------    -------------------

                         (clock sys_clk_pin rise edge)
                                                      0.000     0.000 r  
    W5                                                0.000     0.000 r  clk (IN)
                         net (fo=0)                   0.000     0.000    clk
    W5                   IBUF (Prop_ibuf_I_O)         0.414     0.414 r  clk_IBUF_inst/O
                         net (fo=1, routed)           0.685     1.099    clk_IBUF
    BUFGCTRL_X0Y0        BUFG (Prop_bufg_I_O)         0.029     1.128 r  clk_IBUF_BUFG_inst/O
                         net (fo=64, routed)          0.831     1.958    clk_IBUF_BUFG
    SLICE_X44Y57         FDCE                                         r  v_cnt_reg[3]/C

Slack:                    inf
  Source:                 data_in[15]
                            (input port)
  Destination:            vga_r_reg[0]/R
                            (rising edge-triggered cell FDRE clocked by sys_clk_pin  {rise@0.000ns fall@5.000ns period=10.000ns})
  Path Group:             (none)
  Path Type:              Hold (Min at Fast Process Corner)
  Data Path Delay:        1.809ns  (logic 0.359ns (19.856%)  route 1.450ns (80.144%))
  Logic Levels:           4  (IBUF=1 LUT6=3)
  Clock Path Skew:        1.960ns (DCD - SCD - CPR)
    Destination Clock Delay (DCD):    1.960ns
    Source Clock Delay      (SCD):    0.000ns
    Clock Pessimism Removal (CPR):    -0.000ns

    Location             Delay type                Incr(ns)  Path(ns)    Netlist Resource(s)
  -------------------------------------------------------------------    -------------------
    R2                                                0.000     0.000 r  data_in[15] (IN)
                         net (fo=0)                   0.000     0.000    data_in[15]
    R2                   IBUF (Prop_ibuf_I_O)         0.224     0.224 r  data_in_IBUF[15]_inst/O
                         net (fo=1, routed)           0.406     0.630    data_in_IBUF[15]
    SLICE_X64Y45         LUT6 (Prop_lut6_I0_O)        0.045     0.675 r  nrz_out_OBUF_inst_i_2/O
                         net (fo=1, routed)           0.140     0.815    nrz_out_OBUF_inst_i_2_n_0
    SLICE_X64Y45         LUT6 (Prop_lut6_I0_O)        0.045     0.860 r  nrz_out_OBUF_inst_i_1/O
                         net (fo=7, routed)           0.667     1.528    tx_pmod_OBUF
    SLICE_X44Y50         LUT6 (Prop_lut6_I5_O)        0.045     1.573 r  vga_r[0]_i_1/O
                         net (fo=4, routed)           0.237     1.809    vga_r[0]_i_1_n_0
    SLICE_X44Y50         FDRE                                         r  vga_r_reg[0]/R
  -------------------------------------------------------------------    -------------------

                         (clock sys_clk_pin rise edge)
                                                      0.000     0.000 r  
    W5                                                0.000     0.000 r  clk (IN)
                         net (fo=0)                   0.000     0.000    clk
    W5                   IBUF (Prop_ibuf_I_O)         0.414     0.414 r  clk_IBUF_inst/O
                         net (fo=1, routed)           0.685     1.099    clk_IBUF
    BUFGCTRL_X0Y0        BUFG (Prop_bufg_I_O)         0.029     1.128 r  clk_IBUF_BUFG_inst/O
                         net (fo=64, routed)          0.833     1.960    clk_IBUF_BUFG
    SLICE_X44Y50         FDRE                                         r  vga_r_reg[0]/C

Slack:                    inf
  Source:                 data_in[15]
                            (input port)
  Destination:            vga_r_reg[0]_lopt_replica/R
                            (rising edge-triggered cell FDRE clocked by sys_clk_pin  {rise@0.000ns fall@5.000ns period=10.000ns})
  Path Group:             (none)
  Path Type:              Hold (Min at Fast Process Corner)
  Data Path Delay:        1.809ns  (logic 0.359ns (19.856%)  route 1.450ns (80.144%))
  Logic Levels:           4  (IBUF=1 LUT6=3)
  Clock Path Skew:        1.960ns (DCD - SCD - CPR)
    Destination Clock Delay (DCD):    1.960ns
    Source Clock Delay      (SCD):    0.000ns
    Clock Pessimism Removal (CPR):    -0.000ns

    Location             Delay type                Incr(ns)  Path(ns)    Netlist Resource(s)
  -------------------------------------------------------------------    -------------------
    R2                                                0.000     0.000 r  data_in[15] (IN)
                         net (fo=0)                   0.000     0.000    data_in[15]
    R2                   IBUF (Prop_ibuf_I_O)         0.224     0.224 r  data_in_IBUF[15]_inst/O
                         net (fo=1, routed)           0.406     0.630    data_in_IBUF[15]
    SLICE_X64Y45         LUT6 (Prop_lut6_I0_O)        0.045     0.675 r  nrz_out_OBUF_inst_i_2/O
                         net (fo=1, routed)           0.140     0.815    nrz_out_OBUF_inst_i_2_n_0
    SLICE_X64Y45         LUT6 (Prop_lut6_I0_O)        0.045     0.860 r  nrz_out_OBUF_inst_i_1/O
                         net (fo=7, routed)           0.667     1.528    tx_pmod_OBUF
    SLICE_X44Y50         LUT6 (Prop_lut6_I5_O)        0.045     1.573 r  vga_r[0]_i_1/O
                         net (fo=4, routed)           0.237     1.809    vga_r[0]_i_1_n_0
    SLICE_X44Y50         FDRE                                         r  vga_r_reg[0]_lopt_replica/R
  -------------------------------------------------------------------    -------------------

                         (clock sys_clk_pin rise edge)
                                                      0.000     0.000 r  
    W5                                                0.000     0.000 r  clk (IN)
                         net (fo=0)                   0.000     0.000    clk
    W5                   IBUF (Prop_ibuf_I_O)         0.414     0.414 r  clk_IBUF_inst/O
                         net (fo=1, routed)           0.685     1.099    clk_IBUF
    BUFGCTRL_X0Y0        BUFG (Prop_bufg_I_O)         0.029     1.128 r  clk_IBUF_BUFG_inst/O
                         net (fo=64, routed)          0.833     1.960    clk_IBUF_BUFG
    SLICE_X44Y50         FDRE                                         r  vga_r_reg[0]_lopt_replica/C





