Copyright 1986-2022 Xilinx, Inc. All Rights Reserved. Copyright 2022-2025 Advanced Micro Devices, Inc. All Rights Reserved.
---------------------------------------------------------------------------------------------------------------------------------------------------------------------------------------------------------------------------------------------
| Tool Version : Vivado v.2025.2 (win64) Build 6299465 Fri Nov 14 19:35:11 GMT 2025
| Date         : Fri May 22 20:04:36 2026
| Host         : CE-LAB6728 running 64-bit major release  (build 9200)
| Command      : report_timing_summary -max_paths 10 -routable_nets -report_unconstrained -file nrz_vga_top_timing_summary_routed.rpt -pb nrz_vga_top_timing_summary_routed.pb -rpx nrz_vga_top_timing_summary_routed.rpx -warn_on_violation
| Design       : nrz_vga_top
| Device       : 7a35t-cpg236
| Speed File   : -1  PRODUCTION 1.23 2018-06-13
| Design State : Routed
---------------------------------------------------------------------------------------------------------------------------------------------------------------------------------------------------------------------------------------------

Timing Summary Report

------------------------------------------------------------------------------------------------
| Timer Settings
| --------------
------------------------------------------------------------------------------------------------

  Enable Multi Corner Analysis               :  Yes
  Enable Pessimism Removal                   :  Yes
  Pessimism Removal Resolution               :  Nearest Common Node
  Enable Input Delay Default Clock           :  No
  Enable Preset / Clear Arcs                 :  No
  Disable Flight Delays                      :  No
  Ignore I/O Paths                           :  No
  Timing Early Launch at Borrowing Latches   :  No
  Borrow Time for Max Delay Exceptions       :  Yes
  Merge Timing Exceptions                    :  Yes
  Inter-SLR Compensation                     :  Conservative

  Corner  Analyze    Analyze    
  Name    Max Paths  Min Paths  
  ------  ---------  ---------  
  Slow    Yes        Yes        
  Fast    Yes        Yes        


------------------------------------------------------------------------------------------------
| Report Methodology
| ------------------
------------------------------------------------------------------------------------------------

Rule       Severity          Description                    Violations  
---------  ----------------  -----------------------------  ----------  
TIMING-17  Critical Warning  Non-clocked sequential cell    20          
TIMING-18  Warning           Missing input or output delay  34          

Note: This report is based on the most recent report_methodology run and may not be up-to-date. Run report_methodology on the current design for the latest report.



check_timing report

Table of Contents
-----------------
1. checking no_clock (20)
2. checking constant_clock (0)
3. checking pulse_width_clock (0)
4. checking unconstrained_internal_endpoints (50)
5. checking no_input_delay (17)
6. checking no_output_delay (19)
7. checking multiple_clock (0)
8. checking generated_clocks (0)
9. checking loops (0)
10. checking partial_input_delay (0)
11. checking partial_output_delay (0)
12. checking latch_loops (0)

1. checking no_clock (20)
-------------------------
 There are 20 register/latch pins with no clock driven by root clock pin: clk_25MHz_reg/Q (HIGH)


2. checking constant_clock (0)
------------------------------
 There are 0 register/latch pins with constant_clock.


3. checking pulse_width_clock (0)
---------------------------------
 There are 0 register/latch pins which need pulse_width check


4. checking unconstrained_internal_endpoints (50)
-------------------------------------------------
 There are 50 pins that are not constrained for maximum delay. (HIGH)

 There are 0 pins that are not constrained for maximum delay due to constant clock.


5. checking no_input_delay (17)
-------------------------------
 There are 17 input ports with no input delay specified. (HIGH)

 There are 0 input ports with no input delay but user has a false path constraint.


6. checking no_output_delay (19)
--------------------------------
 There are 19 ports with no output delay specified. (HIGH)

 There are 0 ports with no output delay but user has a false path constraint

 There are 0 ports with no output delay but with a timing clock defined on it or propagating through it


7. checking multiple_clock (0)
------------------------------
 There are 0 register/latch pins with multiple clocks.


8. checking generated_clocks (0)
--------------------------------
 There are 0 generated clocks that are not connected to a clock source.


9. checking loops (0)
---------------------
 There are 0 combinational loops in the design.


10. checking partial_input_delay (0)
------------------------------------
 There are 0 input ports with partial input delay specified.


11. checking partial_output_delay (0)
-------------------------------------
 There are 0 ports with partial output delay specified.


12. checking latch_loops (0)
----------------------------
 There are 0 combinational latch loops in the design through latch input



------------------------------------------------------------------------------------------------
| Design Timing Summary
| ---------------------
------------------------------------------------------------------------------------------------

    WNS(ns)      TNS(ns)  TNS Failing Endpoints  TNS Total Endpoints      WHS(ns)      THS(ns)  THS Failing Endpoints  THS Total Endpoints     WPWS(ns)     TPWS(ns)  TPWS Failing Endpoints  TPWS Total Endpoints  
    -------      -------  ---------------------  -------------------      -------      -------  ---------------------  -------------------     --------     --------  ----------------------  --------------------  
      4.870        0.000                      0                   38        0.265        0.000                      0                   38        4.500        0.000                       0                    35  


All user specified timing constraints are met.


------------------------------------------------------------------------------------------------
| Clock Summary
| -------------
------------------------------------------------------------------------------------------------

Clock        Waveform(ns)       Period(ns)      Frequency(MHz)
-----        ------------       ----------      --------------
sys_clk_pin  {0.000 5.000}      10.000          100.000         


------------------------------------------------------------------------------------------------
| Intra Clock Table
| -----------------
------------------------------------------------------------------------------------------------

Clock             WNS(ns)      TNS(ns)  TNS Failing Endpoints  TNS Total Endpoints      WHS(ns)      THS(ns)  THS Failing Endpoints  THS Total Endpoints     WPWS(ns)     TPWS(ns)  TPWS Failing Endpoints  TPWS Total Endpoints  
-----             -------      -------  ---------------------  -------------------      -------      -------  ---------------------  -------------------     --------     --------  ----------------------  --------------------  
sys_clk_pin         4.870        0.000                      0                   38        0.265        0.000                      0                   38        4.500        0.000                       0                    35  


------------------------------------------------------------------------------------------------
| Inter Clock Table
| -----------------
------------------------------------------------------------------------------------------------

From Clock    To Clock          WNS(ns)      TNS(ns)  TNS Failing Endpoints  TNS Total Endpoints      WHS(ns)      THS(ns)  THS Failing Endpoints  THS Total Endpoints  
----------    --------          -------      -------  ---------------------  -------------------      -------      -------  ---------------------  -------------------  


------------------------------------------------------------------------------------------------
| Other Path Groups Table
| -----------------------
------------------------------------------------------------------------------------------------

Path Group    From Clock    To Clock          WNS(ns)      TNS(ns)  TNS Failing Endpoints  TNS Total Endpoints      WHS(ns)      THS(ns)  THS Failing Endpoints  THS Total Endpoints  
----------    ----------    --------          -------      -------  ---------------------  -------------------      -------      -------  ---------------------  -------------------  


------------------------------------------------------------------------------------------------
| User Ignored Path Table
| -----------------------
------------------------------------------------------------------------------------------------

Path Group    From Clock    To Clock    
----------    ----------    --------    


------------------------------------------------------------------------------------------------
| Unconstrained Path Table
| ------------------------
------------------------------------------------------------------------------------------------

Path Group    From Clock    To Clock    
----------    ----------    --------    
(none)                                    
(none)        sys_clk_pin                 
(none)                      sys_clk_pin   


------------------------------------------------------------------------------------------------
| Timing Details
| --------------
------------------------------------------------------------------------------------------------


---------------------------------------------------------------------------------------------------
From Clock:  sys_clk_pin
  To Clock:  sys_clk_pin

Setup :            0  Failing Endpoints,  Worst Slack        4.870ns,  Total Violation        0.000ns
Hold  :            0  Failing Endpoints,  Worst Slack        0.265ns,  Total Violation        0.000ns
PW    :            0  Failing Endpoints,  Worst Slack        4.500ns,  Total Violation        0.000ns
---------------------------------------------------------------------------------------------------


Max Delay Paths
--------------------------------------------------------------------------------------
Slack (MET) :             4.870ns  (required time - arrival time)
  Source:                 bit_ptr_reg[0]/C
                            (rising edge-triggered cell FDPE clocked by sys_clk_pin  {rise@0.000ns fall@5.000ns period=10.000ns})
  Destination:            current_lvl_reg/D
                            (rising edge-triggered cell FDCE clocked by sys_clk_pin  {rise@0.000ns fall@5.000ns period=10.000ns})
  Path Group:             sys_clk_pin
  Path Type:              Setup (Max at Slow Process Corner)
  Requirement:            10.000ns  (sys_clk_pin rise@10.000ns - sys_clk_pin rise@0.000ns)
  Data Path Delay:        5.103ns  (logic 1.096ns (21.478%)  route 4.007ns (78.522%))
  Logic Levels:           3  (LUT6=2 MUXF7=1)
  Clock Path Skew:        -0.021ns (DCD - SCD + CPR)
    Destination Clock Delay (DCD):    4.851ns = ( 14.851 - 10.000 ) 
    Source Clock Delay      (SCD):    5.144ns
    Clock Pessimism Removal (CPR):    0.272ns
  Clock Uncertainty:      0.035ns  ((TSJ^2 + TIJ^2)^1/2 + DJ) / 2 + PE
    Total System Jitter     (TSJ):    0.071ns
    Total Input Jitter      (TIJ):    0.000ns
    Discrete Jitter          (DJ):    0.000ns
    Phase Error              (PE):    0.000ns

    Location             Delay type                Incr(ns)  Path(ns)    Netlist Resource(s)
  -------------------------------------------------------------------    -------------------
                         (clock sys_clk_pin rise edge)
                                                      0.000     0.000 r  
    W5                                                0.000     0.000 r  clk (IN)
                         net (fo=0)                   0.000     0.000    clk
    W5                   IBUF (Prop_ibuf_I_O)         1.458     1.458 r  clk_IBUF_inst/O
                         net (fo=1, routed)           1.967     3.425    clk_IBUF
    BUFGCTRL_X0Y0        BUFG (Prop_bufg_I_O)         0.096     3.521 r  clk_IBUF_BUFG_inst/O
                         net (fo=34, routed)          1.623     5.144    clk_IBUF_BUFG
    SLICE_X63Y61         FDPE                                         r  bit_ptr_reg[0]/C
  -------------------------------------------------------------------    -------------------
    SLICE_X63Y61         FDPE (Prop_fdpe_C_Q)         0.456     5.600 r  bit_ptr_reg[0]/Q
                         net (fo=9, routed)           2.309     7.909    bit_idx_OBUF[0]
    SLICE_X41Y35         LUT6 (Prop_lut6_I4_O)        0.124     8.033 r  current_lvl_i_13/O
                         net (fo=1, routed)           0.000     8.033    current_lvl_i_13_n_0
    SLICE_X41Y35         MUXF7 (Prop_muxf7_I1_O)      0.217     8.250 r  current_lvl_reg_i_5/O
                         net (fo=1, routed)           1.698     9.948    current_lvl_reg_i_5_n_0
    SLICE_X63Y51         LUT6 (Prop_lut6_I5_O)        0.299    10.247 r  current_lvl_i_1/O
                         net (fo=1, routed)           0.000    10.247    current_lvl
    SLICE_X63Y51         FDCE                                         r  current_lvl_reg/D
  -------------------------------------------------------------------    -------------------

                         (clock sys_clk_pin rise edge)
                                                     10.000    10.000 r  
    W5                                                0.000    10.000 r  clk (IN)
                         net (fo=0)                   0.000    10.000    clk
    W5                   IBUF (Prop_ibuf_I_O)         1.388    11.388 r  clk_IBUF_inst/O
                         net (fo=1, routed)           1.862    13.250    clk_IBUF
    BUFGCTRL_X0Y0        BUFG (Prop_bufg_I_O)         0.091    13.341 r  clk_IBUF_BUFG_inst/O
                         net (fo=34, routed)          1.510    14.851    clk_IBUF_BUFG
    SLICE_X63Y51         FDCE                                         r  current_lvl_reg/C
                         clock pessimism              0.272    15.123    
                         clock uncertainty           -0.035    15.088    
    SLICE_X63Y51         FDCE (Setup_fdce_C_D)        0.029    15.117    current_lvl_reg
  -------------------------------------------------------------------
                         required time                         15.117    
                         arrival time                         -10.247    
  -------------------------------------------------------------------
                         slack                                  4.870    

Slack (MET) :             5.290ns  (required time - arrival time)
  Source:                 tick_counter_reg[10]/C
                            (rising edge-triggered cell FDCE clocked by sys_clk_pin  {rise@0.000ns fall@5.000ns period=10.000ns})
  Destination:            tick_counter_reg[25]/D
                            (rising edge-triggered cell FDCE clocked by sys_clk_pin  {rise@0.000ns fall@5.000ns period=10.000ns})
  Path Group:             sys_clk_pin
  Path Type:              Setup (Max at Slow Process Corner)
  Requirement:            10.000ns  (sys_clk_pin rise@10.000ns - sys_clk_pin rise@0.000ns)
  Data Path Delay:        4.701ns  (logic 2.150ns (45.730%)  route 2.551ns (54.270%))
  Logic Levels:           9  (CARRY4=6 LUT5=2 LUT6=1)
  Clock Path Skew:        -0.035ns (DCD - SCD + CPR)
    Destination Clock Delay (DCD):    4.836ns = ( 14.836 - 10.000 ) 
    Source Clock Delay      (SCD):    5.129ns
    Clock Pessimism Removal (CPR):    0.258ns
  Clock Uncertainty:      0.035ns  ((TSJ^2 + TIJ^2)^1/2 + DJ) / 2 + PE
    Total System Jitter     (TSJ):    0.071ns
    Total Input Jitter      (TIJ):    0.000ns
    Discrete Jitter          (DJ):    0.000ns
    Phase Error              (PE):    0.000ns

    Location             Delay type                Incr(ns)  Path(ns)    Netlist Resource(s)
  -------------------------------------------------------------------    -------------------
                         (clock sys_clk_pin rise edge)
                                                      0.000     0.000 r  
    W5                                                0.000     0.000 r  clk (IN)
                         net (fo=0)                   0.000     0.000    clk
    W5                   IBUF (Prop_ibuf_I_O)         1.458     1.458 r  clk_IBUF_inst/O
                         net (fo=1, routed)           1.967     3.425    clk_IBUF
    BUFGCTRL_X0Y0        BUFG (Prop_bufg_I_O)         0.096     3.521 r  clk_IBUF_BUFG_inst/O
                         net (fo=34, routed)          1.608     5.129    clk_IBUF_BUFG
    SLICE_X62Y73         FDCE                                         r  tick_counter_reg[10]/C
  -------------------------------------------------------------------    -------------------
    SLICE_X62Y73         FDCE (Prop_fdce_C_Q)         0.456     5.585 f  tick_counter_reg[10]/Q
                         net (fo=3, routed)           0.859     6.444    tick_counter_reg[10]
    SLICE_X63Y73         LUT5 (Prop_lut5_I3_O)        0.124     6.568 f  tick_counter[0]_i_8/O
                         net (fo=1, routed)           0.634     7.203    tick_counter[0]_i_8_n_0
    SLICE_X63Y74         LUT6 (Prop_lut6_I1_O)        0.124     7.327 f  tick_counter[0]_i_7/O
                         net (fo=24, routed)          1.049     8.375    tick_counter[0]_i_7_n_0
    SLICE_X62Y72         LUT5 (Prop_lut5_I1_O)        0.124     8.499 r  tick_counter[4]_i_5/O
                         net (fo=1, routed)           0.000     8.499    tick_counter[4]_i_5_n_0
    SLICE_X62Y72         CARRY4 (Prop_carry4_S[0]_CO[3])
                                                      0.532     9.031 r  tick_counter_reg[4]_i_1/CO[3]
                         net (fo=1, routed)           0.000     9.031    tick_counter_reg[4]_i_1_n_0
    SLICE_X62Y73         CARRY4 (Prop_carry4_CI_CO[3])
                                                      0.114     9.145 r  tick_counter_reg[8]_i_1/CO[3]
                         net (fo=1, routed)           0.000     9.145    tick_counter_reg[8]_i_1_n_0
    SLICE_X62Y74         CARRY4 (Prop_carry4_CI_CO[3])
                                                      0.114     9.259 r  tick_counter_reg[12]_i_1/CO[3]
                         net (fo=1, routed)           0.009     9.268    tick_counter_reg[12]_i_1_n_0
    SLICE_X62Y75         CARRY4 (Prop_carry4_CI_CO[3])
                                                      0.114     9.382 r  tick_counter_reg[16]_i_1/CO[3]
                         net (fo=1, routed)           0.000     9.382    tick_counter_reg[16]_i_1_n_0
    SLICE_X62Y76         CARRY4 (Prop_carry4_CI_CO[3])
                                                      0.114     9.496 r  tick_counter_reg[20]_i_1/CO[3]
                         net (fo=1, routed)           0.000     9.496    tick_counter_reg[20]_i_1_n_0
    SLICE_X62Y77         CARRY4 (Prop_carry4_CI_O[1])
                                                      0.334     9.830 r  tick_counter_reg[24]_i_1/O[1]
                         net (fo=1, routed)           0.000     9.830    tick_counter_reg[24]_i_1_n_6
    SLICE_X62Y77         FDCE                                         r  tick_counter_reg[25]/D
  -------------------------------------------------------------------    -------------------

                         (clock sys_clk_pin rise edge)
                                                     10.000    10.000 r  
    W5                                                0.000    10.000 r  clk (IN)
                         net (fo=0)                   0.000    10.000    clk
    W5                   IBUF (Prop_ibuf_I_O)         1.388    11.388 r  clk_IBUF_inst/O
                         net (fo=1, routed)           1.862    13.250    clk_IBUF
    BUFGCTRL_X0Y0        BUFG (Prop_bufg_I_O)         0.091    13.341 r  clk_IBUF_BUFG_inst/O
                         net (fo=34, routed)          1.495    14.836    clk_IBUF_BUFG
    SLICE_X62Y77         FDCE                                         r  tick_counter_reg[25]/C
                         clock pessimism              0.258    15.094    
                         clock uncertainty           -0.035    15.059    
    SLICE_X62Y77         FDCE (Setup_fdce_C_D)        0.062    15.121    tick_counter_reg[25]
  -------------------------------------------------------------------
                         required time                         15.121    
                         arrival time                          -9.830    
  -------------------------------------------------------------------
                         slack                                  5.290    

Slack (MET) :             5.385ns  (required time - arrival time)
  Source:                 tick_counter_reg[10]/C
                            (rising edge-triggered cell FDCE clocked by sys_clk_pin  {rise@0.000ns fall@5.000ns period=10.000ns})
  Destination:            tick_counter_reg[26]/D
                            (rising edge-triggered cell FDCE clocked by sys_clk_pin  {rise@0.000ns fall@5.000ns period=10.000ns})
  Path Group:             sys_clk_pin
  Path Type:              Setup (Max at Slow Process Corner)
  Requirement:            10.000ns  (sys_clk_pin rise@10.000ns - sys_clk_pin rise@0.000ns)
  Data Path Delay:        4.606ns  (logic 2.055ns (44.611%)  route 2.551ns (55.389%))
  Logic Levels:           9  (CARRY4=6 LUT5=2 LUT6=1)
  Clock Path Skew:        -0.035ns (DCD - SCD + CPR)
    Destination Clock Delay (DCD):    4.836ns = ( 14.836 - 10.000 ) 
    Source Clock Delay      (SCD):    5.129ns
    Clock Pessimism Removal (CPR):    0.258ns
  Clock Uncertainty:      0.035ns  ((TSJ^2 + TIJ^2)^1/2 + DJ) / 2 + PE
    Total System Jitter     (TSJ):    0.071ns
    Total Input Jitter      (TIJ):    0.000ns
    Discrete Jitter          (DJ):    0.000ns
    Phase Error              (PE):    0.000ns

    Location             Delay type                Incr(ns)  Path(ns)    Netlist Resource(s)
  -------------------------------------------------------------------    -------------------
                         (clock sys_clk_pin rise edge)
                                                      0.000     0.000 r  
    W5                                                0.000     0.000 r  clk (IN)
                         net (fo=0)                   0.000     0.000    clk
    W5                   IBUF (Prop_ibuf_I_O)         1.458     1.458 r  clk_IBUF_inst/O
                         net (fo=1, routed)           1.967     3.425    clk_IBUF
    BUFGCTRL_X0Y0        BUFG (Prop_bufg_I_O)         0.096     3.521 r  clk_IBUF_BUFG_inst/O
                         net (fo=34, routed)          1.608     5.129    clk_IBUF_BUFG
    SLICE_X62Y73         FDCE                                         r  tick_counter_reg[10]/C
  -------------------------------------------------------------------    -------------------
    SLICE_X62Y73         FDCE (Prop_fdce_C_Q)         0.456     5.585 f  tick_counter_reg[10]/Q
                         net (fo=3, routed)           0.859     6.444    tick_counter_reg[10]
    SLICE_X63Y73         LUT5 (Prop_lut5_I3_O)        0.124     6.568 f  tick_counter[0]_i_8/O
                         net (fo=1, routed)           0.634     7.203    tick_counter[0]_i_8_n_0
    SLICE_X63Y74         LUT6 (Prop_lut6_I1_O)        0.124     7.327 f  tick_counter[0]_i_7/O
                         net (fo=24, routed)          1.049     8.375    tick_counter[0]_i_7_n_0
    SLICE_X62Y72         LUT5 (Prop_lut5_I1_O)        0.124     8.499 r  tick_counter[4]_i_5/O
                         net (fo=1, routed)           0.000     8.499    tick_counter[4]_i_5_n_0
    SLICE_X62Y72         CARRY4 (Prop_carry4_S[0]_CO[3])
                                                      0.532     9.031 r  tick_counter_reg[4]_i_1/CO[3]
                         net (fo=1, routed)           0.000     9.031    tick_counter_reg[4]_i_1_n_0
    SLICE_X62Y73         CARRY4 (Prop_carry4_CI_CO[3])
                                                      0.114     9.145 r  tick_counter_reg[8]_i_1/CO[3]
                         net (fo=1, routed)           0.000     9.145    tick_counter_reg[8]_i_1_n_0
    SLICE_X62Y74         CARRY4 (Prop_carry4_CI_CO[3])
                                                      0.114     9.259 r  tick_counter_reg[12]_i_1/CO[3]
                         net (fo=1, routed)           0.009     9.268    tick_counter_reg[12]_i_1_n_0
    SLICE_X62Y75         CARRY4 (Prop_carry4_CI_CO[3])
                                                      0.114     9.382 r  tick_counter_reg[16]_i_1/CO[3]
                         net (fo=1, routed)           0.000     9.382    tick_counter_reg[16]_i_1_n_0
    SLICE_X62Y76         CARRY4 (Prop_carry4_CI_CO[3])
                                                      0.114     9.496 r  tick_counter_reg[20]_i_1/CO[3]
                         net (fo=1, routed)           0.000     9.496    tick_counter_reg[20]_i_1_n_0
    SLICE_X62Y77         CARRY4 (Prop_carry4_CI_O[2])
                                                      0.239     9.735 r  tick_counter_reg[24]_i_1/O[2]
                         net (fo=1, routed)           0.000     9.735    tick_counter_reg[24]_i_1_n_5
    SLICE_X62Y77         FDCE                                         r  tick_counter_reg[26]/D
  -------------------------------------------------------------------    -------------------

                         (clock sys_clk_pin rise edge)
                                                     10.000    10.000 r  
    W5                                                0.000    10.000 r  clk (IN)
                         net (fo=0)                   0.000    10.000    clk
    W5                   IBUF (Prop_ibuf_I_O)         1.388    11.388 r  clk_IBUF_inst/O
                         net (fo=1, routed)           1.862    13.250    clk_IBUF
    BUFGCTRL_X0Y0        BUFG (Prop_bufg_I_O)         0.091    13.341 r  clk_IBUF_BUFG_inst/O
                         net (fo=34, routed)          1.495    14.836    clk_IBUF_BUFG
    SLICE_X62Y77         FDCE                                         r  tick_counter_reg[26]/C
                         clock pessimism              0.258    15.094    
                         clock uncertainty           -0.035    15.059    
    SLICE_X62Y77         FDCE (Setup_fdce_C_D)        0.062    15.121    tick_counter_reg[26]
  -------------------------------------------------------------------
                         required time                         15.121    
                         arrival time                          -9.735    
  -------------------------------------------------------------------
                         slack                                  5.385    

Slack (MET) :             5.401ns  (required time - arrival time)
  Source:                 tick_counter_reg[10]/C
                            (rising edge-triggered cell FDCE clocked by sys_clk_pin  {rise@0.000ns fall@5.000ns period=10.000ns})
  Destination:            tick_counter_reg[24]/D
                            (rising edge-triggered cell FDCE clocked by sys_clk_pin  {rise@0.000ns fall@5.000ns period=10.000ns})
  Path Group:             sys_clk_pin
  Path Type:              Setup (Max at Slow Process Corner)
  Requirement:            10.000ns  (sys_clk_pin rise@10.000ns - sys_clk_pin rise@0.000ns)
  Data Path Delay:        4.590ns  (logic 2.039ns (44.418%)  route 2.551ns (55.582%))
  Logic Levels:           9  (CARRY4=6 LUT5=2 LUT6=1)
  Clock Path Skew:        -0.035ns (DCD - SCD + CPR)
    Destination Clock Delay (DCD):    4.836ns = ( 14.836 - 10.000 ) 
    Source Clock Delay      (SCD):    5.129ns
    Clock Pessimism Removal (CPR):    0.258ns
  Clock Uncertainty:      0.035ns  ((TSJ^2 + TIJ^2)^1/2 + DJ) / 2 + PE
    Total System Jitter     (TSJ):    0.071ns
    Total Input Jitter      (TIJ):    0.000ns
    Discrete Jitter          (DJ):    0.000ns
    Phase Error              (PE):    0.000ns

    Location             Delay type                Incr(ns)  Path(ns)    Netlist Resource(s)
  -------------------------------------------------------------------    -------------------
                         (clock sys_clk_pin rise edge)
                                                      0.000     0.000 r  
    W5                                                0.000     0.000 r  clk (IN)
                         net (fo=0)                   0.000     0.000    clk
    W5                   IBUF (Prop_ibuf_I_O)         1.458     1.458 r  clk_IBUF_inst/O
                         net (fo=1, routed)           1.967     3.425    clk_IBUF
    BUFGCTRL_X0Y0        BUFG (Prop_bufg_I_O)         0.096     3.521 r  clk_IBUF_BUFG_inst/O
                         net (fo=34, routed)          1.608     5.129    clk_IBUF_BUFG
    SLICE_X62Y73         FDCE                                         r  tick_counter_reg[10]/C
  -------------------------------------------------------------------    -------------------
    SLICE_X62Y73         FDCE (Prop_fdce_C_Q)         0.456     5.585 f  tick_counter_reg[10]/Q
                         net (fo=3, routed)           0.859     6.444    tick_counter_reg[10]
    SLICE_X63Y73         LUT5 (Prop_lut5_I3_O)        0.124     6.568 f  tick_counter[0]_i_8/O
                         net (fo=1, routed)           0.634     7.203    tick_counter[0]_i_8_n_0
    SLICE_X63Y74         LUT6 (Prop_lut6_I1_O)        0.124     7.327 f  tick_counter[0]_i_7/O
                         net (fo=24, routed)          1.049     8.375    tick_counter[0]_i_7_n_0
    SLICE_X62Y72         LUT5 (Prop_lut5_I1_O)        0.124     8.499 r  tick_counter[4]_i_5/O
                         net (fo=1, routed)           0.000     8.499    tick_counter[4]_i_5_n_0
    SLICE_X62Y72         CARRY4 (Prop_carry4_S[0]_CO[3])
                                                      0.532     9.031 r  tick_counter_reg[4]_i_1/CO[3]
                         net (fo=1, routed)           0.000     9.031    tick_counter_reg[4]_i_1_n_0
    SLICE_X62Y73         CARRY4 (Prop_carry4_CI_CO[3])
                                                      0.114     9.145 r  tick_counter_reg[8]_i_1/CO[3]
                         net (fo=1, routed)           0.000     9.145    tick_counter_reg[8]_i_1_n_0
    SLICE_X62Y74         CARRY4 (Prop_carry4_CI_CO[3])
                                                      0.114     9.259 r  tick_counter_reg[12]_i_1/CO[3]
                         net (fo=1, routed)           0.009     9.268    tick_counter_reg[12]_i_1_n_0
    SLICE_X62Y75         CARRY4 (Prop_carry4_CI_CO[3])
                                                      0.114     9.382 r  tick_counter_reg[16]_i_1/CO[3]
                         net (fo=1, routed)           0.000     9.382    tick_counter_reg[16]_i_1_n_0
    SLICE_X62Y76         CARRY4 (Prop_carry4_CI_CO[3])
                                                      0.114     9.496 r  tick_counter_reg[20]_i_1/CO[3]
                         net (fo=1, routed)           0.000     9.496    tick_counter_reg[20]_i_1_n_0
    SLICE_X62Y77         CARRY4 (Prop_carry4_CI_O[0])
                                                      0.223     9.719 r  tick_counter_reg[24]_i_1/O[0]
                         net (fo=1, routed)           0.000     9.719    tick_counter_reg[24]_i_1_n_7
    SLICE_X62Y77         FDCE                                         r  tick_counter_reg[24]/D
  -------------------------------------------------------------------    -------------------

                         (clock sys_clk_pin rise edge)
                                                     10.000    10.000 r  
    W5                                                0.000    10.000 r  clk (IN)
                         net (fo=0)                   0.000    10.000    clk
    W5                   IBUF (Prop_ibuf_I_O)         1.388    11.388 r  clk_IBUF_inst/O
                         net (fo=1, routed)           1.862    13.250    clk_IBUF
    BUFGCTRL_X0Y0        BUFG (Prop_bufg_I_O)         0.091    13.341 r  clk_IBUF_BUFG_inst/O
                         net (fo=34, routed)          1.495    14.836    clk_IBUF_BUFG
    SLICE_X62Y77         FDCE                                         r  tick_counter_reg[24]/C
                         clock pessimism              0.258    15.094    
                         clock uncertainty           -0.035    15.059    
    SLICE_X62Y77         FDCE (Setup_fdce_C_D)        0.062    15.121    tick_counter_reg[24]
  -------------------------------------------------------------------
                         required time                         15.121    
                         arrival time                          -9.719    
  -------------------------------------------------------------------
                         slack                                  5.401    

Slack (MET) :             5.403ns  (required time - arrival time)
  Source:                 tick_counter_reg[10]/C
                            (rising edge-triggered cell FDCE clocked by sys_clk_pin  {rise@0.000ns fall@5.000ns period=10.000ns})
  Destination:            tick_counter_reg[21]/D
                            (rising edge-triggered cell FDCE clocked by sys_clk_pin  {rise@0.000ns fall@5.000ns period=10.000ns})
  Path Group:             sys_clk_pin
  Path Type:              Setup (Max at Slow Process Corner)
  Requirement:            10.000ns  (sys_clk_pin rise@10.000ns - sys_clk_pin rise@0.000ns)
  Data Path Delay:        4.587ns  (logic 2.036ns (44.382%)  route 2.551ns (55.618%))
  Logic Levels:           8  (CARRY4=5 LUT5=2 LUT6=1)
  Clock Path Skew:        -0.036ns (DCD - SCD + CPR)
    Destination Clock Delay (DCD):    4.835ns = ( 14.835 - 10.000 ) 
    Source Clock Delay      (SCD):    5.129ns
    Clock Pessimism Removal (CPR):    0.258ns
  Clock Uncertainty:      0.035ns  ((TSJ^2 + TIJ^2)^1/2 + DJ) / 2 + PE
    Total System Jitter     (TSJ):    0.071ns
    Total Input Jitter      (TIJ):    0.000ns
    Discrete Jitter          (DJ):    0.000ns
    Phase Error              (PE):    0.000ns

    Location             Delay type                Incr(ns)  Path(ns)    Netlist Resource(s)
  -------------------------------------------------------------------    -------------------
                         (clock sys_clk_pin rise edge)
                                                      0.000     0.000 r  
    W5                                                0.000     0.000 r  clk (IN)
                         net (fo=0)                   0.000     0.000    clk
    W5                   IBUF (Prop_ibuf_I_O)         1.458     1.458 r  clk_IBUF_inst/O
                         net (fo=1, routed)           1.967     3.425    clk_IBUF
    BUFGCTRL_X0Y0        BUFG (Prop_bufg_I_O)         0.096     3.521 r  clk_IBUF_BUFG_inst/O
                         net (fo=34, routed)          1.608     5.129    clk_IBUF_BUFG
    SLICE_X62Y73         FDCE                                         r  tick_counter_reg[10]/C
  -------------------------------------------------------------------    -------------------
    SLICE_X62Y73         FDCE (Prop_fdce_C_Q)         0.456     5.585 f  tick_counter_reg[10]/Q
                         net (fo=3, routed)           0.859     6.444    tick_counter_reg[10]
    SLICE_X63Y73         LUT5 (Prop_lut5_I3_O)        0.124     6.568 f  tick_counter[0]_i_8/O
                         net (fo=1, routed)           0.634     7.203    tick_counter[0]_i_8_n_0
    SLICE_X63Y74         LUT6 (Prop_lut6_I1_O)        0.124     7.327 f  tick_counter[0]_i_7/O
                         net (fo=24, routed)          1.049     8.375    tick_counter[0]_i_7_n_0
    SLICE_X62Y72         LUT5 (Prop_lut5_I1_O)        0.124     8.499 r  tick_counter[4]_i_5/O
                         net (fo=1, routed)           0.000     8.499    tick_counter[4]_i_5_n_0
    SLICE_X62Y72         CARRY4 (Prop_carry4_S[0]_CO[3])
                                                      0.532     9.031 r  tick_counter_reg[4]_i_1/CO[3]
                         net (fo=1, routed)           0.000     9.031    tick_counter_reg[4]_i_1_n_0
    SLICE_X62Y73         CARRY4 (Prop_carry4_CI_CO[3])
                                                      0.114     9.145 r  tick_counter_reg[8]_i_1/CO[3]
                         net (fo=1, routed)           0.000     9.145    tick_counter_reg[8]_i_1_n_0
    SLICE_X62Y74         CARRY4 (Prop_carry4_CI_CO[3])
                                                      0.114     9.259 r  tick_counter_reg[12]_i_1/CO[3]
                         net (fo=1, routed)           0.009     9.268    tick_counter_reg[12]_i_1_n_0
    SLICE_X62Y75         CARRY4 (Prop_carry4_CI_CO[3])
                                                      0.114     9.382 r  tick_counter_reg[16]_i_1/CO[3]
                         net (fo=1, routed)           0.000     9.382    tick_counter_reg[16]_i_1_n_0
    SLICE_X62Y76         CARRY4 (Prop_carry4_CI_O[1])
                                                      0.334     9.716 r  tick_counter_reg[20]_i_1/O[1]
                         net (fo=1, routed)           0.000     9.716    tick_counter_reg[20]_i_1_n_6
    SLICE_X62Y76         FDCE                                         r  tick_counter_reg[21]/D
  -------------------------------------------------------------------    -------------------

                         (clock sys_clk_pin rise edge)
                                                     10.000    10.000 r  
    W5                                                0.000    10.000 r  clk (IN)
                         net (fo=0)                   0.000    10.000    clk
    W5                   IBUF (Prop_ibuf_I_O)         1.388    11.388 r  clk_IBUF_inst/O
                         net (fo=1, routed)           1.862    13.250    clk_IBUF
    BUFGCTRL_X0Y0        BUFG (Prop_bufg_I_O)         0.091    13.341 r  clk_IBUF_BUFG_inst/O
                         net (fo=34, routed)          1.494    14.835    clk_IBUF_BUFG
    SLICE_X62Y76         FDCE                                         r  tick_counter_reg[21]/C
                         clock pessimism              0.258    15.093    
                         clock uncertainty           -0.035    15.058    
    SLICE_X62Y76         FDCE (Setup_fdce_C_D)        0.062    15.120    tick_counter_reg[21]
  -------------------------------------------------------------------
                         required time                         15.120    
                         arrival time                          -9.716    
  -------------------------------------------------------------------
                         slack                                  5.403    

Slack (MET) :             5.424ns  (required time - arrival time)
  Source:                 tick_counter_reg[10]/C
                            (rising edge-triggered cell FDCE clocked by sys_clk_pin  {rise@0.000ns fall@5.000ns period=10.000ns})
  Destination:            tick_counter_reg[23]/D
                            (rising edge-triggered cell FDCE clocked by sys_clk_pin  {rise@0.000ns fall@5.000ns period=10.000ns})
  Path Group:             sys_clk_pin
  Path Type:              Setup (Max at Slow Process Corner)
  Requirement:            10.000ns  (sys_clk_pin rise@10.000ns - sys_clk_pin rise@0.000ns)
  Data Path Delay:        4.566ns  (logic 2.015ns (44.126%)  route 2.551ns (55.874%))
  Logic Levels:           8  (CARRY4=5 LUT5=2 LUT6=1)
  Clock Path Skew:        -0.036ns (DCD - SCD + CPR)
    Destination Clock Delay (DCD):    4.835ns = ( 14.835 - 10.000 ) 
    Source Clock Delay      (SCD):    5.129ns
    Clock Pessimism Removal (CPR):    0.258ns
  Clock Uncertainty:      0.035ns  ((TSJ^2 + TIJ^2)^1/2 + DJ) / 2 + PE
    Total System Jitter     (TSJ):    0.071ns
    Total Input Jitter      (TIJ):    0.000ns
    Discrete Jitter          (DJ):    0.000ns
    Phase Error              (PE):    0.000ns

    Location             Delay type                Incr(ns)  Path(ns)    Netlist Resource(s)
  -------------------------------------------------------------------    -------------------
                         (clock sys_clk_pin rise edge)
                                                      0.000     0.000 r  
    W5                                                0.000     0.000 r  clk (IN)
                         net (fo=0)                   0.000     0.000    clk
    W5                   IBUF (Prop_ibuf_I_O)         1.458     1.458 r  clk_IBUF_inst/O
                         net (fo=1, routed)           1.967     3.425    clk_IBUF
    BUFGCTRL_X0Y0        BUFG (Prop_bufg_I_O)         0.096     3.521 r  clk_IBUF_BUFG_inst/O
                         net (fo=34, routed)          1.608     5.129    clk_IBUF_BUFG
    SLICE_X62Y73         FDCE                                         r  tick_counter_reg[10]/C
  -------------------------------------------------------------------    -------------------
    SLICE_X62Y73         FDCE (Prop_fdce_C_Q)         0.456     5.585 f  tick_counter_reg[10]/Q
                         net (fo=3, routed)           0.859     6.444    tick_counter_reg[10]
    SLICE_X63Y73         LUT5 (Prop_lut5_I3_O)        0.124     6.568 f  tick_counter[0]_i_8/O
                         net (fo=1, routed)           0.634     7.203    tick_counter[0]_i_8_n_0
    SLICE_X63Y74         LUT6 (Prop_lut6_I1_O)        0.124     7.327 f  tick_counter[0]_i_7/O
                         net (fo=24, routed)          1.049     8.375    tick_counter[0]_i_7_n_0
    SLICE_X62Y72         LUT5 (Prop_lut5_I1_O)        0.124     8.499 r  tick_counter[4]_i_5/O
                         net (fo=1, routed)           0.000     8.499    tick_counter[4]_i_5_n_0
    SLICE_X62Y72         CARRY4 (Prop_carry4_S[0]_CO[3])
                                                      0.532     9.031 r  tick_counter_reg[4]_i_1/CO[3]
                         net (fo=1, routed)           0.000     9.031    tick_counter_reg[4]_i_1_n_0
    SLICE_X62Y73         CARRY4 (Prop_carry4_CI_CO[3])
                                                      0.114     9.145 r  tick_counter_reg[8]_i_1/CO[3]
                         net (fo=1, routed)           0.000     9.145    tick_counter_reg[8]_i_1_n_0
    SLICE_X62Y74         CARRY4 (Prop_carry4_CI_CO[3])
                                                      0.114     9.259 r  tick_counter_reg[12]_i_1/CO[3]
                         net (fo=1, routed)           0.009     9.268    tick_counter_reg[12]_i_1_n_0
    SLICE_X62Y75         CARRY4 (Prop_carry4_CI_CO[3])
                                                      0.114     9.382 r  tick_counter_reg[16]_i_1/CO[3]
                         net (fo=1, routed)           0.000     9.382    tick_counter_reg[16]_i_1_n_0
    SLICE_X62Y76         CARRY4 (Prop_carry4_CI_O[3])
                                                      0.313     9.695 r  tick_counter_reg[20]_i_1/O[3]
                         net (fo=1, routed)           0.000     9.695    tick_counter_reg[20]_i_1_n_4
    SLICE_X62Y76         FDCE                                         r  tick_counter_reg[23]/D
  -------------------------------------------------------------------    -------------------

                         (clock sys_clk_pin rise edge)
                                                     10.000    10.000 r  
    W5                                                0.000    10.000 r  clk (IN)
                         net (fo=0)                   0.000    10.000    clk
    W5                   IBUF (Prop_ibuf_I_O)         1.388    11.388 r  clk_IBUF_inst/O
                         net (fo=1, routed)           1.862    13.250    clk_IBUF
    BUFGCTRL_X0Y0        BUFG (Prop_bufg_I_O)         0.091    13.341 r  clk_IBUF_BUFG_inst/O
                         net (fo=34, routed)          1.494    14.835    clk_IBUF_BUFG
    SLICE_X62Y76         FDCE                                         r  tick_counter_reg[23]/C
                         clock pessimism              0.258    15.093    
                         clock uncertainty           -0.035    15.058    
    SLICE_X62Y76         FDCE (Setup_fdce_C_D)        0.062    15.120    tick_counter_reg[23]
  -------------------------------------------------------------------
                         required time                         15.120    
                         arrival time                          -9.695    
  -------------------------------------------------------------------
                         slack                                  5.424    

Slack (MET) :             5.498ns  (required time - arrival time)
  Source:                 tick_counter_reg[10]/C
                            (rising edge-triggered cell FDCE clocked by sys_clk_pin  {rise@0.000ns fall@5.000ns period=10.000ns})
  Destination:            tick_counter_reg[22]/D
                            (rising edge-triggered cell FDCE clocked by sys_clk_pin  {rise@0.000ns fall@5.000ns period=10.000ns})
  Path Group:             sys_clk_pin
  Path Type:              Setup (Max at Slow Process Corner)
  Requirement:            10.000ns  (sys_clk_pin rise@10.000ns - sys_clk_pin rise@0.000ns)
  Data Path Delay:        4.492ns  (logic 1.941ns (43.206%)  route 2.551ns (56.794%))
  Logic Levels:           8  (CARRY4=5 LUT5=2 LUT6=1)
  Clock Path Skew:        -0.036ns (DCD - SCD + CPR)
    Destination Clock Delay (DCD):    4.835ns = ( 14.835 - 10.000 ) 
    Source Clock Delay      (SCD):    5.129ns
    Clock Pessimism Removal (CPR):    0.258ns
  Clock Uncertainty:      0.035ns  ((TSJ^2 + TIJ^2)^1/2 + DJ) / 2 + PE
    Total System Jitter     (TSJ):    0.071ns
    Total Input Jitter      (TIJ):    0.000ns
    Discrete Jitter          (DJ):    0.000ns
    Phase Error              (PE):    0.000ns

    Location             Delay type                Incr(ns)  Path(ns)    Netlist Resource(s)
  -------------------------------------------------------------------    -------------------
                         (clock sys_clk_pin rise edge)
                                                      0.000     0.000 r  
    W5                                                0.000     0.000 r  clk (IN)
                         net (fo=0)                   0.000     0.000    clk
    W5                   IBUF (Prop_ibuf_I_O)         1.458     1.458 r  clk_IBUF_inst/O
                         net (fo=1, routed)           1.967     3.425    clk_IBUF
    BUFGCTRL_X0Y0        BUFG (Prop_bufg_I_O)         0.096     3.521 r  clk_IBUF_BUFG_inst/O
                         net (fo=34, routed)          1.608     5.129    clk_IBUF_BUFG
    SLICE_X62Y73         FDCE                                         r  tick_counter_reg[10]/C
  -------------------------------------------------------------------    -------------------
    SLICE_X62Y73         FDCE (Prop_fdce_C_Q)         0.456     5.585 f  tick_counter_reg[10]/Q
                         net (fo=3, routed)           0.859     6.444    tick_counter_reg[10]
    SLICE_X63Y73         LUT5 (Prop_lut5_I3_O)        0.124     6.568 f  tick_counter[0]_i_8/O
                         net (fo=1, routed)           0.634     7.203    tick_counter[0]_i_8_n_0
    SLICE_X63Y74         LUT6 (Prop_lut6_I1_O)        0.124     7.327 f  tick_counter[0]_i_7/O
                         net (fo=24, routed)          1.049     8.375    tick_counter[0]_i_7_n_0
    SLICE_X62Y72         LUT5 (Prop_lut5_I1_O)        0.124     8.499 r  tick_counter[4]_i_5/O
                         net (fo=1, routed)           0.000     8.499    tick_counter[4]_i_5_n_0
    SLICE_X62Y72         CARRY4 (Prop_carry4_S[0]_CO[3])
                                                      0.532     9.031 r  tick_counter_reg[4]_i_1/CO[3]
                         net (fo=1, routed)           0.000     9.031    tick_counter_reg[4]_i_1_n_0
    SLICE_X62Y73         CARRY4 (Prop_carry4_CI_CO[3])
                                                      0.114     9.145 r  tick_counter_reg[8]_i_1/CO[3]
                         net (fo=1, routed)           0.000     9.145    tick_counter_reg[8]_i_1_n_0
    SLICE_X62Y74         CARRY4 (Prop_carry4_CI_CO[3])
                                                      0.114     9.259 r  tick_counter_reg[12]_i_1/CO[3]
                         net (fo=1, routed)           0.009     9.268    tick_counter_reg[12]_i_1_n_0
    SLICE_X62Y75         CARRY4 (Prop_carry4_CI_CO[3])
                                                      0.114     9.382 r  tick_counter_reg[16]_i_1/CO[3]
                         net (fo=1, routed)           0.000     9.382    tick_counter_reg[16]_i_1_n_0
    SLICE_X62Y76         CARRY4 (Prop_carry4_CI_O[2])
                                                      0.239     9.621 r  tick_counter_reg[20]_i_1/O[2]
                         net (fo=1, routed)           0.000     9.621    tick_counter_reg[20]_i_1_n_5
    SLICE_X62Y76         FDCE                                         r  tick_counter_reg[22]/D
  -------------------------------------------------------------------    -------------------

                         (clock sys_clk_pin rise edge)
                                                     10.000    10.000 r  
    W5                                                0.000    10.000 r  clk (IN)
                         net (fo=0)                   0.000    10.000    clk
    W5                   IBUF (Prop_ibuf_I_O)         1.388    11.388 r  clk_IBUF_inst/O
                         net (fo=1, routed)           1.862    13.250    clk_IBUF
    BUFGCTRL_X0Y0        BUFG (Prop_bufg_I_O)         0.091    13.341 r  clk_IBUF_BUFG_inst/O
                         net (fo=34, routed)          1.494    14.835    clk_IBUF_BUFG
    SLICE_X62Y76         FDCE                                         r  tick_counter_reg[22]/C
                         clock pessimism              0.258    15.093    
                         clock uncertainty           -0.035    15.058    
    SLICE_X62Y76         FDCE (Setup_fdce_C_D)        0.062    15.120    tick_counter_reg[22]
  -------------------------------------------------------------------
                         required time                         15.120    
                         arrival time                          -9.621    
  -------------------------------------------------------------------
                         slack                                  5.498    

Slack (MET) :             5.514ns  (required time - arrival time)
  Source:                 tick_counter_reg[10]/C
                            (rising edge-triggered cell FDCE clocked by sys_clk_pin  {rise@0.000ns fall@5.000ns period=10.000ns})
  Destination:            tick_counter_reg[20]/D
                            (rising edge-triggered cell FDCE clocked by sys_clk_pin  {rise@0.000ns fall@5.000ns period=10.000ns})
  Path Group:             sys_clk_pin
  Path Type:              Setup (Max at Slow Process Corner)
  Requirement:            10.000ns  (sys_clk_pin rise@10.000ns - sys_clk_pin rise@0.000ns)
  Data Path Delay:        4.476ns  (logic 1.925ns (43.003%)  route 2.551ns (56.997%))
  Logic Levels:           8  (CARRY4=5 LUT5=2 LUT6=1)
  Clock Path Skew:        -0.036ns (DCD - SCD + CPR)
    Destination Clock Delay (DCD):    4.835ns = ( 14.835 - 10.000 ) 
    Source Clock Delay      (SCD):    5.129ns
    Clock Pessimism Removal (CPR):    0.258ns
  Clock Uncertainty:      0.035ns  ((TSJ^2 + TIJ^2)^1/2 + DJ) / 2 + PE
    Total System Jitter     (TSJ):    0.071ns
    Total Input Jitter      (TIJ):    0.000ns
    Discrete Jitter          (DJ):    0.000ns
    Phase Error              (PE):    0.000ns

    Location             Delay type                Incr(ns)  Path(ns)    Netlist Resource(s)
  -------------------------------------------------------------------    -------------------
                         (clock sys_clk_pin rise edge)
                                                      0.000     0.000 r  
    W5                                                0.000     0.000 r  clk (IN)
                         net (fo=0)                   0.000     0.000    clk
    W5                   IBUF (Prop_ibuf_I_O)         1.458     1.458 r  clk_IBUF_inst/O
                         net (fo=1, routed)           1.967     3.425    clk_IBUF
    BUFGCTRL_X0Y0        BUFG (Prop_bufg_I_O)         0.096     3.521 r  clk_IBUF_BUFG_inst/O
                         net (fo=34, routed)          1.608     5.129    clk_IBUF_BUFG
    SLICE_X62Y73         FDCE                                         r  tick_counter_reg[10]/C
  -------------------------------------------------------------------    -------------------
    SLICE_X62Y73         FDCE (Prop_fdce_C_Q)         0.456     5.585 f  tick_counter_reg[10]/Q
                         net (fo=3, routed)           0.859     6.444    tick_counter_reg[10]
    SLICE_X63Y73         LUT5 (Prop_lut5_I3_O)        0.124     6.568 f  tick_counter[0]_i_8/O
                         net (fo=1, routed)           0.634     7.203    tick_counter[0]_i_8_n_0
    SLICE_X63Y74         LUT6 (Prop_lut6_I1_O)        0.124     7.327 f  tick_counter[0]_i_7/O
                         net (fo=24, routed)          1.049     8.375    tick_counter[0]_i_7_n_0
    SLICE_X62Y72         LUT5 (Prop_lut5_I1_O)        0.124     8.499 r  tick_counter[4]_i_5/O
                         net (fo=1, routed)           0.000     8.499    tick_counter[4]_i_5_n_0
    SLICE_X62Y72         CARRY4 (Prop_carry4_S[0]_CO[3])
                                                      0.532     9.031 r  tick_counter_reg[4]_i_1/CO[3]
                         net (fo=1, routed)           0.000     9.031    tick_counter_reg[4]_i_1_n_0
    SLICE_X62Y73         CARRY4 (Prop_carry4_CI_CO[3])
                                                      0.114     9.145 r  tick_counter_reg[8]_i_1/CO[3]
                         net (fo=1, routed)           0.000     9.145    tick_counter_reg[8]_i_1_n_0
    SLICE_X62Y74         CARRY4 (Prop_carry4_CI_CO[3])
                                                      0.114     9.259 r  tick_counter_reg[12]_i_1/CO[3]
                         net (fo=1, routed)           0.009     9.268    tick_counter_reg[12]_i_1_n_0
    SLICE_X62Y75         CARRY4 (Prop_carry4_CI_CO[3])
                                                      0.114     9.382 r  tick_counter_reg[16]_i_1/CO[3]
                         net (fo=1, routed)           0.000     9.382    tick_counter_reg[16]_i_1_n_0
    SLICE_X62Y76         CARRY4 (Prop_carry4_CI_O[0])
                                                      0.223     9.605 r  tick_counter_reg[20]_i_1/O[0]
                         net (fo=1, routed)           0.000     9.605    tick_counter_reg[20]_i_1_n_7
    SLICE_X62Y76         FDCE                                         r  tick_counter_reg[20]/D
  -------------------------------------------------------------------    -------------------

                         (clock sys_clk_pin rise edge)
                                                     10.000    10.000 r  
    W5                                                0.000    10.000 r  clk (IN)
                         net (fo=0)                   0.000    10.000    clk
    W5                   IBUF (Prop_ibuf_I_O)         1.388    11.388 r  clk_IBUF_inst/O
                         net (fo=1, routed)           1.862    13.250    clk_IBUF
    BUFGCTRL_X0Y0        BUFG (Prop_bufg_I_O)         0.091    13.341 r  clk_IBUF_BUFG_inst/O
                         net (fo=34, routed)          1.494    14.835    clk_IBUF_BUFG
    SLICE_X62Y76         FDCE                                         r  tick_counter_reg[20]/C
                         clock pessimism              0.258    15.093    
                         clock uncertainty           -0.035    15.058    
    SLICE_X62Y76         FDCE (Setup_fdce_C_D)        0.062    15.120    tick_counter_reg[20]
  -------------------------------------------------------------------
                         required time                         15.120    
                         arrival time                          -9.605    
  -------------------------------------------------------------------
                         slack                                  5.514    

Slack (MET) :             5.515ns  (required time - arrival time)
  Source:                 tick_counter_reg[10]/C
                            (rising edge-triggered cell FDCE clocked by sys_clk_pin  {rise@0.000ns fall@5.000ns period=10.000ns})
  Destination:            tick_counter_reg[17]/D
                            (rising edge-triggered cell FDCE clocked by sys_clk_pin  {rise@0.000ns fall@5.000ns period=10.000ns})
  Path Group:             sys_clk_pin
  Path Type:              Setup (Max at Slow Process Corner)
  Requirement:            10.000ns  (sys_clk_pin rise@10.000ns - sys_clk_pin rise@0.000ns)
  Data Path Delay:        4.473ns  (logic 1.922ns (42.964%)  route 2.551ns (57.035%))
  Logic Levels:           7  (CARRY4=4 LUT5=2 LUT6=1)
  Clock Path Skew:        -0.038ns (DCD - SCD + CPR)
    Destination Clock Delay (DCD):    4.833ns = ( 14.833 - 10.000 ) 
    Source Clock Delay      (SCD):    5.129ns
    Clock Pessimism Removal (CPR):    0.258ns
  Clock Uncertainty:      0.035ns  ((TSJ^2 + TIJ^2)^1/2 + DJ) / 2 + PE
    Total System Jitter     (TSJ):    0.071ns
    Total Input Jitter      (TIJ):    0.000ns
    Discrete Jitter          (DJ):    0.000ns
    Phase Error              (PE):    0.000ns

    Location             Delay type                Incr(ns)  Path(ns)    Netlist Resource(s)
  -------------------------------------------------------------------    -------------------
                         (clock sys_clk_pin rise edge)
                                                      0.000     0.000 r  
    W5                                                0.000     0.000 r  clk (IN)
                         net (fo=0)                   0.000     0.000    clk
    W5                   IBUF (Prop_ibuf_I_O)         1.458     1.458 r  clk_IBUF_inst/O
                         net (fo=1, routed)           1.967     3.425    clk_IBUF
    BUFGCTRL_X0Y0        BUFG (Prop_bufg_I_O)         0.096     3.521 r  clk_IBUF_BUFG_inst/O
                         net (fo=34, routed)          1.608     5.129    clk_IBUF_BUFG
    SLICE_X62Y73         FDCE                                         r  tick_counter_reg[10]/C
  -------------------------------------------------------------------    -------------------
    SLICE_X62Y73         FDCE (Prop_fdce_C_Q)         0.456     5.585 f  tick_counter_reg[10]/Q
                         net (fo=3, routed)           0.859     6.444    tick_counter_reg[10]
    SLICE_X63Y73         LUT5 (Prop_lut5_I3_O)        0.124     6.568 f  tick_counter[0]_i_8/O
                         net (fo=1, routed)           0.634     7.203    tick_counter[0]_i_8_n_0
    SLICE_X63Y74         LUT6 (Prop_lut6_I1_O)        0.124     7.327 f  tick_counter[0]_i_7/O
                         net (fo=24, routed)          1.049     8.375    tick_counter[0]_i_7_n_0
    SLICE_X62Y72         LUT5 (Prop_lut5_I1_O)        0.124     8.499 r  tick_counter[4]_i_5/O
                         net (fo=1, routed)           0.000     8.499    tick_counter[4]_i_5_n_0
    SLICE_X62Y72         CARRY4 (Prop_carry4_S[0]_CO[3])
                                                      0.532     9.031 r  tick_counter_reg[4]_i_1/CO[3]
                         net (fo=1, routed)           0.000     9.031    tick_counter_reg[4]_i_1_n_0
    SLICE_X62Y73         CARRY4 (Prop_carry4_CI_CO[3])
                                                      0.114     9.145 r  tick_counter_reg[8]_i_1/CO[3]
                         net (fo=1, routed)           0.000     9.145    tick_counter_reg[8]_i_1_n_0
    SLICE_X62Y74         CARRY4 (Prop_carry4_CI_CO[3])
                                                      0.114     9.259 r  tick_counter_reg[12]_i_1/CO[3]
                         net (fo=1, routed)           0.009     9.268    tick_counter_reg[12]_i_1_n_0
    SLICE_X62Y75         CARRY4 (Prop_carry4_CI_O[1])
                                                      0.334     9.602 r  tick_counter_reg[16]_i_1/O[1]
                         net (fo=1, routed)           0.000     9.602    tick_counter_reg[16]_i_1_n_6
    SLICE_X62Y75         FDCE                                         r  tick_counter_reg[17]/D
  -------------------------------------------------------------------    -------------------

                         (clock sys_clk_pin rise edge)
                                                     10.000    10.000 r  
    W5                                                0.000    10.000 r  clk (IN)
                         net (fo=0)                   0.000    10.000    clk
    W5                   IBUF (Prop_ibuf_I_O)         1.388    11.388 r  clk_IBUF_inst/O
                         net (fo=1, routed)           1.862    13.250    clk_IBUF
    BUFGCTRL_X0Y0        BUFG (Prop_bufg_I_O)         0.091    13.341 r  clk_IBUF_BUFG_inst/O
                         net (fo=34, routed)          1.492    14.833    clk_IBUF_BUFG
    SLICE_X62Y75         FDCE                                         r  tick_counter_reg[17]/C
                         clock pessimism              0.258    15.091    
                         clock uncertainty           -0.035    15.056    
    SLICE_X62Y75         FDCE (Setup_fdce_C_D)        0.062    15.118    tick_counter_reg[17]
  -------------------------------------------------------------------
                         required time                         15.118    
                         arrival time                          -9.602    
  -------------------------------------------------------------------
                         slack                                  5.515    

Slack (MET) :             5.536ns  (required time - arrival time)
  Source:                 tick_counter_reg[10]/C
                            (rising edge-triggered cell FDCE clocked by sys_clk_pin  {rise@0.000ns fall@5.000ns period=10.000ns})
  Destination:            tick_counter_reg[19]/D
                            (rising edge-triggered cell FDCE clocked by sys_clk_pin  {rise@0.000ns fall@5.000ns period=10.000ns})
  Path Group:             sys_clk_pin
  Path Type:              Setup (Max at Slow Process Corner)
  Requirement:            10.000ns  (sys_clk_pin rise@10.000ns - sys_clk_pin rise@0.000ns)
  Data Path Delay:        4.452ns  (logic 1.901ns (42.695%)  route 2.551ns (57.305%))
  Logic Levels:           7  (CARRY4=4 LUT5=2 LUT6=1)
  Clock Path Skew:        -0.038ns (DCD - SCD + CPR)
    Destination Clock Delay (DCD):    4.833ns = ( 14.833 - 10.000 ) 
    Source Clock Delay      (SCD):    5.129ns
    Clock Pessimism Removal (CPR):    0.258ns
  Clock Uncertainty:      0.035ns  ((TSJ^2 + TIJ^2)^1/2 + DJ) / 2 + PE
    Total System Jitter     (TSJ):    0.071ns
    Total Input Jitter      (TIJ):    0.000ns
    Discrete Jitter          (DJ):    0.000ns
    Phase Error              (PE):    0.000ns

    Location             Delay type                Incr(ns)  Path(ns)    Netlist Resource(s)
  -------------------------------------------------------------------    -------------------
                         (clock sys_clk_pin rise edge)
                                                      0.000     0.000 r  
    W5                                                0.000     0.000 r  clk (IN)
                         net (fo=0)                   0.000     0.000    clk
    W5                   IBUF (Prop_ibuf_I_O)         1.458     1.458 r  clk_IBUF_inst/O
                         net (fo=1, routed)           1.967     3.425    clk_IBUF
    BUFGCTRL_X0Y0        BUFG (Prop_bufg_I_O)         0.096     3.521 r  clk_IBUF_BUFG_inst/O
                         net (fo=34, routed)          1.608     5.129    clk_IBUF_BUFG
    SLICE_X62Y73         FDCE                                         r  tick_counter_reg[10]/C
  -------------------------------------------------------------------    -------------------
    SLICE_X62Y73         FDCE (Prop_fdce_C_Q)         0.456     5.585 f  tick_counter_reg[10]/Q
                         net (fo=3, routed)           0.859     6.444    tick_counter_reg[10]
    SLICE_X63Y73         LUT5 (Prop_lut5_I3_O)        0.124     6.568 f  tick_counter[0]_i_8/O
                         net (fo=1, routed)           0.634     7.203    tick_counter[0]_i_8_n_0
    SLICE_X63Y74         LUT6 (Prop_lut6_I1_O)        0.124     7.327 f  tick_counter[0]_i_7/O
                         net (fo=24, routed)          1.049     8.375    tick_counter[0]_i_7_n_0
    SLICE_X62Y72         LUT5 (Prop_lut5_I1_O)        0.124     8.499 r  tick_counter[4]_i_5/O
                         net (fo=1, routed)           0.000     8.499    tick_counter[4]_i_5_n_0
    SLICE_X62Y72         CARRY4 (Prop_carry4_S[0]_CO[3])
                                                      0.532     9.031 r  tick_counter_reg[4]_i_1/CO[3]
                         net (fo=1, routed)           0.000     9.031    tick_counter_reg[4]_i_1_n_0
    SLICE_X62Y73         CARRY4 (Prop_carry4_CI_CO[3])
                                                      0.114     9.145 r  tick_counter_reg[8]_i_1/CO[3]
                         net (fo=1, routed)           0.000     9.145    tick_counter_reg[8]_i_1_n_0
    SLICE_X62Y74         CARRY4 (Prop_carry4_CI_CO[3])
                                                      0.114     9.259 r  tick_counter_reg[12]_i_1/CO[3]
                         net (fo=1, routed)           0.009     9.268    tick_counter_reg[12]_i_1_n_0
    SLICE_X62Y75         CARRY4 (Prop_carry4_CI_O[3])
                                                      0.313     9.581 r  tick_counter_reg[16]_i_1/O[3]
                         net (fo=1, routed)           0.000     9.581    tick_counter_reg[16]_i_1_n_4
    SLICE_X62Y75         FDCE                                         r  tick_counter_reg[19]/D
  -------------------------------------------------------------------    -------------------

                         (clock sys_clk_pin rise edge)
                                                     10.000    10.000 r  
    W5                                                0.000    10.000 r  clk (IN)
                         net (fo=0)                   0.000    10.000    clk
    W5                   IBUF (Prop_ibuf_I_O)         1.388    11.388 r  clk_IBUF_inst/O
                         net (fo=1, routed)           1.862    13.250    clk_IBUF
    BUFGCTRL_X0Y0        BUFG (Prop_bufg_I_O)         0.091    13.341 r  clk_IBUF_BUFG_inst/O
                         net (fo=34, routed)          1.492    14.833    clk_IBUF_BUFG
    SLICE_X62Y75         FDCE                                         r  tick_counter_reg[19]/C
                         clock pessimism              0.258    15.091    
                         clock uncertainty           -0.035    15.056    
    SLICE_X62Y75         FDCE (Setup_fdce_C_D)        0.062    15.118    tick_counter_reg[19]
  -------------------------------------------------------------------
                         required time                         15.118    
                         arrival time                          -9.581    
  -------------------------------------------------------------------
                         slack                                  5.536    





Min Delay Paths
--------------------------------------------------------------------------------------
Slack (MET) :             0.265ns  (arrival time - required time)
  Source:                 current_lvl_reg/C
                            (rising edge-triggered cell FDCE clocked by sys_clk_pin  {rise@0.000ns fall@5.000ns period=10.000ns})
  Destination:            current_lvl_reg/D
                            (rising edge-triggered cell FDCE clocked by sys_clk_pin  {rise@0.000ns fall@5.000ns period=10.000ns})
  Path Group:             sys_clk_pin
  Path Type:              Hold (Min at Fast Process Corner)
  Requirement:            0.000ns  (sys_clk_pin rise@0.000ns - sys_clk_pin rise@0.000ns)
  Data Path Delay:        0.356ns  (logic 0.186ns (52.300%)  route 0.170ns (47.700%))
  Logic Levels:           1  (LUT6=1)
  Clock Path Skew:        0.000ns (DCD - SCD - CPR)
    Destination Clock Delay (DCD):    1.992ns
    Source Clock Delay      (SCD):    1.477ns
    Clock Pessimism Removal (CPR):    0.515ns

    Location             Delay type                Incr(ns)  Path(ns)    Netlist Resource(s)
  -------------------------------------------------------------------    -------------------
                         (clock sys_clk_pin rise edge)
                                                      0.000     0.000 r  
    W5                                                0.000     0.000 r  clk (IN)
                         net (fo=0)                   0.000     0.000    clk
    W5                   IBUF (Prop_ibuf_I_O)         0.226     0.226 r  clk_IBUF_inst/O
                         net (fo=1, routed)           0.631     0.858    clk_IBUF
    BUFGCTRL_X0Y0        BUFG (Prop_bufg_I_O)         0.026     0.884 r  clk_IBUF_BUFG_inst/O
                         net (fo=34, routed)          0.594     1.477    clk_IBUF_BUFG
    SLICE_X63Y51         FDCE                                         r  current_lvl_reg/C
  -------------------------------------------------------------------    -------------------
    SLICE_X63Y51         FDCE (Prop_fdce_C_Q)         0.141     1.618 r  current_lvl_reg/Q
                         net (fo=3, routed)           0.170     1.788    nrz_out_OBUF
    SLICE_X63Y51         LUT6 (Prop_lut6_I0_O)        0.045     1.833 r  current_lvl_i_1/O
                         net (fo=1, routed)           0.000     1.833    current_lvl
    SLICE_X63Y51         FDCE                                         r  current_lvl_reg/D
  -------------------------------------------------------------------    -------------------

                         (clock sys_clk_pin rise edge)
                                                      0.000     0.000 r  
    W5                                                0.000     0.000 r  clk (IN)
                         net (fo=0)                   0.000     0.000    clk
    W5                   IBUF (Prop_ibuf_I_O)         0.414     0.414 r  clk_IBUF_inst/O
                         net (fo=1, routed)           0.685     1.099    clk_IBUF
    BUFGCTRL_X0Y0        BUFG (Prop_bufg_I_O)         0.029     1.128 r  clk_IBUF_BUFG_inst/O
                         net (fo=34, routed)          0.864     1.992    clk_IBUF_BUFG
    SLICE_X63Y51         FDCE                                         r  current_lvl_reg/C
                         clock pessimism             -0.515     1.477    
    SLICE_X63Y51         FDCE (Hold_fdce_C_D)         0.091     1.568    current_lvl_reg
  -------------------------------------------------------------------
                         required time                         -1.568    
                         arrival time                           1.833    
  -------------------------------------------------------------------
                         slack                                  0.265    

Slack (MET) :             0.298ns  (arrival time - required time)
  Source:                 clk_div_reg[0]/C
                            (rising edge-triggered cell FDCE clocked by sys_clk_pin  {rise@0.000ns fall@5.000ns period=10.000ns})
  Destination:            clk_div_reg[0]/D
                            (rising edge-triggered cell FDCE clocked by sys_clk_pin  {rise@0.000ns fall@5.000ns period=10.000ns})
  Path Group:             sys_clk_pin
  Path Type:              Hold (Min at Fast Process Corner)
  Requirement:            0.000ns  (sys_clk_pin rise@0.000ns - sys_clk_pin rise@0.000ns)
  Data Path Delay:        0.429ns  (logic 0.249ns (58.073%)  route 0.180ns (41.927%))
  Logic Levels:           1  (LUT1=1)
  Clock Path Skew:        0.000ns (DCD - SCD - CPR)
    Destination Clock Delay (DCD):    1.960ns
    Source Clock Delay      (SCD):    1.446ns
    Clock Pessimism Removal (CPR):    0.514ns

    Location             Delay type                Incr(ns)  Path(ns)    Netlist Resource(s)
  -------------------------------------------------------------------    -------------------
                         (clock sys_clk_pin rise edge)
                                                      0.000     0.000 r  
    W5                                                0.000     0.000 r  clk (IN)
                         net (fo=0)                   0.000     0.000    clk
    W5                   IBUF (Prop_ibuf_I_O)         0.226     0.226 r  clk_IBUF_inst/O
                         net (fo=1, routed)           0.631     0.858    clk_IBUF
    BUFGCTRL_X0Y0        BUFG (Prop_bufg_I_O)         0.026     0.884 r  clk_IBUF_BUFG_inst/O
                         net (fo=34, routed)          0.563     1.446    clk_IBUF_BUFG
    SLICE_X46Y51         FDCE                                         r  clk_div_reg[0]/C
  -------------------------------------------------------------------    -------------------
    SLICE_X46Y51         FDCE (Prop_fdce_C_Q)         0.148     1.594 f  clk_div_reg[0]/Q
                         net (fo=2, routed)           0.180     1.774    clk_div[0]
    SLICE_X46Y51         LUT1 (Prop_lut1_I0_O)        0.101     1.875 r  clk_div[0]_i_1/O
                         net (fo=1, routed)           0.000     1.875    clk_div[0]_i_1_n_0
    SLICE_X46Y51         FDCE                                         r  clk_div_reg[0]/D
  -------------------------------------------------------------------    -------------------

                         (clock sys_clk_pin rise edge)
                                                      0.000     0.000 r  
    W5                                                0.000     0.000 r  clk (IN)
                         net (fo=0)                   0.000     0.000    clk
    W5                   IBUF (Prop_ibuf_I_O)         0.414     0.414 r  clk_IBUF_inst/O
                         net (fo=1, routed)           0.685     1.099    clk_IBUF
    BUFGCTRL_X0Y0        BUFG (Prop_bufg_I_O)         0.029     1.128 r  clk_IBUF_BUFG_inst/O
                         net (fo=34, routed)          0.833     1.960    clk_IBUF_BUFG
    SLICE_X46Y51         FDCE                                         r  clk_div_reg[0]/C
                         clock pessimism             -0.514     1.446    
    SLICE_X46Y51         FDCE (Hold_fdce_C_D)         0.131     1.577    clk_div_reg[0]
  -------------------------------------------------------------------
                         required time                         -1.577    
                         arrival time                           1.875    
  -------------------------------------------------------------------
                         slack                                  0.298    

Slack (MET) :             0.298ns  (arrival time - required time)
  Source:                 bit_ptr_reg[1]/C
                            (rising edge-triggered cell FDPE clocked by sys_clk_pin  {rise@0.000ns fall@5.000ns period=10.000ns})
  Destination:            bit_ptr_reg[3]/D
                            (rising edge-triggered cell FDPE clocked by sys_clk_pin  {rise@0.000ns fall@5.000ns period=10.000ns})
  Path Group:             sys_clk_pin
  Path Type:              Hold (Min at Fast Process Corner)
  Requirement:            0.000ns  (sys_clk_pin rise@0.000ns - sys_clk_pin rise@0.000ns)
  Data Path Delay:        0.405ns  (logic 0.231ns (57.046%)  route 0.174ns (42.954%))
  Logic Levels:           1  (LUT4=1)
  Clock Path Skew:        0.000ns (DCD - SCD - CPR)
    Destination Clock Delay (DCD):    1.989ns
    Source Clock Delay      (SCD):    1.474ns
    Clock Pessimism Removal (CPR):    0.515ns

    Location             Delay type                Incr(ns)  Path(ns)    Netlist Resource(s)
  -------------------------------------------------------------------    -------------------
                         (clock sys_clk_pin rise edge)
                                                      0.000     0.000 r  
    W5                                                0.000     0.000 r  clk (IN)
                         net (fo=0)                   0.000     0.000    clk
    W5                   IBUF (Prop_ibuf_I_O)         0.226     0.226 r  clk_IBUF_inst/O
                         net (fo=1, routed)           0.631     0.858    clk_IBUF
    BUFGCTRL_X0Y0        BUFG (Prop_bufg_I_O)         0.026     0.884 r  clk_IBUF_BUFG_inst/O
                         net (fo=34, routed)          0.591     1.474    clk_IBUF_BUFG
    SLICE_X63Y61         FDPE                                         r  bit_ptr_reg[1]/C
  -------------------------------------------------------------------    -------------------
    SLICE_X63Y61         FDPE (Prop_fdpe_C_Q)         0.128     1.602 r  bit_ptr_reg[1]/Q
                         net (fo=8, routed)           0.174     1.776    bit_idx_OBUF[1]
    SLICE_X63Y61         LUT4 (Prop_lut4_I3_O)        0.103     1.879 r  bit_ptr[3]_i_2/O
                         net (fo=1, routed)           0.000     1.879    bit_ptr[3]_i_2_n_0
    SLICE_X63Y61         FDPE                                         r  bit_ptr_reg[3]/D
  -------------------------------------------------------------------    -------------------

                         (clock sys_clk_pin rise edge)
                                                      0.000     0.000 r  
    W5                                                0.000     0.000 r  clk (IN)
                         net (fo=0)                   0.000     0.000    clk
    W5                   IBUF (Prop_ibuf_I_O)         0.414     0.414 r  clk_IBUF_inst/O
                         net (fo=1, routed)           0.685     1.099    clk_IBUF
    BUFGCTRL_X0Y0        BUFG (Prop_bufg_I_O)         0.029     1.128 r  clk_IBUF_BUFG_inst/O
                         net (fo=34, routed)          0.861     1.989    clk_IBUF_BUFG
    SLICE_X63Y61         FDPE                                         r  bit_ptr_reg[3]/C
                         clock pessimism             -0.515     1.474    
    SLICE_X63Y61         FDPE (Hold_fdpe_C_D)         0.107     1.581    bit_ptr_reg[3]
  -------------------------------------------------------------------
                         required time                         -1.581    
                         arrival time                           1.879    
  -------------------------------------------------------------------
                         slack                                  0.298    

Slack (MET) :             0.306ns  (arrival time - required time)
  Source:                 clk_div_reg[0]/C
                            (rising edge-triggered cell FDCE clocked by sys_clk_pin  {rise@0.000ns fall@5.000ns period=10.000ns})
  Destination:            clk_25MHz_reg/D
                            (rising edge-triggered cell FDCE clocked by sys_clk_pin  {rise@0.000ns fall@5.000ns period=10.000ns})
  Path Group:             sys_clk_pin
  Path Type:              Hold (Min at Fast Process Corner)
  Requirement:            0.000ns  (sys_clk_pin rise@0.000ns - sys_clk_pin rise@0.000ns)
  Data Path Delay:        0.426ns  (logic 0.246ns (57.778%)  route 0.180ns (42.222%))
  Logic Levels:           1  (LUT2=1)
  Clock Path Skew:        0.000ns (DCD - SCD - CPR)
    Destination Clock Delay (DCD):    1.960ns
    Source Clock Delay      (SCD):    1.446ns
    Clock Pessimism Removal (CPR):    0.514ns

    Location             Delay type                Incr(ns)  Path(ns)    Netlist Resource(s)
  -------------------------------------------------------------------    -------------------
                         (clock sys_clk_pin rise edge)
                                                      0.000     0.000 r  
    W5                                                0.000     0.000 r  clk (IN)
                         net (fo=0)                   0.000     0.000    clk
    W5                   IBUF (Prop_ibuf_I_O)         0.226     0.226 r  clk_IBUF_inst/O
                         net (fo=1, routed)           0.631     0.858    clk_IBUF
    BUFGCTRL_X0Y0        BUFG (Prop_bufg_I_O)         0.026     0.884 r  clk_IBUF_BUFG_inst/O
                         net (fo=34, routed)          0.563     1.446    clk_IBUF_BUFG
    SLICE_X46Y51         FDCE                                         r  clk_div_reg[0]/C
  -------------------------------------------------------------------    -------------------
    SLICE_X46Y51         FDCE (Prop_fdce_C_Q)         0.148     1.594 r  clk_div_reg[0]/Q
                         net (fo=2, routed)           0.180     1.774    clk_div[0]
    SLICE_X46Y51         LUT2 (Prop_lut2_I0_O)        0.098     1.872 r  clk_25MHz_i_1/O
                         net (fo=1, routed)           0.000     1.872    clk_25MHz_i_1_n_0
    SLICE_X46Y51         FDCE                                         r  clk_25MHz_reg/D
  -------------------------------------------------------------------    -------------------

                         (clock sys_clk_pin rise edge)
                                                      0.000     0.000 r  
    W5                                                0.000     0.000 r  clk (IN)
                         net (fo=0)                   0.000     0.000    clk
    W5                   IBUF (Prop_ibuf_I_O)         0.414     0.414 r  clk_IBUF_inst/O
                         net (fo=1, routed)           0.685     1.099    clk_IBUF
    BUFGCTRL_X0Y0        BUFG (Prop_bufg_I_O)         0.029     1.128 r  clk_IBUF_BUFG_inst/O
                         net (fo=34, routed)          0.833     1.960    clk_IBUF_BUFG
    SLICE_X46Y51         FDCE                                         r  clk_25MHz_reg/C
                         clock pessimism             -0.514     1.446    
    SLICE_X46Y51         FDCE (Hold_fdce_C_D)         0.120     1.566    clk_25MHz_reg
  -------------------------------------------------------------------
                         required time                         -1.566    
                         arrival time                           1.872    
  -------------------------------------------------------------------
                         slack                                  0.306    

Slack (MET) :             0.309ns  (arrival time - required time)
  Source:                 bit_ptr_reg[1]/C
                            (rising edge-triggered cell FDPE clocked by sys_clk_pin  {rise@0.000ns fall@5.000ns period=10.000ns})
  Destination:            bit_ptr_reg[2]/D
                            (rising edge-triggered cell FDPE clocked by sys_clk_pin  {rise@0.000ns fall@5.000ns period=10.000ns})
  Path Group:             sys_clk_pin
  Path Type:              Hold (Min at Fast Process Corner)
  Requirement:            0.000ns  (sys_clk_pin rise@0.000ns - sys_clk_pin rise@0.000ns)
  Data Path Delay:        0.401ns  (logic 0.227ns (56.618%)  route 0.174ns (43.382%))
  Logic Levels:           1  (LUT3=1)
  Clock Path Skew:        0.000ns (DCD - SCD - CPR)
    Destination Clock Delay (DCD):    1.989ns
    Source Clock Delay      (SCD):    1.474ns
    Clock Pessimism Removal (CPR):    0.515ns

    Location             Delay type                Incr(ns)  Path(ns)    Netlist Resource(s)
  -------------------------------------------------------------------    -------------------
                         (clock sys_clk_pin rise edge)
                                                      0.000     0.000 r  
    W5                                                0.000     0.000 r  clk (IN)
                         net (fo=0)                   0.000     0.000    clk
    W5                   IBUF (Prop_ibuf_I_O)         0.226     0.226 r  clk_IBUF_inst/O
                         net (fo=1, routed)           0.631     0.858    clk_IBUF
    BUFGCTRL_X0Y0        BUFG (Prop_bufg_I_O)         0.026     0.884 r  clk_IBUF_BUFG_inst/O
                         net (fo=34, routed)          0.591     1.474    clk_IBUF_BUFG
    SLICE_X63Y61         FDPE                                         r  bit_ptr_reg[1]/C
  -------------------------------------------------------------------    -------------------
    SLICE_X63Y61         FDPE (Prop_fdpe_C_Q)         0.128     1.602 r  bit_ptr_reg[1]/Q
                         net (fo=8, routed)           0.174     1.776    bit_idx_OBUF[1]
    SLICE_X63Y61         LUT3 (Prop_lut3_I1_O)        0.099     1.875 r  bit_ptr[2]_i_1/O
                         net (fo=1, routed)           0.000     1.875    bit_ptr[2]_i_1_n_0
    SLICE_X63Y61         FDPE                                         r  bit_ptr_reg[2]/D
  -------------------------------------------------------------------    -------------------

                         (clock sys_clk_pin rise edge)
                                                      0.000     0.000 r  
    W5                                                0.000     0.000 r  clk (IN)
                         net (fo=0)                   0.000     0.000    clk
    W5                   IBUF (Prop_ibuf_I_O)         0.414     0.414 r  clk_IBUF_inst/O
                         net (fo=1, routed)           0.685     1.099    clk_IBUF
    BUFGCTRL_X0Y0        BUFG (Prop_bufg_I_O)         0.029     1.128 r  clk_IBUF_BUFG_inst/O
                         net (fo=34, routed)          0.861     1.989    clk_IBUF_BUFG
    SLICE_X63Y61         FDPE                                         r  bit_ptr_reg[2]/C
                         clock pessimism             -0.515     1.474    
    SLICE_X63Y61         FDPE (Hold_fdpe_C_D)         0.092     1.566    bit_ptr_reg[2]
  -------------------------------------------------------------------
                         required time                         -1.566    
                         arrival time                           1.875    
  -------------------------------------------------------------------
                         slack                                  0.309    

Slack (MET) :             0.316ns  (arrival time - required time)
  Source:                 tick_counter_reg[11]/C
                            (rising edge-triggered cell FDCE clocked by sys_clk_pin  {rise@0.000ns fall@5.000ns period=10.000ns})
  Destination:            tick_counter_reg[11]/D
                            (rising edge-triggered cell FDCE clocked by sys_clk_pin  {rise@0.000ns fall@5.000ns period=10.000ns})
  Path Group:             sys_clk_pin
  Path Type:              Hold (Min at Fast Process Corner)
  Requirement:            0.000ns  (sys_clk_pin rise@0.000ns - sys_clk_pin rise@0.000ns)
  Data Path Delay:        0.421ns  (logic 0.249ns (59.140%)  route 0.172ns (40.860%))
  Logic Levels:           2  (CARRY4=1 LUT5=1)
  Clock Path Skew:        0.000ns (DCD - SCD - CPR)
    Destination Clock Delay (DCD):    1.976ns
    Source Clock Delay      (SCD):    1.464ns
    Clock Pessimism Removal (CPR):    0.512ns

    Location             Delay type                Incr(ns)  Path(ns)    Netlist Resource(s)
  -------------------------------------------------------------------    -------------------
                         (clock sys_clk_pin rise edge)
                                                      0.000     0.000 r  
    W5                                                0.000     0.000 r  clk (IN)
                         net (fo=0)                   0.000     0.000    clk
    W5                   IBUF (Prop_ibuf_I_O)         0.226     0.226 r  clk_IBUF_inst/O
                         net (fo=1, routed)           0.631     0.858    clk_IBUF
    BUFGCTRL_X0Y0        BUFG (Prop_bufg_I_O)         0.026     0.884 r  clk_IBUF_BUFG_inst/O
                         net (fo=34, routed)          0.581     1.464    clk_IBUF_BUFG
    SLICE_X62Y73         FDCE                                         r  tick_counter_reg[11]/C
  -------------------------------------------------------------------    -------------------
    SLICE_X62Y73         FDCE (Prop_fdce_C_Q)         0.141     1.605 r  tick_counter_reg[11]/Q
                         net (fo=3, routed)           0.172     1.777    tick_counter_reg[11]
    SLICE_X62Y73         LUT5 (Prop_lut5_I0_O)        0.045     1.822 r  tick_counter[8]_i_2/O
                         net (fo=1, routed)           0.000     1.822    tick_counter[8]_i_2_n_0
    SLICE_X62Y73         CARRY4 (Prop_carry4_S[3]_O[3])
                                                      0.063     1.885 r  tick_counter_reg[8]_i_1/O[3]
                         net (fo=1, routed)           0.000     1.885    tick_counter_reg[8]_i_1_n_4
    SLICE_X62Y73         FDCE                                         r  tick_counter_reg[11]/D
  -------------------------------------------------------------------    -------------------

                         (clock sys_clk_pin rise edge)
                                                      0.000     0.000 r  
    W5                                                0.000     0.000 r  clk (IN)
                         net (fo=0)                   0.000     0.000    clk
    W5                   IBUF (Prop_ibuf_I_O)         0.414     0.414 r  clk_IBUF_inst/O
                         net (fo=1, routed)           0.685     1.099    clk_IBUF
    BUFGCTRL_X0Y0        BUFG (Prop_bufg_I_O)         0.029     1.128 r  clk_IBUF_BUFG_inst/O
                         net (fo=34, routed)          0.848     1.976    clk_IBUF_BUFG
    SLICE_X62Y73         FDCE                                         r  tick_counter_reg[11]/C
                         clock pessimism             -0.512     1.464    
    SLICE_X62Y73         FDCE (Hold_fdce_C_D)         0.105     1.569    tick_counter_reg[11]
  -------------------------------------------------------------------
                         required time                         -1.569    
                         arrival time                           1.885    
  -------------------------------------------------------------------
                         slack                                  0.316    

Slack (MET) :             0.317ns  (arrival time - required time)
  Source:                 tick_counter_reg[23]/C
                            (rising edge-triggered cell FDCE clocked by sys_clk_pin  {rise@0.000ns fall@5.000ns period=10.000ns})
  Destination:            tick_counter_reg[23]/D
                            (rising edge-triggered cell FDCE clocked by sys_clk_pin  {rise@0.000ns fall@5.000ns period=10.000ns})
  Path Group:             sys_clk_pin
  Path Type:              Hold (Min at Fast Process Corner)
  Requirement:            0.000ns  (sys_clk_pin rise@0.000ns - sys_clk_pin rise@0.000ns)
  Data Path Delay:        0.422ns  (logic 0.249ns (58.995%)  route 0.173ns (41.005%))
  Logic Levels:           2  (CARRY4=1 LUT5=1)
  Clock Path Skew:        0.000ns (DCD - SCD - CPR)
    Destination Clock Delay (DCD):    1.976ns
    Source Clock Delay      (SCD):    1.464ns
    Clock Pessimism Removal (CPR):    0.512ns

    Location             Delay type                Incr(ns)  Path(ns)    Netlist Resource(s)
  -------------------------------------------------------------------    -------------------
                         (clock sys_clk_pin rise edge)
                                                      0.000     0.000 r  
    W5                                                0.000     0.000 r  clk (IN)
                         net (fo=0)                   0.000     0.000    clk
    W5                   IBUF (Prop_ibuf_I_O)         0.226     0.226 r  clk_IBUF_inst/O
                         net (fo=1, routed)           0.631     0.858    clk_IBUF
    BUFGCTRL_X0Y0        BUFG (Prop_bufg_I_O)         0.026     0.884 r  clk_IBUF_BUFG_inst/O
                         net (fo=34, routed)          0.581     1.464    clk_IBUF_BUFG
    SLICE_X62Y76         FDCE                                         r  tick_counter_reg[23]/C
  -------------------------------------------------------------------    -------------------
    SLICE_X62Y76         FDCE (Prop_fdce_C_Q)         0.141     1.605 r  tick_counter_reg[23]/Q
                         net (fo=3, routed)           0.173     1.778    tick_counter_reg[23]
    SLICE_X62Y76         LUT5 (Prop_lut5_I0_O)        0.045     1.823 r  tick_counter[20]_i_2/O
                         net (fo=1, routed)           0.000     1.823    tick_counter[20]_i_2_n_0
    SLICE_X62Y76         CARRY4 (Prop_carry4_S[3]_O[3])
                                                      0.063     1.886 r  tick_counter_reg[20]_i_1/O[3]
                         net (fo=1, routed)           0.000     1.886    tick_counter_reg[20]_i_1_n_4
    SLICE_X62Y76         FDCE                                         r  tick_counter_reg[23]/D
  -------------------------------------------------------------------    -------------------

                         (clock sys_clk_pin rise edge)
                                                      0.000     0.000 r  
    W5                                                0.000     0.000 r  clk (IN)
                         net (fo=0)                   0.000     0.000    clk
    W5                   IBUF (Prop_ibuf_I_O)         0.414     0.414 r  clk_IBUF_inst/O
                         net (fo=1, routed)           0.685     1.099    clk_IBUF
    BUFGCTRL_X0Y0        BUFG (Prop_bufg_I_O)         0.029     1.128 r  clk_IBUF_BUFG_inst/O
                         net (fo=34, routed)          0.848     1.976    clk_IBUF_BUFG
    SLICE_X62Y76         FDCE                                         r  tick_counter_reg[23]/C
                         clock pessimism             -0.512     1.464    
    SLICE_X62Y76         FDCE (Hold_fdce_C_D)         0.105     1.569    tick_counter_reg[23]
  -------------------------------------------------------------------
                         required time                         -1.569    
                         arrival time                           1.886    
  -------------------------------------------------------------------
                         slack                                  0.317    

Slack (MET) :             0.317ns  (arrival time - required time)
  Source:                 tick_counter_reg[3]/C
                            (rising edge-triggered cell FDCE clocked by sys_clk_pin  {rise@0.000ns fall@5.000ns period=10.000ns})
  Destination:            tick_counter_reg[3]/D
                            (rising edge-triggered cell FDCE clocked by sys_clk_pin  {rise@0.000ns fall@5.000ns period=10.000ns})
  Path Group:             sys_clk_pin
  Path Type:              Hold (Min at Fast Process Corner)
  Requirement:            0.000ns  (sys_clk_pin rise@0.000ns - sys_clk_pin rise@0.000ns)
  Data Path Delay:        0.422ns  (logic 0.249ns (58.995%)  route 0.173ns (41.005%))
  Logic Levels:           2  (CARRY4=1 LUT5=1)
  Clock Path Skew:        0.000ns (DCD - SCD - CPR)
    Destination Clock Delay (DCD):    1.979ns
    Source Clock Delay      (SCD):    1.466ns
    Clock Pessimism Removal (CPR):    0.513ns

    Location             Delay type                Incr(ns)  Path(ns)    Netlist Resource(s)
  -------------------------------------------------------------------    -------------------
                         (clock sys_clk_pin rise edge)
                                                      0.000     0.000 r  
    W5                                                0.000     0.000 r  clk (IN)
                         net (fo=0)                   0.000     0.000    clk
    W5                   IBUF (Prop_ibuf_I_O)         0.226     0.226 r  clk_IBUF_inst/O
                         net (fo=1, routed)           0.631     0.858    clk_IBUF
    BUFGCTRL_X0Y0        BUFG (Prop_bufg_I_O)         0.026     0.884 r  clk_IBUF_BUFG_inst/O
                         net (fo=34, routed)          0.583     1.466    clk_IBUF_BUFG
    SLICE_X62Y71         FDCE                                         r  tick_counter_reg[3]/C
  -------------------------------------------------------------------    -------------------
    SLICE_X62Y71         FDCE (Prop_fdce_C_Q)         0.141     1.607 r  tick_counter_reg[3]/Q
                         net (fo=3, routed)           0.173     1.780    tick_counter_reg[3]
    SLICE_X62Y71         LUT5 (Prop_lut5_I0_O)        0.045     1.825 r  tick_counter[0]_i_3/O
                         net (fo=1, routed)           0.000     1.825    tick_counter[0]_i_3_n_0
    SLICE_X62Y71         CARRY4 (Prop_carry4_S[3]_O[3])
                                                      0.063     1.888 r  tick_counter_reg[0]_i_1/O[3]
                         net (fo=1, routed)           0.000     1.888    tick_counter_reg[0]_i_1_n_4
    SLICE_X62Y71         FDCE                                         r  tick_counter_reg[3]/D
  -------------------------------------------------------------------    -------------------

                         (clock sys_clk_pin rise edge)
                                                      0.000     0.000 r  
    W5                                                0.000     0.000 r  clk (IN)
                         net (fo=0)                   0.000     0.000    clk
    W5                   IBUF (Prop_ibuf_I_O)         0.414     0.414 r  clk_IBUF_inst/O
                         net (fo=1, routed)           0.685     1.099    clk_IBUF
    BUFGCTRL_X0Y0        BUFG (Prop_bufg_I_O)         0.029     1.128 r  clk_IBUF_BUFG_inst/O
                         net (fo=34, routed)          0.851     1.979    clk_IBUF_BUFG
    SLICE_X62Y71         FDCE                                         r  tick_counter_reg[3]/C
                         clock pessimism             -0.513     1.466    
    SLICE_X62Y71         FDCE (Hold_fdce_C_D)         0.105     1.571    tick_counter_reg[3]
  -------------------------------------------------------------------
                         required time                         -1.571    
                         arrival time                           1.888    
  -------------------------------------------------------------------
                         slack                                  0.317    

Slack (MET) :             0.317ns  (arrival time - required time)
  Source:                 tick_counter_reg[9]/C
                            (rising edge-triggered cell FDCE clocked by sys_clk_pin  {rise@0.000ns fall@5.000ns period=10.000ns})
  Destination:            tick_counter_reg[9]/D
                            (rising edge-triggered cell FDCE clocked by sys_clk_pin  {rise@0.000ns fall@5.000ns period=10.000ns})
  Path Group:             sys_clk_pin
  Path Type:              Hold (Min at Fast Process Corner)
  Requirement:            0.000ns  (sys_clk_pin rise@0.000ns - sys_clk_pin rise@0.000ns)
  Data Path Delay:        0.422ns  (logic 0.251ns (59.469%)  route 0.171ns (40.531%))
  Logic Levels:           2  (CARRY4=1 LUT5=1)
  Clock Path Skew:        0.000ns (DCD - SCD - CPR)
    Destination Clock Delay (DCD):    1.976ns
    Source Clock Delay      (SCD):    1.464ns
    Clock Pessimism Removal (CPR):    0.512ns

    Location             Delay type                Incr(ns)  Path(ns)    Netlist Resource(s)
  -------------------------------------------------------------------    -------------------
                         (clock sys_clk_pin rise edge)
                                                      0.000     0.000 r  
    W5                                                0.000     0.000 r  clk (IN)
                         net (fo=0)                   0.000     0.000    clk
    W5                   IBUF (Prop_ibuf_I_O)         0.226     0.226 r  clk_IBUF_inst/O
                         net (fo=1, routed)           0.631     0.858    clk_IBUF
    BUFGCTRL_X0Y0        BUFG (Prop_bufg_I_O)         0.026     0.884 r  clk_IBUF_BUFG_inst/O
                         net (fo=34, routed)          0.581     1.464    clk_IBUF_BUFG
    SLICE_X62Y73         FDCE                                         r  tick_counter_reg[9]/C
  -------------------------------------------------------------------    -------------------
    SLICE_X62Y73         FDCE (Prop_fdce_C_Q)         0.141     1.605 r  tick_counter_reg[9]/Q
                         net (fo=3, routed)           0.171     1.776    tick_counter_reg[9]
    SLICE_X62Y73         LUT5 (Prop_lut5_I0_O)        0.045     1.821 r  tick_counter[8]_i_4/O
                         net (fo=1, routed)           0.000     1.821    tick_counter[8]_i_4_n_0
    SLICE_X62Y73         CARRY4 (Prop_carry4_S[1]_O[1])
                                                      0.065     1.886 r  tick_counter_reg[8]_i_1/O[1]
                         net (fo=1, routed)           0.000     1.886    tick_counter_reg[8]_i_1_n_6
    SLICE_X62Y73         FDCE                                         r  tick_counter_reg[9]/D
  -------------------------------------------------------------------    -------------------

                         (clock sys_clk_pin rise edge)
                                                      0.000     0.000 r  
    W5                                                0.000     0.000 r  clk (IN)
                         net (fo=0)                   0.000     0.000    clk
    W5                   IBUF (Prop_ibuf_I_O)         0.414     0.414 r  clk_IBUF_inst/O
                         net (fo=1, routed)           0.685     1.099    clk_IBUF
    BUFGCTRL_X0Y0        BUFG (Prop_bufg_I_O)         0.029     1.128 r  clk_IBUF_BUFG_inst/O
                         net (fo=34, routed)          0.848     1.976    clk_IBUF_BUFG
    SLICE_X62Y73         FDCE                                         r  tick_counter_reg[9]/C
                         clock pessimism             -0.512     1.464    
    SLICE_X62Y73         FDCE (Hold_fdce_C_D)         0.105     1.569    tick_counter_reg[9]
  -------------------------------------------------------------------
                         required time                         -1.569    
                         arrival time                           1.886    
  -------------------------------------------------------------------
                         slack                                  0.317    

Slack (MET) :             0.317ns  (arrival time - required time)
  Source:                 tick_counter_reg[26]/C
                            (rising edge-triggered cell FDCE clocked by sys_clk_pin  {rise@0.000ns fall@5.000ns period=10.000ns})
  Destination:            tick_counter_reg[21]/D
                            (rising edge-triggered cell FDCE clocked by sys_clk_pin  {rise@0.000ns fall@5.000ns period=10.000ns})
  Path Group:             sys_clk_pin
  Path Type:              Hold (Min at Fast Process Corner)
  Requirement:            0.000ns  (sys_clk_pin rise@0.000ns - sys_clk_pin rise@0.000ns)
  Data Path Delay:        0.433ns  (logic 0.251ns (57.910%)  route 0.182ns (42.090%))
  Logic Levels:           2  (CARRY4=1 LUT5=1)
  Clock Path Skew:        0.011ns (DCD - SCD - CPR)
    Destination Clock Delay (DCD):    1.976ns
    Source Clock Delay      (SCD):    1.466ns
    Clock Pessimism Removal (CPR):    0.499ns

    Location             Delay type                Incr(ns)  Path(ns)    Netlist Resource(s)
  -------------------------------------------------------------------    -------------------
                         (clock sys_clk_pin rise edge)
                                                      0.000     0.000 r  
    W5                                                0.000     0.000 r  clk (IN)
                         net (fo=0)                   0.000     0.000    clk
    W5                   IBUF (Prop_ibuf_I_O)         0.226     0.226 r  clk_IBUF_inst/O
                         net (fo=1, routed)           0.631     0.858    clk_IBUF
    BUFGCTRL_X0Y0        BUFG (Prop_bufg_I_O)         0.026     0.884 r  clk_IBUF_BUFG_inst/O
                         net (fo=34, routed)          0.583     1.466    clk_IBUF_BUFG
    SLICE_X62Y77         FDCE                                         r  tick_counter_reg[26]/C
  -------------------------------------------------------------------    -------------------
    SLICE_X62Y77         FDCE (Prop_fdce_C_Q)         0.141     1.607 f  tick_counter_reg[26]/Q
                         net (fo=30, routed)          0.182     1.790    tick_counter_reg[26]
    SLICE_X62Y76         LUT5 (Prop_lut5_I4_O)        0.045     1.835 r  tick_counter[20]_i_4/O
                         net (fo=1, routed)           0.000     1.835    tick_counter[20]_i_4_n_0
    SLICE_X62Y76         CARRY4 (Prop_carry4_S[1]_O[1])
                                                      0.065     1.900 r  tick_counter_reg[20]_i_1/O[1]
                         net (fo=1, routed)           0.000     1.900    tick_counter_reg[20]_i_1_n_6
    SLICE_X62Y76         FDCE                                         r  tick_counter_reg[21]/D
  -------------------------------------------------------------------    -------------------

                         (clock sys_clk_pin rise edge)
                                                      0.000     0.000 r  
    W5                                                0.000     0.000 r  clk (IN)
                         net (fo=0)                   0.000     0.000    clk
    W5                   IBUF (Prop_ibuf_I_O)         0.414     0.414 r  clk_IBUF_inst/O
                         net (fo=1, routed)           0.685     1.099    clk_IBUF
    BUFGCTRL_X0Y0        BUFG (Prop_bufg_I_O)         0.029     1.128 r  clk_IBUF_BUFG_inst/O
                         net (fo=34, routed)          0.848     1.976    clk_IBUF_BUFG
    SLICE_X62Y76         FDCE                                         r  tick_counter_reg[21]/C
                         clock pessimism             -0.499     1.477    
    SLICE_X62Y76         FDCE (Hold_fdce_C_D)         0.105     1.582    tick_counter_reg[21]
  -------------------------------------------------------------------
                         required time                         -1.582    
                         arrival time                           1.900    
  -------------------------------------------------------------------
                         slack                                  0.317    





Pulse Width Checks
--------------------------------------------------------------------------------------
Clock Name:         sys_clk_pin
Waveform(ns):       { 0.000 5.000 }
Period(ns):         10.000
Sources:            { clk }

Check Type        Corner  Lib Pin  Reference Pin  Required(ns)  Actual(ns)  Slack(ns)  Location       Pin
Min Period        n/a     BUFG/I   n/a            2.155         10.000      7.845      BUFGCTRL_X0Y0  clk_IBUF_BUFG_inst/I
Min Period        n/a     FDPE/C   n/a            1.000         10.000      9.000      SLICE_X63Y61   bit_ptr_reg[0]/C
Min Period        n/a     FDPE/C   n/a            1.000         10.000      9.000      SLICE_X63Y61   bit_ptr_reg[1]/C
Min Period        n/a     FDPE/C   n/a            1.000         10.000      9.000      SLICE_X63Y61   bit_ptr_reg[2]/C
Min Period        n/a     FDPE/C   n/a            1.000         10.000      9.000      SLICE_X63Y61   bit_ptr_reg[3]/C
Min Period        n/a     FDCE/C   n/a            1.000         10.000      9.000      SLICE_X46Y51   clk_25MHz_reg/C
Min Period        n/a     FDCE/C   n/a            1.000         10.000      9.000      SLICE_X46Y51   clk_div_reg[0]/C
Min Period        n/a     FDCE/C   n/a            1.000         10.000      9.000      SLICE_X63Y51   current_lvl_reg/C
Min Period        n/a     FDCE/C   n/a            1.000         10.000      9.000      SLICE_X62Y71   tick_counter_reg[0]/C
Min Period        n/a     FDCE/C   n/a            1.000         10.000      9.000      SLICE_X62Y73   tick_counter_reg[10]/C
Low Pulse Width   Slow    FDPE/C   n/a            0.500         5.000       4.500      SLICE_X63Y61   bit_ptr_reg[0]/C
Low Pulse Width   Fast    FDPE/C   n/a            0.500         5.000       4.500      SLICE_X63Y61   bit_ptr_reg[0]/C
Low Pulse Width   Slow    FDPE/C   n/a            0.500         5.000       4.500      SLICE_X63Y61   bit_ptr_reg[1]/C
Low Pulse Width   Fast    FDPE/C   n/a            0.500         5.000       4.500      SLICE_X63Y61   bit_ptr_reg[1]/C
Low Pulse Width   Slow    FDPE/C   n/a            0.500         5.000       4.500      SLICE_X63Y61   bit_ptr_reg[2]/C
Low Pulse Width   Fast    FDPE/C   n/a            0.500         5.000       4.500      SLICE_X63Y61   bit_ptr_reg[2]/C
Low Pulse Width   Slow    FDPE/C   n/a            0.500         5.000       4.500      SLICE_X63Y61   bit_ptr_reg[3]/C
Low Pulse Width   Fast    FDPE/C   n/a            0.500         5.000       4.500      SLICE_X63Y61   bit_ptr_reg[3]/C
Low Pulse Width   Slow    FDCE/C   n/a            0.500         5.000       4.500      SLICE_X46Y51   clk_25MHz_reg/C
Low Pulse Width   Fast    FDCE/C   n/a            0.500         5.000       4.500      SLICE_X46Y51   clk_25MHz_reg/C
High Pulse Width  Slow    FDPE/C   n/a            0.500         5.000       4.500      SLICE_X63Y61   bit_ptr_reg[0]/C
High Pulse Width  Fast    FDPE/C   n/a            0.500         5.000       4.500      SLICE_X63Y61   bit_ptr_reg[0]/C
High Pulse Width  Slow    FDPE/C   n/a            0.500         5.000       4.500      SLICE_X63Y61   bit_ptr_reg[1]/C
High Pulse Width  Fast    FDPE/C   n/a            0.500         5.000       4.500      SLICE_X63Y61   bit_ptr_reg[1]/C
High Pulse Width  Slow    FDPE/C   n/a            0.500         5.000       4.500      SLICE_X63Y61   bit_ptr_reg[2]/C
High Pulse Width  Fast    FDPE/C   n/a            0.500         5.000       4.500      SLICE_X63Y61   bit_ptr_reg[2]/C
High Pulse Width  Slow    FDPE/C   n/a            0.500         5.000       4.500      SLICE_X63Y61   bit_ptr_reg[3]/C
High Pulse Width  Fast    FDPE/C   n/a            0.500         5.000       4.500      SLICE_X63Y61   bit_ptr_reg[3]/C
High Pulse Width  Slow    FDCE/C   n/a            0.500         5.000       4.500      SLICE_X46Y51   clk_25MHz_reg/C
High Pulse Width  Fast    FDCE/C   n/a            0.500         5.000       4.500      SLICE_X46Y51   clk_25MHz_reg/C



--------------------------------------------------------------------------------------
Path Group:  (none)
From Clock:  
  To Clock:  

Max Delay            64 Endpoints
Min Delay            64 Endpoints
--------------------------------------------------------------------------------------


Max Delay Paths
--------------------------------------------------------------------------------------
Slack:                    inf
  Source:                 v_count_reg[5]/C
                            (rising edge-triggered cell FDCE)
  Destination:            vgaRed[3]
                            (output port)
  Path Group:             (none)
  Path Type:              Max at Slow Process Corner
  Data Path Delay:        11.322ns  (logic 4.442ns (39.237%)  route 6.880ns (60.763%))
  Logic Levels:           4  (FDCE=1 LUT4=1 LUT6=1 OBUF=1)

    Location             Delay type                Incr(ns)  Path(ns)    Netlist Resource(s)
  -------------------------------------------------------------------    -------------------
    SLICE_X47Y51         FDCE                         0.000     0.000 r  v_count_reg[5]/C
    SLICE_X47Y51         FDCE (Prop_fdce_C_Q)         0.456     0.456 f  v_count_reg[5]/Q
                         net (fo=4, routed)           1.113     1.569    v_count_reg_n_0_[5]
    SLICE_X47Y51         LUT4 (Prop_lut4_I3_O)        0.152     1.721 r  vgaRed_OBUF[3]_inst_i_2/O
                         net (fo=3, routed)           1.129     2.850    vgaRed_OBUF[3]_inst_i_2_n_0
    SLICE_X45Y49         LUT6 (Prop_lut6_I0_O)        0.332     3.182 r  vgaRed_OBUF[3]_inst_i_1/O
                         net (fo=12, routed)          4.637     7.820    vgaBlue_OBUF[0]
    N19                  OBUF (Prop_obuf_I_O)         3.502    11.322 r  vgaRed_OBUF[3]_inst/O
                         net (fo=0)                   0.000    11.322    vgaRed[3]
    N19                                                               r  vgaRed[3] (OUT)
  -------------------------------------------------------------------    -------------------

Slack:                    inf
  Source:                 v_count_reg[5]/C
                            (rising edge-triggered cell FDCE)
  Destination:            vgaBlue[0]
                            (output port)
  Path Group:             (none)
  Path Type:              Max at Slow Process Corner
  Data Path Delay:        11.175ns  (logic 4.435ns (39.690%)  route 6.740ns (60.310%))
  Logic Levels:           4  (FDCE=1 LUT4=1 LUT6=1 OBUF=1)

    Location             Delay type                Incr(ns)  Path(ns)    Netlist Resource(s)
  -------------------------------------------------------------------    -------------------
    SLICE_X47Y51         FDCE                         0.000     0.000 r  v_count_reg[5]/C
    SLICE_X47Y51         FDCE (Prop_fdce_C_Q)         0.456     0.456 f  v_count_reg[5]/Q
                         net (fo=4, routed)           1.113     1.569    v_count_reg_n_0_[5]
    SLICE_X47Y51         LUT4 (Prop_lut4_I3_O)        0.152     1.721 r  vgaRed_OBUF[3]_inst_i_2/O
                         net (fo=3, routed)           1.129     2.850    vgaRed_OBUF[3]_inst_i_2_n_0
    SLICE_X45Y49         LUT6 (Prop_lut6_I0_O)        0.332     3.182 r  vgaRed_OBUF[3]_inst_i_1/O
                         net (fo=12, routed)          4.497     7.680    vgaBlue_OBUF[0]
    N18                  OBUF (Prop_obuf_I_O)         3.495    11.175 r  vgaBlue_OBUF[0]_inst/O
                         net (fo=0)                   0.000    11.175    vgaBlue[0]
    N18                                                               r  vgaBlue[0] (OUT)
  -------------------------------------------------------------------    -------------------

Slack:                    inf
  Source:                 v_count_reg[5]/C
                            (rising edge-triggered cell FDCE)
  Destination:            vgaBlue[2]
                            (output port)
  Path Group:             (none)
  Path Type:              Max at Slow Process Corner
  Data Path Delay:        11.048ns  (logic 4.459ns (40.357%)  route 6.590ns (59.643%))
  Logic Levels:           4  (FDCE=1 LUT4=1 LUT6=1 OBUF=1)

    Location             Delay type                Incr(ns)  Path(ns)    Netlist Resource(s)
  -------------------------------------------------------------------    -------------------
    SLICE_X47Y51         FDCE                         0.000     0.000 r  v_count_reg[5]/C
    SLICE_X47Y51         FDCE (Prop_fdce_C_Q)         0.456     0.456 f  v_count_reg[5]/Q
                         net (fo=4, routed)           1.113     1.569    v_count_reg_n_0_[5]
    SLICE_X47Y51         LUT4 (Prop_lut4_I3_O)        0.152     1.721 r  vgaRed_OBUF[3]_inst_i_2/O
                         net (fo=3, routed)           1.129     2.850    vgaRed_OBUF[3]_inst_i_2_n_0
    SLICE_X45Y49         LUT6 (Prop_lut6_I0_O)        0.332     3.182 r  vgaRed_OBUF[3]_inst_i_1/O
                         net (fo=12, routed)          4.347     7.530    vgaBlue_OBUF[0]
    K18                  OBUF (Prop_obuf_I_O)         3.519    11.048 r  vgaBlue_OBUF[2]_inst/O
                         net (fo=0)                   0.000    11.048    vgaBlue[2]
    K18                                                               r  vgaBlue[2] (OUT)
  -------------------------------------------------------------------    -------------------

Slack:                    inf
  Source:                 v_count_reg[5]/C
                            (rising edge-triggered cell FDCE)
  Destination:            vgaBlue[1]
                            (output port)
  Path Group:             (none)
  Path Type:              Max at Slow Process Corner
  Data Path Delay:        10.883ns  (logic 4.443ns (40.828%)  route 6.440ns (59.172%))
  Logic Levels:           4  (FDCE=1 LUT4=1 LUT6=1 OBUF=1)

    Location             Delay type                Incr(ns)  Path(ns)    Netlist Resource(s)
  -------------------------------------------------------------------    -------------------
    SLICE_X47Y51         FDCE                         0.000     0.000 r  v_count_reg[5]/C
    SLICE_X47Y51         FDCE (Prop_fdce_C_Q)         0.456     0.456 f  v_count_reg[5]/Q
                         net (fo=4, routed)           1.113     1.569    v_count_reg_n_0_[5]
    SLICE_X47Y51         LUT4 (Prop_lut4_I3_O)        0.152     1.721 r  vgaRed_OBUF[3]_inst_i_2/O
                         net (fo=3, routed)           1.129     2.850    vgaRed_OBUF[3]_inst_i_2_n_0
    SLICE_X45Y49         LUT6 (Prop_lut6_I0_O)        0.332     3.182 r  vgaRed_OBUF[3]_inst_i_1/O
                         net (fo=12, routed)          4.197     7.380    vgaBlue_OBUF[0]
    L18                  OBUF (Prop_obuf_I_O)         3.503    10.883 r  vgaBlue_OBUF[1]_inst/O
                         net (fo=0)                   0.000    10.883    vgaBlue[1]
    L18                                                               r  vgaBlue[1] (OUT)
  -------------------------------------------------------------------    -------------------

Slack:                    inf
  Source:                 v_count_reg[5]/C
                            (rising edge-triggered cell FDCE)
  Destination:            vgaBlue[3]
                            (output port)
  Path Group:             (none)
  Path Type:              Max at Slow Process Corner
  Data Path Delay:        10.755ns  (logic 4.465ns (41.515%)  route 6.290ns (58.485%))
  Logic Levels:           4  (FDCE=1 LUT4=1 LUT6=1 OBUF=1)

    Location             Delay type                Incr(ns)  Path(ns)    Netlist Resource(s)
  -------------------------------------------------------------------    -------------------
    SLICE_X47Y51         FDCE                         0.000     0.000 r  v_count_reg[5]/C
    SLICE_X47Y51         FDCE (Prop_fdce_C_Q)         0.456     0.456 f  v_count_reg[5]/Q
                         net (fo=4, routed)           1.113     1.569    v_count_reg_n_0_[5]
    SLICE_X47Y51         LUT4 (Prop_lut4_I3_O)        0.152     1.721 r  vgaRed_OBUF[3]_inst_i_2/O
                         net (fo=3, routed)           1.129     2.850    vgaRed_OBUF[3]_inst_i_2_n_0
    SLICE_X45Y49         LUT6 (Prop_lut6_I0_O)        0.332     3.182 r  vgaRed_OBUF[3]_inst_i_1/O
                         net (fo=12, routed)          4.047     7.230    vgaBlue_OBUF[0]
    J18                  OBUF (Prop_obuf_I_O)         3.525    10.755 r  vgaBlue_OBUF[3]_inst/O
                         net (fo=0)                   0.000    10.755    vgaBlue[3]
    J18                                                               r  vgaBlue[3] (OUT)
  -------------------------------------------------------------------    -------------------

Slack:                    inf
  Source:                 v_count_reg[5]/C
                            (rising edge-triggered cell FDCE)
  Destination:            vgaGreen[0]
                            (output port)
  Path Group:             (none)
  Path Type:              Max at Slow Process Corner
  Data Path Delay:        10.601ns  (logic 4.461ns (42.080%)  route 6.140ns (57.920%))
  Logic Levels:           4  (FDCE=1 LUT4=1 LUT6=1 OBUF=1)

    Location             Delay type                Incr(ns)  Path(ns)    Netlist Resource(s)
  -------------------------------------------------------------------    -------------------
    SLICE_X47Y51         FDCE                         0.000     0.000 r  v_count_reg[5]/C
    SLICE_X47Y51         FDCE (Prop_fdce_C_Q)         0.456     0.456 f  v_count_reg[5]/Q
                         net (fo=4, routed)           1.113     1.569    v_count_reg_n_0_[5]
    SLICE_X47Y51         LUT4 (Prop_lut4_I3_O)        0.152     1.721 r  vgaRed_OBUF[3]_inst_i_2/O
                         net (fo=3, routed)           1.129     2.850    vgaRed_OBUF[3]_inst_i_2_n_0
    SLICE_X45Y49         LUT6 (Prop_lut6_I0_O)        0.332     3.182 r  vgaRed_OBUF[3]_inst_i_1/O
                         net (fo=12, routed)          3.898     7.080    vgaBlue_OBUF[0]
    J17                  OBUF (Prop_obuf_I_O)         3.521    10.601 r  vgaGreen_OBUF[0]_inst/O
                         net (fo=0)                   0.000    10.601    vgaGreen[0]
    J17                                                               r  vgaGreen[0] (OUT)
  -------------------------------------------------------------------    -------------------

Slack:                    inf
  Source:                 v_count_reg[5]/C
                            (rising edge-triggered cell FDCE)
  Destination:            vgaRed[2]
                            (output port)
  Path Group:             (none)
  Path Type:              Max at Slow Process Corner
  Data Path Delay:        10.454ns  (logic 4.464ns (42.701%)  route 5.990ns (57.299%))
  Logic Levels:           4  (FDCE=1 LUT4=1 LUT6=1 OBUF=1)

    Location             Delay type                Incr(ns)  Path(ns)    Netlist Resource(s)
  -------------------------------------------------------------------    -------------------
    SLICE_X47Y51         FDCE                         0.000     0.000 r  v_count_reg[5]/C
    SLICE_X47Y51         FDCE (Prop_fdce_C_Q)         0.456     0.456 f  v_count_reg[5]/Q
                         net (fo=4, routed)           1.113     1.569    v_count_reg_n_0_[5]
    SLICE_X47Y51         LUT4 (Prop_lut4_I3_O)        0.152     1.721 r  vgaRed_OBUF[3]_inst_i_2/O
                         net (fo=3, routed)           1.129     2.850    vgaRed_OBUF[3]_inst_i_2_n_0
    SLICE_X45Y49         LUT6 (Prop_lut6_I0_O)        0.332     3.182 r  vgaRed_OBUF[3]_inst_i_1/O
                         net (fo=12, routed)          3.748     6.930    vgaBlue_OBUF[0]
    J19                  OBUF (Prop_obuf_I_O)         3.524    10.454 r  vgaRed_OBUF[2]_inst/O
                         net (fo=0)                   0.000    10.454    vgaRed[2]
    J19                                                               r  vgaRed[2] (OUT)
  -------------------------------------------------------------------    -------------------

Slack:                    inf
  Source:                 v_count_reg[5]/C
                            (rising edge-triggered cell FDCE)
  Destination:            vgaGreen[2]
                            (output port)
  Path Group:             (none)
  Path Type:              Max at Slow Process Corner
  Data Path Delay:        10.306ns  (logic 4.469ns (43.365%)  route 5.837ns (56.635%))
  Logic Levels:           4  (FDCE=1 LUT4=1 LUT6=1 OBUF=1)

    Location             Delay type                Incr(ns)  Path(ns)    Netlist Resource(s)
  -------------------------------------------------------------------    -------------------
    SLICE_X47Y51         FDCE                         0.000     0.000 r  v_count_reg[5]/C
    SLICE_X47Y51         FDCE (Prop_fdce_C_Q)         0.456     0.456 f  v_count_reg[5]/Q
                         net (fo=4, routed)           1.113     1.569    v_count_reg_n_0_[5]
    SLICE_X47Y51         LUT4 (Prop_lut4_I3_O)        0.152     1.721 r  vgaRed_OBUF[3]_inst_i_2/O
                         net (fo=3, routed)           1.129     2.850    vgaRed_OBUF[3]_inst_i_2_n_0
    SLICE_X45Y49         LUT6 (Prop_lut6_I0_O)        0.332     3.182 r  vgaRed_OBUF[3]_inst_i_1/O
                         net (fo=12, routed)          3.594     6.777    vgaBlue_OBUF[0]
    G17                  OBUF (Prop_obuf_I_O)         3.529    10.306 r  vgaGreen_OBUF[2]_inst/O
                         net (fo=0)                   0.000    10.306    vgaGreen[2]
    G17                                                               r  vgaGreen[2] (OUT)
  -------------------------------------------------------------------    -------------------

Slack:                    inf
  Source:                 v_count_reg[5]/C
                            (rising edge-triggered cell FDCE)
  Destination:            vgaGreen[1]
                            (output port)
  Path Group:             (none)
  Path Type:              Max at Slow Process Corner
  Data Path Delay:        10.132ns  (logic 4.445ns (43.874%)  route 5.687ns (56.126%))
  Logic Levels:           4  (FDCE=1 LUT4=1 LUT6=1 OBUF=1)

    Location             Delay type                Incr(ns)  Path(ns)    Netlist Resource(s)
  -------------------------------------------------------------------    -------------------
    SLICE_X47Y51         FDCE                         0.000     0.000 r  v_count_reg[5]/C
    SLICE_X47Y51         FDCE (Prop_fdce_C_Q)         0.456     0.456 f  v_count_reg[5]/Q
                         net (fo=4, routed)           1.113     1.569    v_count_reg_n_0_[5]
    SLICE_X47Y51         LUT4 (Prop_lut4_I3_O)        0.152     1.721 r  vgaRed_OBUF[3]_inst_i_2/O
                         net (fo=3, routed)           1.129     2.850    vgaRed_OBUF[3]_inst_i_2_n_0
    SLICE_X45Y49         LUT6 (Prop_lut6_I0_O)        0.332     3.182 r  vgaRed_OBUF[3]_inst_i_1/O
                         net (fo=12, routed)          3.444     6.627    vgaBlue_OBUF[0]
    H17                  OBUF (Prop_obuf_I_O)         3.505    10.132 r  vgaGreen_OBUF[1]_inst/O
                         net (fo=0)                   0.000    10.132    vgaGreen[1]
    H17                                                               r  vgaGreen[1] (OUT)
  -------------------------------------------------------------------    -------------------

Slack:                    inf
  Source:                 v_count_reg[5]/C
                            (rising edge-triggered cell FDCE)
  Destination:            vgaRed[0]
                            (output port)
  Path Group:             (none)
  Path Type:              Max at Slow Process Corner
  Data Path Delay:        10.001ns  (logic 4.464ns (44.635%)  route 5.537ns (55.365%))
  Logic Levels:           4  (FDCE=1 LUT4=1 LUT6=1 OBUF=1)

    Location             Delay type                Incr(ns)  Path(ns)    Netlist Resource(s)
  -------------------------------------------------------------------    -------------------
    SLICE_X47Y51         FDCE                         0.000     0.000 r  v_count_reg[5]/C
    SLICE_X47Y51         FDCE (Prop_fdce_C_Q)         0.456     0.456 f  v_count_reg[5]/Q
                         net (fo=4, routed)           1.113     1.569    v_count_reg_n_0_[5]
    SLICE_X47Y51         LUT4 (Prop_lut4_I3_O)        0.152     1.721 r  vgaRed_OBUF[3]_inst_i_2/O
                         net (fo=3, routed)           1.129     2.850    vgaRed_OBUF[3]_inst_i_2_n_0
    SLICE_X45Y49         LUT6 (Prop_lut6_I0_O)        0.332     3.182 r  vgaRed_OBUF[3]_inst_i_1/O
                         net (fo=12, routed)          3.295     6.477    vgaBlue_OBUF[0]
    G19                  OBUF (Prop_obuf_I_O)         3.524    10.001 r  vgaRed_OBUF[0]_inst/O
                         net (fo=0)                   0.000    10.001    vgaRed[0]
    G19                                                               r  vgaRed[0] (OUT)
  -------------------------------------------------------------------    -------------------





Min Delay Paths
--------------------------------------------------------------------------------------
Slack:                    inf
  Source:                 h_count_reg[6]/C
                            (rising edge-triggered cell FDCE)
  Destination:            h_count_reg[6]/D
  Path Group:             (none)
  Path Type:              Min at Fast Process Corner
  Data Path Delay:        0.320ns  (logic 0.186ns (58.188%)  route 0.134ns (41.812%))
  Logic Levels:           2  (FDCE=1 LUT4=1)

    Location             Delay type                Incr(ns)  Path(ns)    Netlist Resource(s)
  -------------------------------------------------------------------    -------------------
    SLICE_X44Y50         FDCE                         0.000     0.000 r  h_count_reg[6]/C
    SLICE_X44Y50         FDCE (Prop_fdce_C_Q)         0.141     0.141 r  h_count_reg[6]/Q
                         net (fo=7, routed)           0.134     0.275    h_count_reg_n_0_[6]
    SLICE_X44Y50         LUT4 (Prop_lut4_I0_O)        0.045     0.320 r  h_count[6]_i_1/O
                         net (fo=1, routed)           0.000     0.320    h_count[6]
    SLICE_X44Y50         FDCE                                         r  h_count_reg[6]/D
  -------------------------------------------------------------------    -------------------

Slack:                    inf
  Source:                 h_count_reg[5]/C
                            (rising edge-triggered cell FDCE)
  Destination:            h_count_reg[7]/D
  Path Group:             (none)
  Path Type:              Min at Fast Process Corner
  Data Path Delay:        0.328ns  (logic 0.186ns (56.678%)  route 0.142ns (43.322%))
  Logic Levels:           2  (FDCE=1 LUT5=1)

    Location             Delay type                Incr(ns)  Path(ns)    Netlist Resource(s)
  -------------------------------------------------------------------    -------------------
    SLICE_X45Y49         FDCE                         0.000     0.000 r  h_count_reg[5]/C
    SLICE_X45Y49         FDCE (Prop_fdce_C_Q)         0.141     0.141 r  h_count_reg[5]/Q
                         net (fo=7, routed)           0.142     0.283    h_count_reg_n_0_[5]
    SLICE_X44Y49         LUT5 (Prop_lut5_I3_O)        0.045     0.328 r  h_count[7]_i_1/O
                         net (fo=1, routed)           0.000     0.328    h_count[7]
    SLICE_X44Y49         FDCE                                         r  h_count_reg[7]/D
  -------------------------------------------------------------------    -------------------

Slack:                    inf
  Source:                 v_count_reg[2]/C
                            (rising edge-triggered cell FDCE)
  Destination:            v_count_reg[5]/D
  Path Group:             (none)
  Path Type:              Min at Fast Process Corner
  Data Path Delay:        0.337ns  (logic 0.186ns (55.268%)  route 0.151ns (44.732%))
  Logic Levels:           2  (FDCE=1 LUT6=1)

    Location             Delay type                Incr(ns)  Path(ns)    Netlist Resource(s)
  -------------------------------------------------------------------    -------------------
    SLICE_X45Y51         FDCE                         0.000     0.000 r  v_count_reg[2]/C
    SLICE_X45Y51         FDCE (Prop_fdce_C_Q)         0.141     0.141 r  v_count_reg[2]/Q
                         net (fo=9, routed)           0.151     0.292    v_count_reg_n_0_[2]
    SLICE_X47Y51         LUT6 (Prop_lut6_I3_O)        0.045     0.337 r  v_count[5]_i_1/O
                         net (fo=1, routed)           0.000     0.337    v_count[5]_i_1_n_0
    SLICE_X47Y51         FDCE                                         r  v_count_reg[5]/D
  -------------------------------------------------------------------    -------------------

Slack:                    inf
  Source:                 h_count_reg[7]/C
                            (rising edge-triggered cell FDCE)
  Destination:            h_count_reg[5]/D
  Path Group:             (none)
  Path Type:              Min at Fast Process Corner
  Data Path Delay:        0.357ns  (logic 0.186ns (52.062%)  route 0.171ns (47.938%))
  Logic Levels:           2  (FDCE=1 LUT6=1)

    Location             Delay type                Incr(ns)  Path(ns)    Netlist Resource(s)
  -------------------------------------------------------------------    -------------------
    SLICE_X44Y49         FDCE                         0.000     0.000 r  h_count_reg[7]/C
    SLICE_X44Y49         FDCE (Prop_fdce_C_Q)         0.141     0.141 r  h_count_reg[7]/Q
                         net (fo=7, routed)           0.171     0.312    h_count_reg_n_0_[7]
    SLICE_X45Y49         LUT6 (Prop_lut6_I0_O)        0.045     0.357 r  h_count[5]_i_1/O
                         net (fo=1, routed)           0.000     0.357    h_count[5]
    SLICE_X45Y49         FDCE                                         r  h_count_reg[5]/D
  -------------------------------------------------------------------    -------------------

Slack:                    inf
  Source:                 v_count_reg[6]/C
                            (rising edge-triggered cell FDCE)
  Destination:            v_count_reg[7]/D
  Path Group:             (none)
  Path Type:              Min at Fast Process Corner
  Data Path Delay:        0.361ns  (logic 0.183ns (50.649%)  route 0.178ns (49.351%))
  Logic Levels:           2  (FDCE=1 LUT3=1)

    Location             Delay type                Incr(ns)  Path(ns)    Netlist Resource(s)
  -------------------------------------------------------------------    -------------------
    SLICE_X47Y51         FDCE                         0.000     0.000 r  v_count_reg[6]/C
    SLICE_X47Y51         FDCE (Prop_fdce_C_Q)         0.141     0.141 r  v_count_reg[6]/Q
                         net (fo=5, routed)           0.178     0.319    v_count_reg_n_0_[6]
    SLICE_X47Y51         LUT3 (Prop_lut3_I2_O)        0.042     0.361 r  v_count[7]_i_1/O
                         net (fo=1, routed)           0.000     0.361    v_count[7]_i_1_n_0
    SLICE_X47Y51         FDCE                                         r  v_count_reg[7]/D
  -------------------------------------------------------------------    -------------------

Slack:                    inf
  Source:                 v_count_reg[6]/C
                            (rising edge-triggered cell FDCE)
  Destination:            v_count_reg[6]/D
  Path Group:             (none)
  Path Type:              Min at Fast Process Corner
  Data Path Delay:        0.364ns  (logic 0.186ns (51.055%)  route 0.178ns (48.945%))
  Logic Levels:           2  (FDCE=1 LUT2=1)

    Location             Delay type                Incr(ns)  Path(ns)    Netlist Resource(s)
  -------------------------------------------------------------------    -------------------
    SLICE_X47Y51         FDCE                         0.000     0.000 r  v_count_reg[6]/C
    SLICE_X47Y51         FDCE (Prop_fdce_C_Q)         0.141     0.141 r  v_count_reg[6]/Q
                         net (fo=5, routed)           0.178     0.319    v_count_reg_n_0_[6]
    SLICE_X47Y51         LUT2 (Prop_lut2_I0_O)        0.045     0.364 r  v_count[6]_i_1/O
                         net (fo=1, routed)           0.000     0.364    v_count[6]_i_1_n_0
    SLICE_X47Y51         FDCE                                         r  v_count_reg[6]/D
  -------------------------------------------------------------------    -------------------

Slack:                    inf
  Source:                 h_count_reg[1]/C
                            (rising edge-triggered cell FDCE)
  Destination:            h_count_reg[3]/D
  Path Group:             (none)
  Path Type:              Min at Fast Process Corner
  Data Path Delay:        0.369ns  (logic 0.184ns (49.875%)  route 0.185ns (50.125%))
  Logic Levels:           2  (FDCE=1 LUT4=1)

    Location             Delay type                Incr(ns)  Path(ns)    Netlist Resource(s)
  -------------------------------------------------------------------    -------------------
    SLICE_X44Y51         FDCE                         0.000     0.000 r  h_count_reg[1]/C
    SLICE_X44Y51         FDCE (Prop_fdce_C_Q)         0.141     0.141 r  h_count_reg[1]/Q
                         net (fo=7, routed)           0.185     0.326    h_count_reg_n_0_[1]
    SLICE_X44Y51         LUT4 (Prop_lut4_I1_O)        0.043     0.369 r  h_count[3]_i_1/O
                         net (fo=1, routed)           0.000     0.369    h_count[3]
    SLICE_X44Y51         FDCE                                         r  h_count_reg[3]/D
  -------------------------------------------------------------------    -------------------

Slack:                    inf
  Source:                 h_count_reg[1]/C
                            (rising edge-triggered cell FDCE)
  Destination:            h_count_reg[4]/D
  Path Group:             (none)
  Path Type:              Min at Fast Process Corner
  Data Path Delay:        0.375ns  (logic 0.189ns (50.433%)  route 0.186ns (49.567%))
  Logic Levels:           2  (FDCE=1 LUT5=1)

    Location             Delay type                Incr(ns)  Path(ns)    Netlist Resource(s)
  -------------------------------------------------------------------    -------------------
    SLICE_X44Y51         FDCE                         0.000     0.000 r  h_count_reg[1]/C
    SLICE_X44Y51         FDCE (Prop_fdce_C_Q)         0.141     0.141 r  h_count_reg[1]/Q
                         net (fo=7, routed)           0.186     0.327    h_count_reg_n_0_[1]
    SLICE_X44Y50         LUT5 (Prop_lut5_I2_O)        0.048     0.375 r  h_count[4]_i_1/O
                         net (fo=1, routed)           0.000     0.375    h_count[4]_i_1_n_0
    SLICE_X44Y50         FDCE                                         r  h_count_reg[4]/D
  -------------------------------------------------------------------    -------------------

Slack:                    inf
  Source:                 v_count_reg[1]/C
                            (rising edge-triggered cell FDCE)
  Destination:            v_count_reg[1]/D
  Path Group:             (none)
  Path Type:              Min at Fast Process Corner
  Data Path Delay:        0.378ns  (logic 0.186ns (49.266%)  route 0.192ns (50.734%))
  Logic Levels:           2  (FDCE=1 LUT2=1)

    Location             Delay type                Incr(ns)  Path(ns)    Netlist Resource(s)
  -------------------------------------------------------------------    -------------------
    SLICE_X47Y50         FDCE                         0.000     0.000 r  v_count_reg[1]/C
    SLICE_X47Y50         FDCE (Prop_fdce_C_Q)         0.141     0.141 r  v_count_reg[1]/Q
                         net (fo=10, routed)          0.192     0.333    v_count_reg_n_0_[1]
    SLICE_X47Y50         LUT2 (Prop_lut2_I0_O)        0.045     0.378 r  v_count[1]_i_1/O
                         net (fo=1, routed)           0.000     0.378    v_count[1]_i_1_n_0
    SLICE_X47Y50         FDCE                                         r  v_count_reg[1]/D
  -------------------------------------------------------------------    -------------------

Slack:                    inf
  Source:                 h_count_reg[1]/C
                            (rising edge-triggered cell FDCE)
  Destination:            h_count_reg[2]/D
  Path Group:             (none)
  Path Type:              Min at Fast Process Corner
  Data Path Delay:        0.379ns  (logic 0.183ns (48.306%)  route 0.196ns (51.694%))
  Logic Levels:           2  (FDCE=1 LUT3=1)

    Location             Delay type                Incr(ns)  Path(ns)    Netlist Resource(s)
  -------------------------------------------------------------------    -------------------
    SLICE_X44Y51         FDCE                         0.000     0.000 r  h_count_reg[1]/C
    SLICE_X44Y51         FDCE (Prop_fdce_C_Q)         0.141     0.141 r  h_count_reg[1]/Q
                         net (fo=7, routed)           0.196     0.337    h_count_reg_n_0_[1]
    SLICE_X44Y51         LUT3 (Prop_lut3_I2_O)        0.042     0.379 r  h_count[2]_i_1/O
                         net (fo=1, routed)           0.000     0.379    h_count[2]
    SLICE_X44Y51         FDCE                                         r  h_count_reg[2]/D
  -------------------------------------------------------------------    -------------------





--------------------------------------------------------------------------------------
Path Group:  (none)
From Clock:  sys_clk_pin
  To Clock:  

Max Delay            17 Endpoints
Min Delay            17 Endpoints
--------------------------------------------------------------------------------------


Max Delay Paths
--------------------------------------------------------------------------------------
Slack:                    inf
  Source:                 current_lvl_reg/C
                            (rising edge-triggered cell FDCE clocked by sys_clk_pin  {rise@0.000ns fall@5.000ns period=10.000ns})
  Destination:            vgaRed[3]
                            (output port)
  Path Group:             (none)
  Path Type:              Max at Slow Process Corner
  Data Path Delay:        9.886ns  (logic 4.082ns (41.294%)  route 5.804ns (58.706%))
  Logic Levels:           2  (LUT6=1 OBUF=1)
  Clock Uncertainty:      0.025ns  ((TSJ^2 + TIJ^2)^1/2 + DJ) / 2 + PE
    Total System Jitter     (TSJ):    0.050ns
    Total Input Jitter      (TIJ):    0.000ns
    Discrete Jitter          (DJ):    0.000ns
    Phase Error              (PE):    0.000ns

    Location             Delay type                Incr(ns)  Path(ns)    Netlist Resource(s)
  -------------------------------------------------------------------    -------------------
                         (clock sys_clk_pin rise edge)
                                                      0.000     0.000 r  
    W5                                                0.000     0.000 r  clk (IN)
                         net (fo=0)                   0.000     0.000    clk
    W5                   IBUF (Prop_ibuf_I_O)         1.458     1.458 r  clk_IBUF_inst/O
                         net (fo=1, routed)           1.967     3.425    clk_IBUF
    BUFGCTRL_X0Y0        BUFG (Prop_bufg_I_O)         0.096     3.521 r  clk_IBUF_BUFG_inst/O
                         net (fo=34, routed)          1.627     5.148    clk_IBUF_BUFG
    SLICE_X63Y51         FDCE                                         r  current_lvl_reg/C
  -------------------------------------------------------------------    -------------------
    SLICE_X63Y51         FDCE (Prop_fdce_C_Q)         0.456     5.604 r  current_lvl_reg/Q
                         net (fo=3, routed)           1.167     6.770    nrz_out_OBUF
    SLICE_X45Y49         LUT6 (Prop_lut6_I2_O)        0.124     6.894 r  vgaRed_OBUF[3]_inst_i_1/O
                         net (fo=12, routed)          4.637    11.532    vgaBlue_OBUF[0]
    N19                  OBUF (Prop_obuf_I_O)         3.502    15.034 r  vgaRed_OBUF[3]_inst/O
                         net (fo=0)                   0.000    15.034    vgaRed[3]
    N19                                                               r  vgaRed[3] (OUT)
  -------------------------------------------------------------------    -------------------

Slack:                    inf
  Source:                 current_lvl_reg/C
                            (rising edge-triggered cell FDCE clocked by sys_clk_pin  {rise@0.000ns fall@5.000ns period=10.000ns})
  Destination:            vgaBlue[0]
                            (output port)
  Path Group:             (none)
  Path Type:              Max at Slow Process Corner
  Data Path Delay:        9.739ns  (logic 4.075ns (41.844%)  route 5.664ns (58.156%))
  Logic Levels:           2  (LUT6=1 OBUF=1)
  Clock Uncertainty:      0.025ns  ((TSJ^2 + TIJ^2)^1/2 + DJ) / 2 + PE
    Total System Jitter     (TSJ):    0.050ns
    Total Input Jitter      (TIJ):    0.000ns
    Discrete Jitter          (DJ):    0.000ns
    Phase Error              (PE):    0.000ns

    Location             Delay type                Incr(ns)  Path(ns)    Netlist Resource(s)
  -------------------------------------------------------------------    -------------------
                         (clock sys_clk_pin rise edge)
                                                      0.000     0.000 r  
    W5                                                0.000     0.000 r  clk (IN)
                         net (fo=0)                   0.000     0.000    clk
    W5                   IBUF (Prop_ibuf_I_O)         1.458     1.458 r  clk_IBUF_inst/O
                         net (fo=1, routed)           1.967     3.425    clk_IBUF
    BUFGCTRL_X0Y0        BUFG (Prop_bufg_I_O)         0.096     3.521 r  clk_IBUF_BUFG_inst/O
                         net (fo=34, routed)          1.627     5.148    clk_IBUF_BUFG
    SLICE_X63Y51         FDCE                                         r  current_lvl_reg/C
  -------------------------------------------------------------------    -------------------
    SLICE_X63Y51         FDCE (Prop_fdce_C_Q)         0.456     5.604 r  current_lvl_reg/Q
                         net (fo=3, routed)           1.167     6.770    nrz_out_OBUF
    SLICE_X45Y49         LUT6 (Prop_lut6_I2_O)        0.124     6.894 r  vgaRed_OBUF[3]_inst_i_1/O
                         net (fo=12, routed)          4.497    11.392    vgaBlue_OBUF[0]
    N18                  OBUF (Prop_obuf_I_O)         3.495    14.887 r  vgaBlue_OBUF[0]_inst/O
                         net (fo=0)                   0.000    14.887    vgaBlue[0]
    N18                                                               r  vgaBlue[0] (OUT)
  -------------------------------------------------------------------    -------------------

Slack:                    inf
  Source:                 current_lvl_reg/C
                            (rising edge-triggered cell FDCE clocked by sys_clk_pin  {rise@0.000ns fall@5.000ns period=10.000ns})
  Destination:            vgaBlue[2]
                            (output port)
  Path Group:             (none)
  Path Type:              Max at Slow Process Corner
  Data Path Delay:        9.613ns  (logic 4.099ns (42.639%)  route 5.514ns (57.361%))
  Logic Levels:           2  (LUT6=1 OBUF=1)
  Clock Uncertainty:      0.025ns  ((TSJ^2 + TIJ^2)^1/2 + DJ) / 2 + PE
    Total System Jitter     (TSJ):    0.050ns
    Total Input Jitter      (TIJ):    0.000ns
    Discrete Jitter          (DJ):    0.000ns
    Phase Error              (PE):    0.000ns

    Location             Delay type                Incr(ns)  Path(ns)    Netlist Resource(s)
  -------------------------------------------------------------------    -------------------
                         (clock sys_clk_pin rise edge)
                                                      0.000     0.000 r  
    W5                                                0.000     0.000 r  clk (IN)
                         net (fo=0)                   0.000     0.000    clk
    W5                   IBUF (Prop_ibuf_I_O)         1.458     1.458 r  clk_IBUF_inst/O
                         net (fo=1, routed)           1.967     3.425    clk_IBUF
    BUFGCTRL_X0Y0        BUFG (Prop_bufg_I_O)         0.096     3.521 r  clk_IBUF_BUFG_inst/O
                         net (fo=34, routed)          1.627     5.148    clk_IBUF_BUFG
    SLICE_X63Y51         FDCE                                         r  current_lvl_reg/C
  -------------------------------------------------------------------    -------------------
    SLICE_X63Y51         FDCE (Prop_fdce_C_Q)         0.456     5.604 r  current_lvl_reg/Q
                         net (fo=3, routed)           1.167     6.770    nrz_out_OBUF
    SLICE_X45Y49         LUT6 (Prop_lut6_I2_O)        0.124     6.894 r  vgaRed_OBUF[3]_inst_i_1/O
                         net (fo=12, routed)          4.347    11.242    vgaBlue_OBUF[0]
    K18                  OBUF (Prop_obuf_I_O)         3.519    14.761 r  vgaBlue_OBUF[2]_inst/O
                         net (fo=0)                   0.000    14.761    vgaBlue[2]
    K18                                                               r  vgaBlue[2] (OUT)
  -------------------------------------------------------------------    -------------------

Slack:                    inf
  Source:                 current_lvl_reg/C
                            (rising edge-triggered cell FDCE clocked by sys_clk_pin  {rise@0.000ns fall@5.000ns period=10.000ns})
  Destination:            vgaBlue[1]
                            (output port)
  Path Group:             (none)
  Path Type:              Max at Slow Process Corner
  Data Path Delay:        9.447ns  (logic 4.083ns (43.222%)  route 5.364ns (56.778%))
  Logic Levels:           2  (LUT6=1 OBUF=1)
  Clock Uncertainty:      0.025ns  ((TSJ^2 + TIJ^2)^1/2 + DJ) / 2 + PE
    Total System Jitter     (TSJ):    0.050ns
    Total Input Jitter      (TIJ):    0.000ns
    Discrete Jitter          (DJ):    0.000ns
    Phase Error              (PE):    0.000ns

    Location             Delay type                Incr(ns)  Path(ns)    Netlist Resource(s)
  -------------------------------------------------------------------    -------------------
                         (clock sys_clk_pin rise edge)
                                                      0.000     0.000 r  
    W5                                                0.000     0.000 r  clk (IN)
                         net (fo=0)                   0.000     0.000    clk
    W5                   IBUF (Prop_ibuf_I_O)         1.458     1.458 r  clk_IBUF_inst/O
                         net (fo=1, routed)           1.967     3.425    clk_IBUF
    BUFGCTRL_X0Y0        BUFG (Prop_bufg_I_O)         0.096     3.521 r  clk_IBUF_BUFG_inst/O
                         net (fo=34, routed)          1.627     5.148    clk_IBUF_BUFG
    SLICE_X63Y51         FDCE                                         r  current_lvl_reg/C
  -------------------------------------------------------------------    -------------------
    SLICE_X63Y51         FDCE (Prop_fdce_C_Q)         0.456     5.604 r  current_lvl_reg/Q
                         net (fo=3, routed)           1.167     6.770    nrz_out_OBUF
    SLICE_X45Y49         LUT6 (Prop_lut6_I2_O)        0.124     6.894 r  vgaRed_OBUF[3]_inst_i_1/O
                         net (fo=12, routed)          4.197    11.092    vgaBlue_OBUF[0]
    L18                  OBUF (Prop_obuf_I_O)         3.503    14.595 r  vgaBlue_OBUF[1]_inst/O
                         net (fo=0)                   0.000    14.595    vgaBlue[1]
    L18                                                               r  vgaBlue[1] (OUT)
  -------------------------------------------------------------------    -------------------

Slack:                    inf
  Source:                 current_lvl_reg/C
                            (rising edge-triggered cell FDCE clocked by sys_clk_pin  {rise@0.000ns fall@5.000ns period=10.000ns})
  Destination:            vgaBlue[3]
                            (output port)
  Path Group:             (none)
  Path Type:              Max at Slow Process Corner
  Data Path Delay:        9.319ns  (logic 4.105ns (44.048%)  route 5.214ns (55.952%))
  Logic Levels:           2  (LUT6=1 OBUF=1)
  Clock Uncertainty:      0.025ns  ((TSJ^2 + TIJ^2)^1/2 + DJ) / 2 + PE
    Total System Jitter     (TSJ):    0.050ns
    Total Input Jitter      (TIJ):    0.000ns
    Discrete Jitter          (DJ):    0.000ns
    Phase Error              (PE):    0.000ns

    Location             Delay type                Incr(ns)  Path(ns)    Netlist Resource(s)
  -------------------------------------------------------------------    -------------------
                         (clock sys_clk_pin rise edge)
                                                      0.000     0.000 r  
    W5                                                0.000     0.000 r  clk (IN)
                         net (fo=0)                   0.000     0.000    clk
    W5                   IBUF (Prop_ibuf_I_O)         1.458     1.458 r  clk_IBUF_inst/O
                         net (fo=1, routed)           1.967     3.425    clk_IBUF
    BUFGCTRL_X0Y0        BUFG (Prop_bufg_I_O)         0.096     3.521 r  clk_IBUF_BUFG_inst/O
                         net (fo=34, routed)          1.627     5.148    clk_IBUF_BUFG
    SLICE_X63Y51         FDCE                                         r  current_lvl_reg/C
  -------------------------------------------------------------------    -------------------
    SLICE_X63Y51         FDCE (Prop_fdce_C_Q)         0.456     5.604 r  current_lvl_reg/Q
                         net (fo=3, routed)           1.167     6.770    nrz_out_OBUF
    SLICE_X45Y49         LUT6 (Prop_lut6_I2_O)        0.124     6.894 r  vgaRed_OBUF[3]_inst_i_1/O
                         net (fo=12, routed)          4.047    10.942    vgaBlue_OBUF[0]
    J18                  OBUF (Prop_obuf_I_O)         3.525    14.467 r  vgaBlue_OBUF[3]_inst/O
                         net (fo=0)                   0.000    14.467    vgaBlue[3]
    J18                                                               r  vgaBlue[3] (OUT)
  -------------------------------------------------------------------    -------------------

Slack:                    inf
  Source:                 current_lvl_reg/C
                            (rising edge-triggered cell FDCE clocked by sys_clk_pin  {rise@0.000ns fall@5.000ns period=10.000ns})
  Destination:            vgaGreen[0]
                            (output port)
  Path Group:             (none)
  Path Type:              Max at Slow Process Corner
  Data Path Delay:        9.165ns  (logic 4.101ns (44.745%)  route 5.064ns (55.255%))
  Logic Levels:           2  (LUT6=1 OBUF=1)
  Clock Uncertainty:      0.025ns  ((TSJ^2 + TIJ^2)^1/2 + DJ) / 2 + PE
    Total System Jitter     (TSJ):    0.050ns
    Total Input Jitter      (TIJ):    0.000ns
    Discrete Jitter          (DJ):    0.000ns
    Phase Error              (PE):    0.000ns

    Location             Delay type                Incr(ns)  Path(ns)    Netlist Resource(s)
  -------------------------------------------------------------------    -------------------
                         (clock sys_clk_pin rise edge)
                                                      0.000     0.000 r  
    W5                                                0.000     0.000 r  clk (IN)
                         net (fo=0)                   0.000     0.000    clk
    W5                   IBUF (Prop_ibuf_I_O)         1.458     1.458 r  clk_IBUF_inst/O
                         net (fo=1, routed)           1.967     3.425    clk_IBUF
    BUFGCTRL_X0Y0        BUFG (Prop_bufg_I_O)         0.096     3.521 r  clk_IBUF_BUFG_inst/O
                         net (fo=34, routed)          1.627     5.148    clk_IBUF_BUFG
    SLICE_X63Y51         FDCE                                         r  current_lvl_reg/C
  -------------------------------------------------------------------    -------------------
    SLICE_X63Y51         FDCE (Prop_fdce_C_Q)         0.456     5.604 r  current_lvl_reg/Q
                         net (fo=3, routed)           1.167     6.770    nrz_out_OBUF
    SLICE_X45Y49         LUT6 (Prop_lut6_I2_O)        0.124     6.894 r  vgaRed_OBUF[3]_inst_i_1/O
                         net (fo=12, routed)          3.898    10.792    vgaBlue_OBUF[0]
    J17                  OBUF (Prop_obuf_I_O)         3.521    14.313 r  vgaGreen_OBUF[0]_inst/O
                         net (fo=0)                   0.000    14.313    vgaGreen[0]
    J17                                                               r  vgaGreen[0] (OUT)
  -------------------------------------------------------------------    -------------------

Slack:                    inf
  Source:                 current_lvl_reg/C
                            (rising edge-triggered cell FDCE clocked by sys_clk_pin  {rise@0.000ns fall@5.000ns period=10.000ns})
  Destination:            nrz_out
                            (output port)
  Path Group:             (none)
  Path Type:              Max at Slow Process Corner
  Data Path Delay:        9.087ns  (logic 3.961ns (43.589%)  route 5.126ns (56.411%))
  Logic Levels:           1  (OBUF=1)
  Clock Uncertainty:      0.025ns  ((TSJ^2 + TIJ^2)^1/2 + DJ) / 2 + PE
    Total System Jitter     (TSJ):    0.050ns
    Total Input Jitter      (TIJ):    0.000ns
    Discrete Jitter          (DJ):    0.000ns
    Phase Error              (PE):    0.000ns

    Location             Delay type                Incr(ns)  Path(ns)    Netlist Resource(s)
  -------------------------------------------------------------------    -------------------
                         (clock sys_clk_pin rise edge)
                                                      0.000     0.000 r  
    W5                                                0.000     0.000 r  clk (IN)
                         net (fo=0)                   0.000     0.000    clk
    W5                   IBUF (Prop_ibuf_I_O)         1.458     1.458 r  clk_IBUF_inst/O
                         net (fo=1, routed)           1.967     3.425    clk_IBUF
    BUFGCTRL_X0Y0        BUFG (Prop_bufg_I_O)         0.096     3.521 r  clk_IBUF_BUFG_inst/O
                         net (fo=34, routed)          1.627     5.148    clk_IBUF_BUFG
    SLICE_X63Y51         FDCE                                         r  current_lvl_reg/C
  -------------------------------------------------------------------    -------------------
    SLICE_X63Y51         FDCE (Prop_fdce_C_Q)         0.456     5.604 r  current_lvl_reg/Q
                         net (fo=3, routed)           5.126    10.730    nrz_out_OBUF
    U16                  OBUF (Prop_obuf_I_O)         3.505    14.235 r  nrz_out_OBUF_inst/O
                         net (fo=0)                   0.000    14.235    nrz_out
    U16                                                               r  nrz_out (OUT)
  -------------------------------------------------------------------    -------------------

Slack:                    inf
  Source:                 current_lvl_reg/C
                            (rising edge-triggered cell FDCE clocked by sys_clk_pin  {rise@0.000ns fall@5.000ns period=10.000ns})
  Destination:            vgaRed[2]
                            (output port)
  Path Group:             (none)
  Path Type:              Max at Slow Process Corner
  Data Path Delay:        9.018ns  (logic 4.104ns (45.507%)  route 4.914ns (54.493%))
  Logic Levels:           2  (LUT6=1 OBUF=1)
  Clock Uncertainty:      0.025ns  ((TSJ^2 + TIJ^2)^1/2 + DJ) / 2 + PE
    Total System Jitter     (TSJ):    0.050ns
    Total Input Jitter      (TIJ):    0.000ns
    Discrete Jitter          (DJ):    0.000ns
    Phase Error              (PE):    0.000ns

    Location             Delay type                Incr(ns)  Path(ns)    Netlist Resource(s)
  -------------------------------------------------------------------    -------------------
                         (clock sys_clk_pin rise edge)
                                                      0.000     0.000 r  
    W5                                                0.000     0.000 r  clk (IN)
                         net (fo=0)                   0.000     0.000    clk
    W5                   IBUF (Prop_ibuf_I_O)         1.458     1.458 r  clk_IBUF_inst/O
                         net (fo=1, routed)           1.967     3.425    clk_IBUF
    BUFGCTRL_X0Y0        BUFG (Prop_bufg_I_O)         0.096     3.521 r  clk_IBUF_BUFG_inst/O
                         net (fo=34, routed)          1.627     5.148    clk_IBUF_BUFG
    SLICE_X63Y51         FDCE                                         r  current_lvl_reg/C
  -------------------------------------------------------------------    -------------------
    SLICE_X63Y51         FDCE (Prop_fdce_C_Q)         0.456     5.604 r  current_lvl_reg/Q
                         net (fo=3, routed)           1.167     6.770    nrz_out_OBUF
    SLICE_X45Y49         LUT6 (Prop_lut6_I2_O)        0.124     6.894 r  vgaRed_OBUF[3]_inst_i_1/O
                         net (fo=12, routed)          3.748    10.642    vgaBlue_OBUF[0]
    J19                  OBUF (Prop_obuf_I_O)         3.524    14.166 r  vgaRed_OBUF[2]_inst/O
                         net (fo=0)                   0.000    14.166    vgaRed[2]
    J19                                                               r  vgaRed[2] (OUT)
  -------------------------------------------------------------------    -------------------

Slack:                    inf
  Source:                 current_lvl_reg/C
                            (rising edge-triggered cell FDCE clocked by sys_clk_pin  {rise@0.000ns fall@5.000ns period=10.000ns})
  Destination:            vgaGreen[2]
                            (output port)
  Path Group:             (none)
  Path Type:              Max at Slow Process Corner
  Data Path Delay:        8.870ns  (logic 4.109ns (46.325%)  route 4.761ns (53.675%))
  Logic Levels:           2  (LUT6=1 OBUF=1)
  Clock Uncertainty:      0.025ns  ((TSJ^2 + TIJ^2)^1/2 + DJ) / 2 + PE
    Total System Jitter     (TSJ):    0.050ns
    Total Input Jitter      (TIJ):    0.000ns
    Discrete Jitter          (DJ):    0.000ns
    Phase Error              (PE):    0.000ns

    Location             Delay type                Incr(ns)  Path(ns)    Netlist Resource(s)
  -------------------------------------------------------------------    -------------------
                         (clock sys_clk_pin rise edge)
                                                      0.000     0.000 r  
    W5                                                0.000     0.000 r  clk (IN)
                         net (fo=0)                   0.000     0.000    clk
    W5                   IBUF (Prop_ibuf_I_O)         1.458     1.458 r  clk_IBUF_inst/O
                         net (fo=1, routed)           1.967     3.425    clk_IBUF
    BUFGCTRL_X0Y0        BUFG (Prop_bufg_I_O)         0.096     3.521 r  clk_IBUF_BUFG_inst/O
                         net (fo=34, routed)          1.627     5.148    clk_IBUF_BUFG
    SLICE_X63Y51         FDCE                                         r  current_lvl_reg/C
  -------------------------------------------------------------------    -------------------
    SLICE_X63Y51         FDCE (Prop_fdce_C_Q)         0.456     5.604 r  current_lvl_reg/Q
                         net (fo=3, routed)           1.167     6.770    nrz_out_OBUF
    SLICE_X45Y49         LUT6 (Prop_lut6_I2_O)        0.124     6.894 r  vgaRed_OBUF[3]_inst_i_1/O
                         net (fo=12, routed)          3.594    10.489    vgaBlue_OBUF[0]
    G17                  OBUF (Prop_obuf_I_O)         3.529    14.018 r  vgaGreen_OBUF[2]_inst/O
                         net (fo=0)                   0.000    14.018    vgaGreen[2]
    G17                                                               r  vgaGreen[2] (OUT)
  -------------------------------------------------------------------    -------------------

Slack:                    inf
  Source:                 current_lvl_reg/C
                            (rising edge-triggered cell FDCE clocked by sys_clk_pin  {rise@0.000ns fall@5.000ns period=10.000ns})
  Destination:            vgaGreen[1]
                            (output port)
  Path Group:             (none)
  Path Type:              Max at Slow Process Corner
  Data Path Delay:        8.696ns  (logic 4.085ns (46.978%)  route 4.611ns (53.022%))
  Logic Levels:           2  (LUT6=1 OBUF=1)
  Clock Uncertainty:      0.025ns  ((TSJ^2 + TIJ^2)^1/2 + DJ) / 2 + PE
    Total System Jitter     (TSJ):    0.050ns
    Total Input Jitter      (TIJ):    0.000ns
    Discrete Jitter          (DJ):    0.000ns
    Phase Error              (PE):    0.000ns

    Location             Delay type                Incr(ns)  Path(ns)    Netlist Resource(s)
  -------------------------------------------------------------------    -------------------
                         (clock sys_clk_pin rise edge)
                                                      0.000     0.000 r  
    W5                                                0.000     0.000 r  clk (IN)
                         net (fo=0)                   0.000     0.000    clk
    W5                   IBUF (Prop_ibuf_I_O)         1.458     1.458 r  clk_IBUF_inst/O
                         net (fo=1, routed)           1.967     3.425    clk_IBUF
    BUFGCTRL_X0Y0        BUFG (Prop_bufg_I_O)         0.096     3.521 r  clk_IBUF_BUFG_inst/O
                         net (fo=34, routed)          1.627     5.148    clk_IBUF_BUFG
    SLICE_X63Y51         FDCE                                         r  current_lvl_reg/C
  -------------------------------------------------------------------    -------------------
    SLICE_X63Y51         FDCE (Prop_fdce_C_Q)         0.456     5.604 r  current_lvl_reg/Q
                         net (fo=3, routed)           1.167     6.770    nrz_out_OBUF
    SLICE_X45Y49         LUT6 (Prop_lut6_I2_O)        0.124     6.894 r  vgaRed_OBUF[3]_inst_i_1/O
                         net (fo=12, routed)          3.444    10.339    vgaBlue_OBUF[0]
    H17                  OBUF (Prop_obuf_I_O)         3.505    13.844 r  vgaGreen_OBUF[1]_inst/O
                         net (fo=0)                   0.000    13.844    vgaGreen[1]
    H17                                                               r  vgaGreen[1] (OUT)
  -------------------------------------------------------------------    -------------------





Min Delay Paths
--------------------------------------------------------------------------------------
Slack:                    inf
  Source:                 bit_ptr_reg[2]/C
                            (rising edge-triggered cell FDPE clocked by sys_clk_pin  {rise@0.000ns fall@5.000ns period=10.000ns})
  Destination:            bit_idx[2]
                            (output port)
  Path Group:             (none)
  Path Type:              Min at Fast Process Corner
  Data Path Delay:        1.722ns  (logic 1.357ns (78.818%)  route 0.365ns (21.181%))
  Logic Levels:           1  (OBUF=1)
  Clock Uncertainty:      0.025ns  ((TSJ^2 + TIJ^2)^1/2 + DJ) / 2 + PE
    Total System Jitter     (TSJ):    0.050ns
    Total Input Jitter      (TIJ):    0.000ns
    Discrete Jitter          (DJ):    0.000ns
    Phase Error              (PE):    0.000ns

    Location             Delay type                Incr(ns)  Path(ns)    Netlist Resource(s)
  -------------------------------------------------------------------    -------------------
                         (clock sys_clk_pin rise edge)
                                                      0.000     0.000 r  
    W5                                                0.000     0.000 r  clk (IN)
                         net (fo=0)                   0.000     0.000    clk
    W5                   IBUF (Prop_ibuf_I_O)         0.226     0.226 r  clk_IBUF_inst/O
                         net (fo=1, routed)           0.631     0.858    clk_IBUF
    BUFGCTRL_X0Y0        BUFG (Prop_bufg_I_O)         0.026     0.884 r  clk_IBUF_BUFG_inst/O
                         net (fo=34, routed)          0.591     1.474    clk_IBUF_BUFG
    SLICE_X63Y61         FDPE                                         r  bit_ptr_reg[2]/C
  -------------------------------------------------------------------    -------------------
    SLICE_X63Y61         FDPE (Prop_fdpe_C_Q)         0.141     1.615 r  bit_ptr_reg[2]/Q
                         net (fo=5, routed)           0.365     1.980    bit_idx_OBUF[2]
    P1                   OBUF (Prop_obuf_I_O)         1.216     3.196 r  bit_idx_OBUF[2]_inst/O
                         net (fo=0)                   0.000     3.196    bit_idx[2]
    P1                                                                r  bit_idx[2] (OUT)
  -------------------------------------------------------------------    -------------------

Slack:                    inf
  Source:                 bit_ptr_reg[0]/C
                            (rising edge-triggered cell FDPE clocked by sys_clk_pin  {rise@0.000ns fall@5.000ns period=10.000ns})
  Destination:            bit_idx[0]
                            (output port)
  Path Group:             (none)
  Path Type:              Min at Fast Process Corner
  Data Path Delay:        1.984ns  (logic 1.360ns (68.570%)  route 0.623ns (31.430%))
  Logic Levels:           1  (OBUF=1)
  Clock Uncertainty:      0.025ns  ((TSJ^2 + TIJ^2)^1/2 + DJ) / 2 + PE
    Total System Jitter     (TSJ):    0.050ns
    Total Input Jitter      (TIJ):    0.000ns
    Discrete Jitter          (DJ):    0.000ns
    Phase Error              (PE):    0.000ns

    Location             Delay type                Incr(ns)  Path(ns)    Netlist Resource(s)
  -------------------------------------------------------------------    -------------------
                         (clock sys_clk_pin rise edge)
                                                      0.000     0.000 r  
    W5                                                0.000     0.000 r  clk (IN)
                         net (fo=0)                   0.000     0.000    clk
    W5                   IBUF (Prop_ibuf_I_O)         0.226     0.226 r  clk_IBUF_inst/O
                         net (fo=1, routed)           0.631     0.858    clk_IBUF
    BUFGCTRL_X0Y0        BUFG (Prop_bufg_I_O)         0.026     0.884 r  clk_IBUF_BUFG_inst/O
                         net (fo=34, routed)          0.591     1.474    clk_IBUF_BUFG
    SLICE_X63Y61         FDPE                                         r  bit_ptr_reg[0]/C
  -------------------------------------------------------------------    -------------------
    SLICE_X63Y61         FDPE (Prop_fdpe_C_Q)         0.141     1.615 r  bit_ptr_reg[0]/Q
                         net (fo=9, routed)           0.623     2.239    bit_idx_OBUF[0]
    P3                   OBUF (Prop_obuf_I_O)         1.219     3.458 r  bit_idx_OBUF[0]_inst/O
                         net (fo=0)                   0.000     3.458    bit_idx[0]
    P3                                                                r  bit_idx[0] (OUT)
  -------------------------------------------------------------------    -------------------

Slack:                    inf
  Source:                 bit_ptr_reg[1]/C
                            (rising edge-triggered cell FDPE clocked by sys_clk_pin  {rise@0.000ns fall@5.000ns period=10.000ns})
  Destination:            bit_idx[1]
                            (output port)
  Path Group:             (none)
  Path Type:              Min at Fast Process Corner
  Data Path Delay:        2.017ns  (logic 1.390ns (68.928%)  route 0.627ns (31.072%))
  Logic Levels:           1  (OBUF=1)
  Clock Uncertainty:      0.025ns  ((TSJ^2 + TIJ^2)^1/2 + DJ) / 2 + PE
    Total System Jitter     (TSJ):    0.050ns
    Total Input Jitter      (TIJ):    0.000ns
    Discrete Jitter          (DJ):    0.000ns
    Phase Error              (PE):    0.000ns

    Location             Delay type                Incr(ns)  Path(ns)    Netlist Resource(s)
  -------------------------------------------------------------------    -------------------
                         (clock sys_clk_pin rise edge)
                                                      0.000     0.000 r  
    W5                                                0.000     0.000 r  clk (IN)
                         net (fo=0)                   0.000     0.000    clk
    W5                   IBUF (Prop_ibuf_I_O)         0.226     0.226 r  clk_IBUF_inst/O
                         net (fo=1, routed)           0.631     0.858    clk_IBUF
    BUFGCTRL_X0Y0        BUFG (Prop_bufg_I_O)         0.026     0.884 r  clk_IBUF_BUFG_inst/O
                         net (fo=34, routed)          0.591     1.474    clk_IBUF_BUFG
    SLICE_X63Y61         FDPE                                         r  bit_ptr_reg[1]/C
  -------------------------------------------------------------------    -------------------
    SLICE_X63Y61         FDPE (Prop_fdpe_C_Q)         0.128     1.602 r  bit_ptr_reg[1]/Q
                         net (fo=8, routed)           0.627     2.229    bit_idx_OBUF[1]
    N3                   OBUF (Prop_obuf_I_O)         1.262     3.492 r  bit_idx_OBUF[1]_inst/O
                         net (fo=0)                   0.000     3.492    bit_idx[1]
    N3                                                                r  bit_idx[1] (OUT)
  -------------------------------------------------------------------    -------------------

Slack:                    inf
  Source:                 bit_ptr_reg[3]/C
                            (rising edge-triggered cell FDPE clocked by sys_clk_pin  {rise@0.000ns fall@5.000ns period=10.000ns})
  Destination:            bit_idx[3]
                            (output port)
  Path Group:             (none)
  Path Type:              Min at Fast Process Corner
  Data Path Delay:        2.207ns  (logic 1.403ns (63.578%)  route 0.804ns (36.422%))
  Logic Levels:           1  (OBUF=1)
  Clock Uncertainty:      0.025ns  ((TSJ^2 + TIJ^2)^1/2 + DJ) / 2 + PE
    Total System Jitter     (TSJ):    0.050ns
    Total Input Jitter      (TIJ):    0.000ns
    Discrete Jitter          (DJ):    0.000ns
    Phase Error              (PE):    0.000ns

    Location             Delay type                Incr(ns)  Path(ns)    Netlist Resource(s)
  -------------------------------------------------------------------    -------------------
                         (clock sys_clk_pin rise edge)
                                                      0.000     0.000 r  
    W5                                                0.000     0.000 r  clk (IN)
                         net (fo=0)                   0.000     0.000    clk
    W5                   IBUF (Prop_ibuf_I_O)         0.226     0.226 r  clk_IBUF_inst/O
                         net (fo=1, routed)           0.631     0.858    clk_IBUF
    BUFGCTRL_X0Y0        BUFG (Prop_bufg_I_O)         0.026     0.884 r  clk_IBUF_BUFG_inst/O
                         net (fo=34, routed)          0.591     1.474    clk_IBUF_BUFG
    SLICE_X63Y61         FDPE                                         r  bit_ptr_reg[3]/C
  -------------------------------------------------------------------    -------------------
    SLICE_X63Y61         FDPE (Prop_fdpe_C_Q)         0.128     1.602 r  bit_ptr_reg[3]/Q
                         net (fo=3, routed)           0.804     2.406    bit_idx_OBUF[3]
    L1                   OBUF (Prop_obuf_I_O)         1.275     3.682 r  bit_idx_OBUF[3]_inst/O
                         net (fo=0)                   0.000     3.682    bit_idx[3]
    L1                                                                r  bit_idx[3] (OUT)
  -------------------------------------------------------------------    -------------------

Slack:                    inf
  Source:                 current_lvl_reg/C
                            (rising edge-triggered cell FDCE clocked by sys_clk_pin  {rise@0.000ns fall@5.000ns period=10.000ns})
  Destination:            vgaGreen[3]
                            (output port)
  Path Group:             (none)
  Path Type:              Min at Fast Process Corner
  Data Path Delay:        2.938ns  (logic 1.417ns (48.243%)  route 1.521ns (51.757%))
  Logic Levels:           2  (LUT6=1 OBUF=1)
  Clock Uncertainty:      0.025ns  ((TSJ^2 + TIJ^2)^1/2 + DJ) / 2 + PE
    Total System Jitter     (TSJ):    0.050ns
    Total Input Jitter      (TIJ):    0.000ns
    Discrete Jitter          (DJ):    0.000ns
    Phase Error              (PE):    0.000ns

    Location             Delay type                Incr(ns)  Path(ns)    Netlist Resource(s)
  -------------------------------------------------------------------    -------------------
                         (clock sys_clk_pin rise edge)
                                                      0.000     0.000 r  
    W5                                                0.000     0.000 r  clk (IN)
                         net (fo=0)                   0.000     0.000    clk
    W5                   IBUF (Prop_ibuf_I_O)         0.226     0.226 r  clk_IBUF_inst/O
                         net (fo=1, routed)           0.631     0.858    clk_IBUF
    BUFGCTRL_X0Y0        BUFG (Prop_bufg_I_O)         0.026     0.884 r  clk_IBUF_BUFG_inst/O
                         net (fo=34, routed)          0.594     1.477    clk_IBUF_BUFG
    SLICE_X63Y51         FDCE                                         r  current_lvl_reg/C
  -------------------------------------------------------------------    -------------------
    SLICE_X63Y51         FDCE (Prop_fdce_C_Q)         0.141     1.618 r  current_lvl_reg/Q
                         net (fo=3, routed)           0.564     2.182    nrz_out_OBUF
    SLICE_X45Y49         LUT6 (Prop_lut6_I2_O)        0.045     2.227 r  vgaRed_OBUF[3]_inst_i_1/O
                         net (fo=12, routed)          0.957     3.184    vgaBlue_OBUF[0]
    D17                  OBUF (Prop_obuf_I_O)         1.231     4.415 r  vgaGreen_OBUF[3]_inst/O
                         net (fo=0)                   0.000     4.415    vgaGreen[3]
    D17                                                               r  vgaGreen[3] (OUT)
  -------------------------------------------------------------------    -------------------

Slack:                    inf
  Source:                 current_lvl_reg/C
                            (rising edge-triggered cell FDCE clocked by sys_clk_pin  {rise@0.000ns fall@5.000ns period=10.000ns})
  Destination:            vgaRed[1]
                            (output port)
  Path Group:             (none)
  Path Type:              Min at Fast Process Corner
  Data Path Delay:        3.036ns  (logic 1.406ns (46.328%)  route 1.629ns (53.672%))
  Logic Levels:           2  (LUT6=1 OBUF=1)
  Clock Uncertainty:      0.025ns  ((TSJ^2 + TIJ^2)^1/2 + DJ) / 2 + PE
    Total System Jitter     (TSJ):    0.050ns
    Total Input Jitter      (TIJ):    0.000ns
    Discrete Jitter          (DJ):    0.000ns
    Phase Error              (PE):    0.000ns

    Location             Delay type                Incr(ns)  Path(ns)    Netlist Resource(s)
  -------------------------------------------------------------------    -------------------
                         (clock sys_clk_pin rise edge)
                                                      0.000     0.000 r  
    W5                                                0.000     0.000 r  clk (IN)
                         net (fo=0)                   0.000     0.000    clk
    W5                   IBUF (Prop_ibuf_I_O)         0.226     0.226 r  clk_IBUF_inst/O
                         net (fo=1, routed)           0.631     0.858    clk_IBUF
    BUFGCTRL_X0Y0        BUFG (Prop_bufg_I_O)         0.026     0.884 r  clk_IBUF_BUFG_inst/O
                         net (fo=34, routed)          0.594     1.477    clk_IBUF_BUFG
    SLICE_X63Y51         FDCE                                         r  current_lvl_reg/C
  -------------------------------------------------------------------    -------------------
    SLICE_X63Y51         FDCE (Prop_fdce_C_Q)         0.141     1.618 r  current_lvl_reg/Q
                         net (fo=3, routed)           0.564     2.182    nrz_out_OBUF
    SLICE_X45Y49         LUT6 (Prop_lut6_I2_O)        0.045     2.227 r  vgaRed_OBUF[3]_inst_i_1/O
                         net (fo=12, routed)          1.066     3.292    vgaBlue_OBUF[0]
    H19                  OBUF (Prop_obuf_I_O)         1.220     4.513 r  vgaRed_OBUF[1]_inst/O
                         net (fo=0)                   0.000     4.513    vgaRed[1]
    H19                                                               r  vgaRed[1] (OUT)
  -------------------------------------------------------------------    -------------------

Slack:                    inf
  Source:                 current_lvl_reg/C
                            (rising edge-triggered cell FDCE clocked by sys_clk_pin  {rise@0.000ns fall@5.000ns period=10.000ns})
  Destination:            vgaRed[0]
                            (output port)
  Path Group:             (none)
  Path Type:              Min at Fast Process Corner
  Data Path Delay:        3.103ns  (logic 1.411ns (45.465%)  route 1.692ns (54.535%))
  Logic Levels:           2  (LUT6=1 OBUF=1)
  Clock Uncertainty:      0.025ns  ((TSJ^2 + TIJ^2)^1/2 + DJ) / 2 + PE
    Total System Jitter     (TSJ):    0.050ns
    Total Input Jitter      (TIJ):    0.000ns
    Discrete Jitter          (DJ):    0.000ns
    Phase Error              (PE):    0.000ns

    Location             Delay type                Incr(ns)  Path(ns)    Netlist Resource(s)
  -------------------------------------------------------------------    -------------------
                         (clock sys_clk_pin rise edge)
                                                      0.000     0.000 r  
    W5                                                0.000     0.000 r  clk (IN)
                         net (fo=0)                   0.000     0.000    clk
    W5                   IBUF (Prop_ibuf_I_O)         0.226     0.226 r  clk_IBUF_inst/O
                         net (fo=1, routed)           0.631     0.858    clk_IBUF
    BUFGCTRL_X0Y0        BUFG (Prop_bufg_I_O)         0.026     0.884 r  clk_IBUF_BUFG_inst/O
                         net (fo=34, routed)          0.594     1.477    clk_IBUF_BUFG
    SLICE_X63Y51         FDCE                                         r  current_lvl_reg/C
  -------------------------------------------------------------------    -------------------
    SLICE_X63Y51         FDCE (Prop_fdce_C_Q)         0.141     1.618 r  current_lvl_reg/Q
                         net (fo=3, routed)           0.564     2.182    nrz_out_OBUF
    SLICE_X45Y49         LUT6 (Prop_lut6_I2_O)        0.045     2.227 r  vgaRed_OBUF[3]_inst_i_1/O
                         net (fo=12, routed)          1.129     3.355    vgaBlue_OBUF[0]
    G19                  OBUF (Prop_obuf_I_O)         1.225     4.580 r  vgaRed_OBUF[0]_inst/O
                         net (fo=0)                   0.000     4.580    vgaRed[0]
    G19                                                               r  vgaRed[0] (OUT)
  -------------------------------------------------------------------    -------------------

Slack:                    inf
  Source:                 current_lvl_reg/C
                            (rising edge-triggered cell FDCE clocked by sys_clk_pin  {rise@0.000ns fall@5.000ns period=10.000ns})
  Destination:            vgaGreen[1]
                            (output port)
  Path Group:             (none)
  Path Type:              Min at Fast Process Corner
  Data Path Delay:        3.148ns  (logic 1.393ns (44.243%)  route 1.755ns (55.757%))
  Logic Levels:           2  (LUT6=1 OBUF=1)
  Clock Uncertainty:      0.025ns  ((TSJ^2 + TIJ^2)^1/2 + DJ) / 2 + PE
    Total System Jitter     (TSJ):    0.050ns
    Total Input Jitter      (TIJ):    0.000ns
    Discrete Jitter          (DJ):    0.000ns
    Phase Error              (PE):    0.000ns

    Location             Delay type                Incr(ns)  Path(ns)    Netlist Resource(s)
  -------------------------------------------------------------------    -------------------
                         (clock sys_clk_pin rise edge)
                                                      0.000     0.000 r  
    W5                                                0.000     0.000 r  clk (IN)
                         net (fo=0)                   0.000     0.000    clk
    W5                   IBUF (Prop_ibuf_I_O)         0.226     0.226 r  clk_IBUF_inst/O
                         net (fo=1, routed)           0.631     0.858    clk_IBUF
    BUFGCTRL_X0Y0        BUFG (Prop_bufg_I_O)         0.026     0.884 r  clk_IBUF_BUFG_inst/O
                         net (fo=34, routed)          0.594     1.477    clk_IBUF_BUFG
    SLICE_X63Y51         FDCE                                         r  current_lvl_reg/C
  -------------------------------------------------------------------    -------------------
    SLICE_X63Y51         FDCE (Prop_fdce_C_Q)         0.141     1.618 r  current_lvl_reg/Q
                         net (fo=3, routed)           0.564     2.182    nrz_out_OBUF
    SLICE_X45Y49         LUT6 (Prop_lut6_I2_O)        0.045     2.227 r  vgaRed_OBUF[3]_inst_i_1/O
                         net (fo=12, routed)          1.191     3.418    vgaBlue_OBUF[0]
    H17                  OBUF (Prop_obuf_I_O)         1.207     4.625 r  vgaGreen_OBUF[1]_inst/O
                         net (fo=0)                   0.000     4.625    vgaGreen[1]
    H17                                                               r  vgaGreen[1] (OUT)
  -------------------------------------------------------------------    -------------------

Slack:                    inf
  Source:                 current_lvl_reg/C
                            (rising edge-triggered cell FDCE clocked by sys_clk_pin  {rise@0.000ns fall@5.000ns period=10.000ns})
  Destination:            vgaGreen[2]
                            (output port)
  Path Group:             (none)
  Path Type:              Min at Fast Process Corner
  Data Path Delay:        3.234ns  (logic 1.416ns (43.785%)  route 1.818ns (56.215%))
  Logic Levels:           2  (LUT6=1 OBUF=1)
  Clock Uncertainty:      0.025ns  ((TSJ^2 + TIJ^2)^1/2 + DJ) / 2 + PE
    Total System Jitter     (TSJ):    0.050ns
    Total Input Jitter      (TIJ):    0.000ns
    Discrete Jitter          (DJ):    0.000ns
    Phase Error              (PE):    0.000ns

    Location             Delay type                Incr(ns)  Path(ns)    Netlist Resource(s)
  -------------------------------------------------------------------    -------------------
                         (clock sys_clk_pin rise edge)
                                                      0.000     0.000 r  
    W5                                                0.000     0.000 r  clk (IN)
                         net (fo=0)                   0.000     0.000    clk
    W5                   IBUF (Prop_ibuf_I_O)         0.226     0.226 r  clk_IBUF_inst/O
                         net (fo=1, routed)           0.631     0.858    clk_IBUF
    BUFGCTRL_X0Y0        BUFG (Prop_bufg_I_O)         0.026     0.884 r  clk_IBUF_BUFG_inst/O
                         net (fo=34, routed)          0.594     1.477    clk_IBUF_BUFG
    SLICE_X63Y51         FDCE                                         r  current_lvl_reg/C
  -------------------------------------------------------------------    -------------------
    SLICE_X63Y51         FDCE (Prop_fdce_C_Q)         0.141     1.618 r  current_lvl_reg/Q
                         net (fo=3, routed)           0.564     2.182    nrz_out_OBUF
    SLICE_X45Y49         LUT6 (Prop_lut6_I2_O)        0.045     2.227 r  vgaRed_OBUF[3]_inst_i_1/O
                         net (fo=12, routed)          1.254     3.481    vgaBlue_OBUF[0]
    G17                  OBUF (Prop_obuf_I_O)         1.230     4.711 r  vgaGreen_OBUF[2]_inst/O
                         net (fo=0)                   0.000     4.711    vgaGreen[2]
    G17                                                               r  vgaGreen[2] (OUT)
  -------------------------------------------------------------------    -------------------

Slack:                    inf
  Source:                 current_lvl_reg/C
                            (rising edge-triggered cell FDCE clocked by sys_clk_pin  {rise@0.000ns fall@5.000ns period=10.000ns})
  Destination:            vgaRed[2]
                            (output port)
  Path Group:             (none)
  Path Type:              Min at Fast Process Corner
  Data Path Delay:        3.298ns  (logic 1.411ns (42.777%)  route 1.887ns (57.223%))
  Logic Levels:           2  (LUT6=1 OBUF=1)
  Clock Uncertainty:      0.025ns  ((TSJ^2 + TIJ^2)^1/2 + DJ) / 2 + PE
    Total System Jitter     (TSJ):    0.050ns
    Total Input Jitter      (TIJ):    0.000ns
    Discrete Jitter          (DJ):    0.000ns
    Phase Error              (PE):    0.000ns

    Location             Delay type                Incr(ns)  Path(ns)    Netlist Resource(s)
  -------------------------------------------------------------------    -------------------
                         (clock sys_clk_pin rise edge)
                                                      0.000     0.000 r  
    W5                                                0.000     0.000 r  clk (IN)
                         net (fo=0)                   0.000     0.000    clk
    W5                   IBUF (Prop_ibuf_I_O)         0.226     0.226 r  clk_IBUF_inst/O
                         net (fo=1, routed)           0.631     0.858    clk_IBUF
    BUFGCTRL_X0Y0        BUFG (Prop_bufg_I_O)         0.026     0.884 r  clk_IBUF_BUFG_inst/O
                         net (fo=34, routed)          0.594     1.477    clk_IBUF_BUFG
    SLICE_X63Y51         FDCE                                         r  current_lvl_reg/C
  -------------------------------------------------------------------    -------------------
    SLICE_X63Y51         FDCE (Prop_fdce_C_Q)         0.141     1.618 r  current_lvl_reg/Q
                         net (fo=3, routed)           0.564     2.182    nrz_out_OBUF
    SLICE_X45Y49         LUT6 (Prop_lut6_I2_O)        0.045     2.227 r  vgaRed_OBUF[3]_inst_i_1/O
                         net (fo=12, routed)          1.324     3.551    vgaBlue_OBUF[0]
    J19                  OBUF (Prop_obuf_I_O)         1.225     4.775 r  vgaRed_OBUF[2]_inst/O
                         net (fo=0)                   0.000     4.775    vgaRed[2]
    J19                                                               r  vgaRed[2] (OUT)
  -------------------------------------------------------------------    -------------------





--------------------------------------------------------------------------------------
Path Group:  (none)
From Clock:  
  To Clock:  sys_clk_pin

Max Delay            35 Endpoints
Min Delay            35 Endpoints
--------------------------------------------------------------------------------------


Max Delay Paths
--------------------------------------------------------------------------------------
Slack:                    inf
  Source:                 reset
                            (input port)
  Destination:            tick_counter_reg[24]/CLR
                            (recovery check against rising-edge clock sys_clk_pin  {rise@0.000ns fall@5.000ns period=10.000ns})
  Path Group:             (none)
  Path Type:              Recovery (Max at Slow Process Corner)
  Data Path Delay:        7.626ns  (logic 1.441ns (18.900%)  route 6.185ns (81.100%))
  Logic Levels:           1  (IBUF=1)
  Clock Path Skew:        4.836ns (DCD - SCD + CPR)
    Destination Clock Delay (DCD):    4.836ns
    Source Clock Delay      (SCD):    0.000ns
    Clock Pessimism Removal (CPR):    0.000ns
  Clock Uncertainty:      0.025ns  ((TSJ^2 + TIJ^2)^1/2 + DJ) / 2 + PE
    Total System Jitter     (TSJ):    0.050ns
    Total Input Jitter      (TIJ):    0.000ns
    Discrete Jitter          (DJ):    0.000ns
    Phase Error              (PE):    0.000ns

    Location             Delay type                Incr(ns)  Path(ns)    Netlist Resource(s)
  -------------------------------------------------------------------    -------------------
    U18                                               0.000     0.000 f  reset (IN)
                         net (fo=0)                   0.000     0.000    reset
    U18                  IBUF (Prop_ibuf_I_O)         1.441     1.441 f  reset_IBUF_inst/O
                         net (fo=54, routed)          6.185     7.626    reset_IBUF
    SLICE_X62Y77         FDCE                                         f  tick_counter_reg[24]/CLR
  -------------------------------------------------------------------    -------------------

                         (clock sys_clk_pin rise edge)
                                                      0.000     0.000 r  
    W5                                                0.000     0.000 r  clk (IN)
                         net (fo=0)                   0.000     0.000    clk
    W5                   IBUF (Prop_ibuf_I_O)         1.388     1.388 r  clk_IBUF_inst/O
                         net (fo=1, routed)           1.862     3.250    clk_IBUF
    BUFGCTRL_X0Y0        BUFG (Prop_bufg_I_O)         0.091     3.341 r  clk_IBUF_BUFG_inst/O
                         net (fo=34, routed)          1.495     4.836    clk_IBUF_BUFG
    SLICE_X62Y77         FDCE                                         r  tick_counter_reg[24]/C

Slack:                    inf
  Source:                 reset
                            (input port)
  Destination:            tick_counter_reg[25]/CLR
                            (recovery check against rising-edge clock sys_clk_pin  {rise@0.000ns fall@5.000ns period=10.000ns})
  Path Group:             (none)
  Path Type:              Recovery (Max at Slow Process Corner)
  Data Path Delay:        7.626ns  (logic 1.441ns (18.900%)  route 6.185ns (81.100%))
  Logic Levels:           1  (IBUF=1)
  Clock Path Skew:        4.836ns (DCD - SCD + CPR)
    Destination Clock Delay (DCD):    4.836ns
    Source Clock Delay      (SCD):    0.000ns
    Clock Pessimism Removal (CPR):    0.000ns
  Clock Uncertainty:      0.025ns  ((TSJ^2 + TIJ^2)^1/2 + DJ) / 2 + PE
    Total System Jitter     (TSJ):    0.050ns
    Total Input Jitter      (TIJ):    0.000ns
    Discrete Jitter          (DJ):    0.000ns
    Phase Error              (PE):    0.000ns

    Location             Delay type                Incr(ns)  Path(ns)    Netlist Resource(s)
  -------------------------------------------------------------------    -------------------
    U18                                               0.000     0.000 f  reset (IN)
                         net (fo=0)                   0.000     0.000    reset
    U18                  IBUF (Prop_ibuf_I_O)         1.441     1.441 f  reset_IBUF_inst/O
                         net (fo=54, routed)          6.185     7.626    reset_IBUF
    SLICE_X62Y77         FDCE                                         f  tick_counter_reg[25]/CLR
  -------------------------------------------------------------------    -------------------

                         (clock sys_clk_pin rise edge)
                                                      0.000     0.000 r  
    W5                                                0.000     0.000 r  clk (IN)
                         net (fo=0)                   0.000     0.000    clk
    W5                   IBUF (Prop_ibuf_I_O)         1.388     1.388 r  clk_IBUF_inst/O
                         net (fo=1, routed)           1.862     3.250    clk_IBUF
    BUFGCTRL_X0Y0        BUFG (Prop_bufg_I_O)         0.091     3.341 r  clk_IBUF_BUFG_inst/O
                         net (fo=34, routed)          1.495     4.836    clk_IBUF_BUFG
    SLICE_X62Y77         FDCE                                         r  tick_counter_reg[25]/C

Slack:                    inf
  Source:                 reset
                            (input port)
  Destination:            tick_counter_reg[26]/CLR
                            (recovery check against rising-edge clock sys_clk_pin  {rise@0.000ns fall@5.000ns period=10.000ns})
  Path Group:             (none)
  Path Type:              Recovery (Max at Slow Process Corner)
  Data Path Delay:        7.626ns  (logic 1.441ns (18.900%)  route 6.185ns (81.100%))
  Logic Levels:           1  (IBUF=1)
  Clock Path Skew:        4.836ns (DCD - SCD + CPR)
    Destination Clock Delay (DCD):    4.836ns
    Source Clock Delay      (SCD):    0.000ns
    Clock Pessimism Removal (CPR):    0.000ns
  Clock Uncertainty:      0.025ns  ((TSJ^2 + TIJ^2)^1/2 + DJ) / 2 + PE
    Total System Jitter     (TSJ):    0.050ns
    Total Input Jitter      (TIJ):    0.000ns
    Discrete Jitter          (DJ):    0.000ns
    Phase Error              (PE):    0.000ns

    Location             Delay type                Incr(ns)  Path(ns)    Netlist Resource(s)
  -------------------------------------------------------------------    -------------------
    U18                                               0.000     0.000 f  reset (IN)
                         net (fo=0)                   0.000     0.000    reset
    U18                  IBUF (Prop_ibuf_I_O)         1.441     1.441 f  reset_IBUF_inst/O
                         net (fo=54, routed)          6.185     7.626    reset_IBUF
    SLICE_X62Y77         FDCE                                         f  tick_counter_reg[26]/CLR
  -------------------------------------------------------------------    -------------------

                         (clock sys_clk_pin rise edge)
                                                      0.000     0.000 r  
    W5                                                0.000     0.000 r  clk (IN)
                         net (fo=0)                   0.000     0.000    clk
    W5                   IBUF (Prop_ibuf_I_O)         1.388     1.388 r  clk_IBUF_inst/O
                         net (fo=1, routed)           1.862     3.250    clk_IBUF
    BUFGCTRL_X0Y0        BUFG (Prop_bufg_I_O)         0.091     3.341 r  clk_IBUF_BUFG_inst/O
                         net (fo=34, routed)          1.495     4.836    clk_IBUF_BUFG
    SLICE_X62Y77         FDCE                                         r  tick_counter_reg[26]/C

Slack:                    inf
  Source:                 reset
                            (input port)
  Destination:            tick_counter_reg[20]/CLR
                            (recovery check against rising-edge clock sys_clk_pin  {rise@0.000ns fall@5.000ns period=10.000ns})
  Path Group:             (none)
  Path Type:              Recovery (Max at Slow Process Corner)
  Data Path Delay:        7.484ns  (logic 1.441ns (19.258%)  route 6.043ns (80.742%))
  Logic Levels:           1  (IBUF=1)
  Clock Path Skew:        4.835ns (DCD - SCD + CPR)
    Destination Clock Delay (DCD):    4.835ns
    Source Clock Delay      (SCD):    0.000ns
    Clock Pessimism Removal (CPR):    0.000ns
  Clock Uncertainty:      0.025ns  ((TSJ^2 + TIJ^2)^1/2 + DJ) / 2 + PE
    Total System Jitter     (TSJ):    0.050ns
    Total Input Jitter      (TIJ):    0.000ns
    Discrete Jitter          (DJ):    0.000ns
    Phase Error              (PE):    0.000ns

    Location             Delay type                Incr(ns)  Path(ns)    Netlist Resource(s)
  -------------------------------------------------------------------    -------------------
    U18                                               0.000     0.000 f  reset (IN)
                         net (fo=0)                   0.000     0.000    reset
    U18                  IBUF (Prop_ibuf_I_O)         1.441     1.441 f  reset_IBUF_inst/O
                         net (fo=54, routed)          6.043     7.484    reset_IBUF
    SLICE_X62Y76         FDCE                                         f  tick_counter_reg[20]/CLR
  -------------------------------------------------------------------    -------------------

                         (clock sys_clk_pin rise edge)
                                                      0.000     0.000 r  
    W5                                                0.000     0.000 r  clk (IN)
                         net (fo=0)                   0.000     0.000    clk
    W5                   IBUF (Prop_ibuf_I_O)         1.388     1.388 r  clk_IBUF_inst/O
                         net (fo=1, routed)           1.862     3.250    clk_IBUF
    BUFGCTRL_X0Y0        BUFG (Prop_bufg_I_O)         0.091     3.341 r  clk_IBUF_BUFG_inst/O
                         net (fo=34, routed)          1.494     4.835    clk_IBUF_BUFG
    SLICE_X62Y76         FDCE                                         r  tick_counter_reg[20]/C

Slack:                    inf
  Source:                 reset
                            (input port)
  Destination:            tick_counter_reg[21]/CLR
                            (recovery check against rising-edge clock sys_clk_pin  {rise@0.000ns fall@5.000ns period=10.000ns})
  Path Group:             (none)
  Path Type:              Recovery (Max at Slow Process Corner)
  Data Path Delay:        7.484ns  (logic 1.441ns (19.258%)  route 6.043ns (80.742%))
  Logic Levels:           1  (IBUF=1)
  Clock Path Skew:        4.835ns (DCD - SCD + CPR)
    Destination Clock Delay (DCD):    4.835ns
    Source Clock Delay      (SCD):    0.000ns
    Clock Pessimism Removal (CPR):    0.000ns
  Clock Uncertainty:      0.025ns  ((TSJ^2 + TIJ^2)^1/2 + DJ) / 2 + PE
    Total System Jitter     (TSJ):    0.050ns
    Total Input Jitter      (TIJ):    0.000ns
    Discrete Jitter          (DJ):    0.000ns
    Phase Error              (PE):    0.000ns

    Location             Delay type                Incr(ns)  Path(ns)    Netlist Resource(s)
  -------------------------------------------------------------------    -------------------
    U18                                               0.000     0.000 f  reset (IN)
                         net (fo=0)                   0.000     0.000    reset
    U18                  IBUF (Prop_ibuf_I_O)         1.441     1.441 f  reset_IBUF_inst/O
                         net (fo=54, routed)          6.043     7.484    reset_IBUF
    SLICE_X62Y76         FDCE                                         f  tick_counter_reg[21]/CLR
  -------------------------------------------------------------------    -------------------

                         (clock sys_clk_pin rise edge)
                                                      0.000     0.000 r  
    W5                                                0.000     0.000 r  clk (IN)
                         net (fo=0)                   0.000     0.000    clk
    W5                   IBUF (Prop_ibuf_I_O)         1.388     1.388 r  clk_IBUF_inst/O
                         net (fo=1, routed)           1.862     3.250    clk_IBUF
    BUFGCTRL_X0Y0        BUFG (Prop_bufg_I_O)         0.091     3.341 r  clk_IBUF_BUFG_inst/O
                         net (fo=34, routed)          1.494     4.835    clk_IBUF_BUFG
    SLICE_X62Y76         FDCE                                         r  tick_counter_reg[21]/C

Slack:                    inf
  Source:                 reset
                            (input port)
  Destination:            tick_counter_reg[22]/CLR
                            (recovery check against rising-edge clock sys_clk_pin  {rise@0.000ns fall@5.000ns period=10.000ns})
  Path Group:             (none)
  Path Type:              Recovery (Max at Slow Process Corner)
  Data Path Delay:        7.484ns  (logic 1.441ns (19.258%)  route 6.043ns (80.742%))
  Logic Levels:           1  (IBUF=1)
  Clock Path Skew:        4.835ns (DCD - SCD + CPR)
    Destination Clock Delay (DCD):    4.835ns
    Source Clock Delay      (SCD):    0.000ns
    Clock Pessimism Removal (CPR):    0.000ns
  Clock Uncertainty:      0.025ns  ((TSJ^2 + TIJ^2)^1/2 + DJ) / 2 + PE
    Total System Jitter     (TSJ):    0.050ns
    Total Input Jitter      (TIJ):    0.000ns
    Discrete Jitter          (DJ):    0.000ns
    Phase Error              (PE):    0.000ns

    Location             Delay type                Incr(ns)  Path(ns)    Netlist Resource(s)
  -------------------------------------------------------------------    -------------------
    U18                                               0.000     0.000 f  reset (IN)
                         net (fo=0)                   0.000     0.000    reset
    U18                  IBUF (Prop_ibuf_I_O)         1.441     1.441 f  reset_IBUF_inst/O
                         net (fo=54, routed)          6.043     7.484    reset_IBUF
    SLICE_X62Y76         FDCE                                         f  tick_counter_reg[22]/CLR
  -------------------------------------------------------------------    -------------------

                         (clock sys_clk_pin rise edge)
                                                      0.000     0.000 r  
    W5                                                0.000     0.000 r  clk (IN)
                         net (fo=0)                   0.000     0.000    clk
    W5                   IBUF (Prop_ibuf_I_O)         1.388     1.388 r  clk_IBUF_inst/O
                         net (fo=1, routed)           1.862     3.250    clk_IBUF
    BUFGCTRL_X0Y0        BUFG (Prop_bufg_I_O)         0.091     3.341 r  clk_IBUF_BUFG_inst/O
                         net (fo=34, routed)          1.494     4.835    clk_IBUF_BUFG
    SLICE_X62Y76         FDCE                                         r  tick_counter_reg[22]/C

Slack:                    inf
  Source:                 reset
                            (input port)
  Destination:            tick_counter_reg[23]/CLR
                            (recovery check against rising-edge clock sys_clk_pin  {rise@0.000ns fall@5.000ns period=10.000ns})
  Path Group:             (none)
  Path Type:              Recovery (Max at Slow Process Corner)
  Data Path Delay:        7.484ns  (logic 1.441ns (19.258%)  route 6.043ns (80.742%))
  Logic Levels:           1  (IBUF=1)
  Clock Path Skew:        4.835ns (DCD - SCD + CPR)
    Destination Clock Delay (DCD):    4.835ns
    Source Clock Delay      (SCD):    0.000ns
    Clock Pessimism Removal (CPR):    0.000ns
  Clock Uncertainty:      0.025ns  ((TSJ^2 + TIJ^2)^1/2 + DJ) / 2 + PE
    Total System Jitter     (TSJ):    0.050ns
    Total Input Jitter      (TIJ):    0.000ns
    Discrete Jitter          (DJ):    0.000ns
    Phase Error              (PE):    0.000ns

    Location             Delay type                Incr(ns)  Path(ns)    Netlist Resource(s)
  -------------------------------------------------------------------    -------------------
    U18                                               0.000     0.000 f  reset (IN)
                         net (fo=0)                   0.000     0.000    reset
    U18                  IBUF (Prop_ibuf_I_O)         1.441     1.441 f  reset_IBUF_inst/O
                         net (fo=54, routed)          6.043     7.484    reset_IBUF
    SLICE_X62Y76         FDCE                                         f  tick_counter_reg[23]/CLR
  -------------------------------------------------------------------    -------------------

                         (clock sys_clk_pin rise edge)
                                                      0.000     0.000 r  
    W5                                                0.000     0.000 r  clk (IN)
                         net (fo=0)                   0.000     0.000    clk
    W5                   IBUF (Prop_ibuf_I_O)         1.388     1.388 r  clk_IBUF_inst/O
                         net (fo=1, routed)           1.862     3.250    clk_IBUF
    BUFGCTRL_X0Y0        BUFG (Prop_bufg_I_O)         0.091     3.341 r  clk_IBUF_BUFG_inst/O
                         net (fo=34, routed)          1.494     4.835    clk_IBUF_BUFG
    SLICE_X62Y76         FDCE                                         r  tick_counter_reg[23]/C

Slack:                    inf
  Source:                 reset
                            (input port)
  Destination:            tick_counter_reg[16]/CLR
                            (recovery check against rising-edge clock sys_clk_pin  {rise@0.000ns fall@5.000ns period=10.000ns})
  Path Group:             (none)
  Path Type:              Recovery (Max at Slow Process Corner)
  Data Path Delay:        7.332ns  (logic 1.441ns (19.657%)  route 5.891ns (80.343%))
  Logic Levels:           1  (IBUF=1)
  Clock Path Skew:        4.833ns (DCD - SCD + CPR)
    Destination Clock Delay (DCD):    4.833ns
    Source Clock Delay      (SCD):    0.000ns
    Clock Pessimism Removal (CPR):    0.000ns
  Clock Uncertainty:      0.025ns  ((TSJ^2 + TIJ^2)^1/2 + DJ) / 2 + PE
    Total System Jitter     (TSJ):    0.050ns
    Total Input Jitter      (TIJ):    0.000ns
    Discrete Jitter          (DJ):    0.000ns
    Phase Error              (PE):    0.000ns

    Location             Delay type                Incr(ns)  Path(ns)    Netlist Resource(s)
  -------------------------------------------------------------------    -------------------
    U18                                               0.000     0.000 f  reset (IN)
                         net (fo=0)                   0.000     0.000    reset
    U18                  IBUF (Prop_ibuf_I_O)         1.441     1.441 f  reset_IBUF_inst/O
                         net (fo=54, routed)          5.891     7.332    reset_IBUF
    SLICE_X62Y75         FDCE                                         f  tick_counter_reg[16]/CLR
  -------------------------------------------------------------------    -------------------

                         (clock sys_clk_pin rise edge)
                                                      0.000     0.000 r  
    W5                                                0.000     0.000 r  clk (IN)
                         net (fo=0)                   0.000     0.000    clk
    W5                   IBUF (Prop_ibuf_I_O)         1.388     1.388 r  clk_IBUF_inst/O
                         net (fo=1, routed)           1.862     3.250    clk_IBUF
    BUFGCTRL_X0Y0        BUFG (Prop_bufg_I_O)         0.091     3.341 r  clk_IBUF_BUFG_inst/O
                         net (fo=34, routed)          1.492     4.833    clk_IBUF_BUFG
    SLICE_X62Y75         FDCE                                         r  tick_counter_reg[16]/C

Slack:                    inf
  Source:                 reset
                            (input port)
  Destination:            tick_counter_reg[17]/CLR
                            (recovery check against rising-edge clock sys_clk_pin  {rise@0.000ns fall@5.000ns period=10.000ns})
  Path Group:             (none)
  Path Type:              Recovery (Max at Slow Process Corner)
  Data Path Delay:        7.332ns  (logic 1.441ns (19.657%)  route 5.891ns (80.343%))
  Logic Levels:           1  (IBUF=1)
  Clock Path Skew:        4.833ns (DCD - SCD + CPR)
    Destination Clock Delay (DCD):    4.833ns
    Source Clock Delay      (SCD):    0.000ns
    Clock Pessimism Removal (CPR):    0.000ns
  Clock Uncertainty:      0.025ns  ((TSJ^2 + TIJ^2)^1/2 + DJ) / 2 + PE
    Total System Jitter     (TSJ):    0.050ns
    Total Input Jitter      (TIJ):    0.000ns
    Discrete Jitter          (DJ):    0.000ns
    Phase Error              (PE):    0.000ns

    Location             Delay type                Incr(ns)  Path(ns)    Netlist Resource(s)
  -------------------------------------------------------------------    -------------------
    U18                                               0.000     0.000 f  reset (IN)
                         net (fo=0)                   0.000     0.000    reset
    U18                  IBUF (Prop_ibuf_I_O)         1.441     1.441 f  reset_IBUF_inst/O
                         net (fo=54, routed)          5.891     7.332    reset_IBUF
    SLICE_X62Y75         FDCE                                         f  tick_counter_reg[17]/CLR
  -------------------------------------------------------------------    -------------------

                         (clock sys_clk_pin rise edge)
                                                      0.000     0.000 r  
    W5                                                0.000     0.000 r  clk (IN)
                         net (fo=0)                   0.000     0.000    clk
    W5                   IBUF (Prop_ibuf_I_O)         1.388     1.388 r  clk_IBUF_inst/O
                         net (fo=1, routed)           1.862     3.250    clk_IBUF
    BUFGCTRL_X0Y0        BUFG (Prop_bufg_I_O)         0.091     3.341 r  clk_IBUF_BUFG_inst/O
                         net (fo=34, routed)          1.492     4.833    clk_IBUF_BUFG
    SLICE_X62Y75         FDCE                                         r  tick_counter_reg[17]/C

Slack:                    inf
  Source:                 reset
                            (input port)
  Destination:            tick_counter_reg[18]/CLR
                            (recovery check against rising-edge clock sys_clk_pin  {rise@0.000ns fall@5.000ns period=10.000ns})
  Path Group:             (none)
  Path Type:              Recovery (Max at Slow Process Corner)
  Data Path Delay:        7.332ns  (logic 1.441ns (19.657%)  route 5.891ns (80.343%))
  Logic Levels:           1  (IBUF=1)
  Clock Path Skew:        4.833ns (DCD - SCD + CPR)
    Destination Clock Delay (DCD):    4.833ns
    Source Clock Delay      (SCD):    0.000ns
    Clock Pessimism Removal (CPR):    0.000ns
  Clock Uncertainty:      0.025ns  ((TSJ^2 + TIJ^2)^1/2 + DJ) / 2 + PE
    Total System Jitter     (TSJ):    0.050ns
    Total Input Jitter      (TIJ):    0.000ns
    Discrete Jitter          (DJ):    0.000ns
    Phase Error              (PE):    0.000ns

    Location             Delay type                Incr(ns)  Path(ns)    Netlist Resource(s)
  -------------------------------------------------------------------    -------------------
    U18                                               0.000     0.000 f  reset (IN)
                         net (fo=0)                   0.000     0.000    reset
    U18                  IBUF (Prop_ibuf_I_O)         1.441     1.441 f  reset_IBUF_inst/O
                         net (fo=54, routed)          5.891     7.332    reset_IBUF
    SLICE_X62Y75         FDCE                                         f  tick_counter_reg[18]/CLR
  -------------------------------------------------------------------    -------------------

                         (clock sys_clk_pin rise edge)
                                                      0.000     0.000 r  
    W5                                                0.000     0.000 r  clk (IN)
                         net (fo=0)                   0.000     0.000    clk
    W5                   IBUF (Prop_ibuf_I_O)         1.388     1.388 r  clk_IBUF_inst/O
                         net (fo=1, routed)           1.862     3.250    clk_IBUF
    BUFGCTRL_X0Y0        BUFG (Prop_bufg_I_O)         0.091     3.341 r  clk_IBUF_BUFG_inst/O
                         net (fo=34, routed)          1.492     4.833    clk_IBUF_BUFG
    SLICE_X62Y75         FDCE                                         r  tick_counter_reg[18]/C





Min Delay Paths
--------------------------------------------------------------------------------------
Slack:                    inf
  Source:                 data_in[10]
                            (input port)
  Destination:            current_lvl_reg/D
                            (rising edge-triggered cell FDCE clocked by sys_clk_pin  {rise@0.000ns fall@5.000ns period=10.000ns})
  Path Group:             (none)
  Path Type:              Hold (Min at Fast Process Corner)
  Data Path Delay:        1.042ns  (logic 0.441ns (42.335%)  route 0.601ns (57.665%))
  Logic Levels:           4  (IBUF=1 LUT6=2 MUXF7=1)
  Clock Path Skew:        1.992ns (DCD - SCD - CPR)
    Destination Clock Delay (DCD):    1.992ns
    Source Clock Delay      (SCD):    0.000ns
    Clock Pessimism Removal (CPR):    -0.000ns

    Location             Delay type                Incr(ns)  Path(ns)    Netlist Resource(s)
  -------------------------------------------------------------------    -------------------
    T2                                                0.000     0.000 r  data_in[10] (IN)
                         net (fo=0)                   0.000     0.000    data_in[10]
    T2                   IBUF (Prop_ibuf_I_O)         0.226     0.226 r  data_in_IBUF[10]_inst/O
                         net (fo=1, routed)           0.323     0.549    data_in_IBUF[10]
    SLICE_X65Y47         LUT6 (Prop_lut6_I1_O)        0.045     0.594 r  current_lvl_i_6/O
                         net (fo=1, routed)           0.000     0.594    current_lvl_i_6_n_0
    SLICE_X65Y47         MUXF7 (Prop_muxf7_I0_O)      0.062     0.656 r  current_lvl_reg_i_2/O
                         net (fo=1, routed)           0.278     0.934    current_lvl_reg_i_2_n_0
    SLICE_X63Y51         LUT6 (Prop_lut6_I1_O)        0.108     1.042 r  current_lvl_i_1/O
                         net (fo=1, routed)           0.000     1.042    current_lvl
    SLICE_X63Y51         FDCE                                         r  current_lvl_reg/D
  -------------------------------------------------------------------    -------------------

                         (clock sys_clk_pin rise edge)
                                                      0.000     0.000 r  
    W5                                                0.000     0.000 r  clk (IN)
                         net (fo=0)                   0.000     0.000    clk
    W5                   IBUF (Prop_ibuf_I_O)         0.414     0.414 r  clk_IBUF_inst/O
                         net (fo=1, routed)           0.685     1.099    clk_IBUF
    BUFGCTRL_X0Y0        BUFG (Prop_bufg_I_O)         0.029     1.128 r  clk_IBUF_BUFG_inst/O
                         net (fo=34, routed)          0.864     1.992    clk_IBUF_BUFG
    SLICE_X63Y51         FDCE                                         r  current_lvl_reg/C

Slack:                    inf
  Source:                 reset
                            (input port)
  Destination:            clk_25MHz_reg/CLR
                            (removal check against rising-edge clock sys_clk_pin  {rise@0.000ns fall@5.000ns period=10.000ns})
  Path Group:             (none)
  Path Type:              Removal (Min at Fast Process Corner)
  Data Path Delay:        2.034ns  (logic 0.210ns (10.299%)  route 1.825ns (89.701%))
  Logic Levels:           1  (IBUF=1)
  Clock Path Skew:        1.960ns (DCD - SCD - CPR)
    Destination Clock Delay (DCD):    1.960ns
    Source Clock Delay      (SCD):    0.000ns
    Clock Pessimism Removal (CPR):    -0.000ns

    Location             Delay type                Incr(ns)  Path(ns)    Netlist Resource(s)
  -------------------------------------------------------------------    -------------------
    U18                                               0.000     0.000 f  reset (IN)
                         net (fo=0)                   0.000     0.000    reset
    U18                  IBUF (Prop_ibuf_I_O)         0.210     0.210 f  reset_IBUF_inst/O
                         net (fo=54, routed)          1.825     2.034    reset_IBUF
    SLICE_X46Y51         FDCE                                         f  clk_25MHz_reg/CLR
  -------------------------------------------------------------------    -------------------

                         (clock sys_clk_pin rise edge)
                                                      0.000     0.000 r  
    W5                                                0.000     0.000 r  clk (IN)
                         net (fo=0)                   0.000     0.000    clk
    W5                   IBUF (Prop_ibuf_I_O)         0.414     0.414 r  clk_IBUF_inst/O
                         net (fo=1, routed)           0.685     1.099    clk_IBUF
    BUFGCTRL_X0Y0        BUFG (Prop_bufg_I_O)         0.029     1.128 r  clk_IBUF_BUFG_inst/O
                         net (fo=34, routed)          0.833     1.960    clk_IBUF_BUFG
    SLICE_X46Y51         FDCE                                         r  clk_25MHz_reg/C

Slack:                    inf
  Source:                 reset
                            (input port)
  Destination:            clk_div_reg[0]/CLR
                            (removal check against rising-edge clock sys_clk_pin  {rise@0.000ns fall@5.000ns period=10.000ns})
  Path Group:             (none)
  Path Type:              Removal (Min at Fast Process Corner)
  Data Path Delay:        2.034ns  (logic 0.210ns (10.299%)  route 1.825ns (89.701%))
  Logic Levels:           1  (IBUF=1)
  Clock Path Skew:        1.960ns (DCD - SCD - CPR)
    Destination Clock Delay (DCD):    1.960ns
    Source Clock Delay      (SCD):    0.000ns
    Clock Pessimism Removal (CPR):    -0.000ns

    Location             Delay type                Incr(ns)  Path(ns)    Netlist Resource(s)
  -------------------------------------------------------------------    -------------------
    U18                                               0.000     0.000 f  reset (IN)
                         net (fo=0)                   0.000     0.000    reset
    U18                  IBUF (Prop_ibuf_I_O)         0.210     0.210 f  reset_IBUF_inst/O
                         net (fo=54, routed)          1.825     2.034    reset_IBUF
    SLICE_X46Y51         FDCE                                         f  clk_div_reg[0]/CLR
  -------------------------------------------------------------------    -------------------

                         (clock sys_clk_pin rise edge)
                                                      0.000     0.000 r  
    W5                                                0.000     0.000 r  clk (IN)
                         net (fo=0)                   0.000     0.000    clk
    W5                   IBUF (Prop_ibuf_I_O)         0.414     0.414 r  clk_IBUF_inst/O
                         net (fo=1, routed)           0.685     1.099    clk_IBUF
    BUFGCTRL_X0Y0        BUFG (Prop_bufg_I_O)         0.029     1.128 r  clk_IBUF_BUFG_inst/O
                         net (fo=34, routed)          0.833     1.960    clk_IBUF_BUFG
    SLICE_X46Y51         FDCE                                         r  clk_div_reg[0]/C

Slack:                    inf
  Source:                 reset
                            (input port)
  Destination:            current_lvl_reg/CLR
                            (removal check against rising-edge clock sys_clk_pin  {rise@0.000ns fall@5.000ns period=10.000ns})
  Path Group:             (none)
  Path Type:              Removal (Min at Fast Process Corner)
  Data Path Delay:        2.242ns  (logic 0.210ns (9.345%)  route 2.033ns (90.655%))
  Logic Levels:           1  (IBUF=1)
  Clock Path Skew:        1.992ns (DCD - SCD - CPR)
    Destination Clock Delay (DCD):    1.992ns
    Source Clock Delay      (SCD):    0.000ns
    Clock Pessimism Removal (CPR):    -0.000ns

    Location             Delay type                Incr(ns)  Path(ns)    Netlist Resource(s)
  -------------------------------------------------------------------    -------------------
    U18                                               0.000     0.000 f  reset (IN)
                         net (fo=0)                   0.000     0.000    reset
    U18                  IBUF (Prop_ibuf_I_O)         0.210     0.210 f  reset_IBUF_inst/O
                         net (fo=54, routed)          2.033     2.242    reset_IBUF
    SLICE_X63Y51         FDCE                                         f  current_lvl_reg/CLR
  -------------------------------------------------------------------    -------------------

                         (clock sys_clk_pin rise edge)
                                                      0.000     0.000 r  
    W5                                                0.000     0.000 r  clk (IN)
                         net (fo=0)                   0.000     0.000    clk
    W5                   IBUF (Prop_ibuf_I_O)         0.414     0.414 r  clk_IBUF_inst/O
                         net (fo=1, routed)           0.685     1.099    clk_IBUF
    BUFGCTRL_X0Y0        BUFG (Prop_bufg_I_O)         0.029     1.128 r  clk_IBUF_BUFG_inst/O
                         net (fo=34, routed)          0.864     1.992    clk_IBUF_BUFG
    SLICE_X63Y51         FDCE                                         r  current_lvl_reg/C

Slack:                    inf
  Source:                 reset
                            (input port)
  Destination:            bit_ptr_reg[0]/PRE
                            (removal check against rising-edge clock sys_clk_pin  {rise@0.000ns fall@5.000ns period=10.000ns})
  Path Group:             (none)
  Path Type:              Removal (Min at Fast Process Corner)
  Data Path Delay:        2.473ns  (logic 0.210ns (8.472%)  route 2.264ns (91.528%))
  Logic Levels:           1  (IBUF=1)
  Clock Path Skew:        1.989ns (DCD - SCD - CPR)
    Destination Clock Delay (DCD):    1.989ns
    Source Clock Delay      (SCD):    0.000ns
    Clock Pessimism Removal (CPR):    -0.000ns

    Location             Delay type                Incr(ns)  Path(ns)    Netlist Resource(s)
  -------------------------------------------------------------------    -------------------
    U18                                               0.000     0.000 f  reset (IN)
                         net (fo=0)                   0.000     0.000    reset
    U18                  IBUF (Prop_ibuf_I_O)         0.210     0.210 f  reset_IBUF_inst/O
                         net (fo=54, routed)          2.264     2.473    reset_IBUF
    SLICE_X63Y61         FDPE                                         f  bit_ptr_reg[0]/PRE
  -------------------------------------------------------------------    -------------------

                         (clock sys_clk_pin rise edge)
                                                      0.000     0.000 r  
    W5                                                0.000     0.000 r  clk (IN)
                         net (fo=0)                   0.000     0.000    clk
    W5                   IBUF (Prop_ibuf_I_O)         0.414     0.414 r  clk_IBUF_inst/O
                         net (fo=1, routed)           0.685     1.099    clk_IBUF
    BUFGCTRL_X0Y0        BUFG (Prop_bufg_I_O)         0.029     1.128 r  clk_IBUF_BUFG_inst/O
                         net (fo=34, routed)          0.861     1.989    clk_IBUF_BUFG
    SLICE_X63Y61         FDPE                                         r  bit_ptr_reg[0]/C

Slack:                    inf
  Source:                 reset
                            (input port)
  Destination:            bit_ptr_reg[1]/PRE
                            (removal check against rising-edge clock sys_clk_pin  {rise@0.000ns fall@5.000ns period=10.000ns})
  Path Group:             (none)
  Path Type:              Removal (Min at Fast Process Corner)
  Data Path Delay:        2.473ns  (logic 0.210ns (8.472%)  route 2.264ns (91.528%))
  Logic Levels:           1  (IBUF=1)
  Clock Path Skew:        1.989ns (DCD - SCD - CPR)
    Destination Clock Delay (DCD):    1.989ns
    Source Clock Delay      (SCD):    0.000ns
    Clock Pessimism Removal (CPR):    -0.000ns

    Location             Delay type                Incr(ns)  Path(ns)    Netlist Resource(s)
  -------------------------------------------------------------------    -------------------
    U18                                               0.000     0.000 f  reset (IN)
                         net (fo=0)                   0.000     0.000    reset
    U18                  IBUF (Prop_ibuf_I_O)         0.210     0.210 f  reset_IBUF_inst/O
                         net (fo=54, routed)          2.264     2.473    reset_IBUF
    SLICE_X63Y61         FDPE                                         f  bit_ptr_reg[1]/PRE
  -------------------------------------------------------------------    -------------------

                         (clock sys_clk_pin rise edge)
                                                      0.000     0.000 r  
    W5                                                0.000     0.000 r  clk (IN)
                         net (fo=0)                   0.000     0.000    clk
    W5                   IBUF (Prop_ibuf_I_O)         0.414     0.414 r  clk_IBUF_inst/O
                         net (fo=1, routed)           0.685     1.099    clk_IBUF
    BUFGCTRL_X0Y0        BUFG (Prop_bufg_I_O)         0.029     1.128 r  clk_IBUF_BUFG_inst/O
                         net (fo=34, routed)          0.861     1.989    clk_IBUF_BUFG
    SLICE_X63Y61         FDPE                                         r  bit_ptr_reg[1]/C

Slack:                    inf
  Source:                 reset
                            (input port)
  Destination:            bit_ptr_reg[2]/PRE
                            (removal check against rising-edge clock sys_clk_pin  {rise@0.000ns fall@5.000ns period=10.000ns})
  Path Group:             (none)
  Path Type:              Removal (Min at Fast Process Corner)
  Data Path Delay:        2.473ns  (logic 0.210ns (8.472%)  route 2.264ns (91.528%))
  Logic Levels:           1  (IBUF=1)
  Clock Path Skew:        1.989ns (DCD - SCD - CPR)
    Destination Clock Delay (DCD):    1.989ns
    Source Clock Delay      (SCD):    0.000ns
    Clock Pessimism Removal (CPR):    -0.000ns

    Location             Delay type                Incr(ns)  Path(ns)    Netlist Resource(s)
  -------------------------------------------------------------------    -------------------
    U18                                               0.000     0.000 f  reset (IN)
                         net (fo=0)                   0.000     0.000    reset
    U18                  IBUF (Prop_ibuf_I_O)         0.210     0.210 f  reset_IBUF_inst/O
                         net (fo=54, routed)          2.264     2.473    reset_IBUF
    SLICE_X63Y61         FDPE                                         f  bit_ptr_reg[2]/PRE
  -------------------------------------------------------------------    -------------------

                         (clock sys_clk_pin rise edge)
                                                      0.000     0.000 r  
    W5                                                0.000     0.000 r  clk (IN)
                         net (fo=0)                   0.000     0.000    clk
    W5                   IBUF (Prop_ibuf_I_O)         0.414     0.414 r  clk_IBUF_inst/O
                         net (fo=1, routed)           0.685     1.099    clk_IBUF
    BUFGCTRL_X0Y0        BUFG (Prop_bufg_I_O)         0.029     1.128 r  clk_IBUF_BUFG_inst/O
                         net (fo=34, routed)          0.861     1.989    clk_IBUF_BUFG
    SLICE_X63Y61         FDPE                                         r  bit_ptr_reg[2]/C

Slack:                    inf
  Source:                 reset
                            (input port)
  Destination:            bit_ptr_reg[3]/PRE
                            (removal check against rising-edge clock sys_clk_pin  {rise@0.000ns fall@5.000ns period=10.000ns})
  Path Group:             (none)
  Path Type:              Removal (Min at Fast Process Corner)
  Data Path Delay:        2.473ns  (logic 0.210ns (8.472%)  route 2.264ns (91.528%))
  Logic Levels:           1  (IBUF=1)
  Clock Path Skew:        1.989ns (DCD - SCD - CPR)
    Destination Clock Delay (DCD):    1.989ns
    Source Clock Delay      (SCD):    0.000ns
    Clock Pessimism Removal (CPR):    -0.000ns

    Location             Delay type                Incr(ns)  Path(ns)    Netlist Resource(s)
  -------------------------------------------------------------------    -------------------
    U18                                               0.000     0.000 f  reset (IN)
                         net (fo=0)                   0.000     0.000    reset
    U18                  IBUF (Prop_ibuf_I_O)         0.210     0.210 f  reset_IBUF_inst/O
                         net (fo=54, routed)          2.264     2.473    reset_IBUF
    SLICE_X63Y61         FDPE                                         f  bit_ptr_reg[3]/PRE
  -------------------------------------------------------------------    -------------------

                         (clock sys_clk_pin rise edge)
                                                      0.000     0.000 r  
    W5                                                0.000     0.000 r  clk (IN)
                         net (fo=0)                   0.000     0.000    clk
    W5                   IBUF (Prop_ibuf_I_O)         0.414     0.414 r  clk_IBUF_inst/O
                         net (fo=1, routed)           0.685     1.099    clk_IBUF
    BUFGCTRL_X0Y0        BUFG (Prop_bufg_I_O)         0.029     1.128 r  clk_IBUF_BUFG_inst/O
                         net (fo=34, routed)          0.861     1.989    clk_IBUF_BUFG
    SLICE_X63Y61         FDPE                                         r  bit_ptr_reg[3]/C

Slack:                    inf
  Source:                 reset
                            (input port)
  Destination:            tick_counter_reg[0]/CLR
                            (removal check against rising-edge clock sys_clk_pin  {rise@0.000ns fall@5.000ns period=10.000ns})
  Path Group:             (none)
  Path Type:              Removal (Min at Fast Process Corner)
  Data Path Delay:        2.599ns  (logic 0.210ns (8.061%)  route 2.390ns (91.939%))
  Logic Levels:           1  (IBUF=1)
  Clock Path Skew:        1.979ns (DCD - SCD - CPR)
    Destination Clock Delay (DCD):    1.979ns
    Source Clock Delay      (SCD):    0.000ns
    Clock Pessimism Removal (CPR):    -0.000ns

    Location             Delay type                Incr(ns)  Path(ns)    Netlist Resource(s)
  -------------------------------------------------------------------    -------------------
    U18                                               0.000     0.000 f  reset (IN)
                         net (fo=0)                   0.000     0.000    reset
    U18                  IBUF (Prop_ibuf_I_O)         0.210     0.210 f  reset_IBUF_inst/O
                         net (fo=54, routed)          2.390     2.599    reset_IBUF
    SLICE_X62Y71         FDCE                                         f  tick_counter_reg[0]/CLR
  -------------------------------------------------------------------    -------------------

                         (clock sys_clk_pin rise edge)
                                                      0.000     0.000 r  
    W5                                                0.000     0.000 r  clk (IN)
                         net (fo=0)                   0.000     0.000    clk
    W5                   IBUF (Prop_ibuf_I_O)         0.414     0.414 r  clk_IBUF_inst/O
                         net (fo=1, routed)           0.685     1.099    clk_IBUF
    BUFGCTRL_X0Y0        BUFG (Prop_bufg_I_O)         0.029     1.128 r  clk_IBUF_BUFG_inst/O
                         net (fo=34, routed)          0.851     1.979    clk_IBUF_BUFG
    SLICE_X62Y71         FDCE                                         r  tick_counter_reg[0]/C

Slack:                    inf
  Source:                 reset
                            (input port)
  Destination:            tick_counter_reg[1]/CLR
                            (removal check against rising-edge clock sys_clk_pin  {rise@0.000ns fall@5.000ns period=10.000ns})
  Path Group:             (none)
  Path Type:              Removal (Min at Fast Process Corner)
  Data Path Delay:        2.599ns  (logic 0.210ns (8.061%)  route 2.390ns (91.939%))
  Logic Levels:           1  (IBUF=1)
  Clock Path Skew:        1.979ns (DCD - SCD - CPR)
    Destination Clock Delay (DCD):    1.979ns
    Source Clock Delay      (SCD):    0.000ns
    Clock Pessimism Removal (CPR):    -0.000ns

    Location             Delay type                Incr(ns)  Path(ns)    Netlist Resource(s)
  -------------------------------------------------------------------    -------------------
    U18                                               0.000     0.000 f  reset (IN)
                         net (fo=0)                   0.000     0.000    reset
    U18                  IBUF (Prop_ibuf_I_O)         0.210     0.210 f  reset_IBUF_inst/O
                         net (fo=54, routed)          2.390     2.599    reset_IBUF
    SLICE_X62Y71         FDCE                                         f  tick_counter_reg[1]/CLR
  -------------------------------------------------------------------    -------------------

                         (clock sys_clk_pin rise edge)
                                                      0.000     0.000 r  
    W5                                                0.000     0.000 r  clk (IN)
                         net (fo=0)                   0.000     0.000    clk
    W5                   IBUF (Prop_ibuf_I_O)         0.414     0.414 r  clk_IBUF_inst/O
                         net (fo=1, routed)           0.685     1.099    clk_IBUF
    BUFGCTRL_X0Y0        BUFG (Prop_bufg_I_O)         0.029     1.128 r  clk_IBUF_BUFG_inst/O
                         net (fo=34, routed)          0.851     1.979    clk_IBUF_BUFG
    SLICE_X62Y71         FDCE                                         r  tick_counter_reg[1]/C





