Copyright 1986-2022 Xilinx, Inc. All Rights Reserved. Copyright 2022-2025 Advanced Micro Devices, Inc. All Rights Reserved.
---------------------------------------------------------------------------------------------------------------------------------------------------------------------------------------------------------------------------------------
| Tool Version : Vivado v.2025.2 (win64) Build 6299465 Fri Nov 14 19:35:11 GMT 2025
| Date         : Mon May 25 22:08:27 2026
| Host         : CE-LAB6903 running 64-bit major release  (build 9200)
| Command      : report_timing_summary -max_paths 10 -routable_nets -report_unconstrained -file nrz_i_top_timing_summary_routed.rpt -pb nrz_i_top_timing_summary_routed.pb -rpx nrz_i_top_timing_summary_routed.rpx -warn_on_violation
| Design       : nrz_i_top
| Device       : 7a35t-cpg236
| Speed File   : -1  PRODUCTION 1.23 2018-06-13
| Design State : Routed
---------------------------------------------------------------------------------------------------------------------------------------------------------------------------------------------------------------------------------------

Timing Summary Report

------------------------------------------------------------------------------------------------
| Timer Settings
| --------------
------------------------------------------------------------------------------------------------

  Enable Multi Corner Analysis               :  Yes
  Enable Pessimism Removal                   :  Yes
  Pessimism Removal Resolution               :  Nearest Common Node
  Enable Input Delay Default Clock           :  No
  Enable Preset / Clear Arcs                 :  No
  Disable Flight Delays                      :  No
  Ignore I/O Paths                           :  No
  Timing Early Launch at Borrowing Latches   :  No
  Borrow Time for Max Delay Exceptions       :  Yes
  Merge Timing Exceptions                    :  Yes
  Inter-SLR Compensation                     :  Conservative

  Corner  Analyze    Analyze    
  Name    Max Paths  Min Paths  
  ------  ---------  ---------  
  Slow    Yes        Yes        
  Fast    Yes        Yes        


------------------------------------------------------------------------------------------------
| Report Methodology
| ------------------
------------------------------------------------------------------------------------------------

Rule       Severity          Description                    Violations  
---------  ----------------  -----------------------------  ----------  
TIMING-17  Critical Warning  Non-clocked sequential cell    20          
TIMING-18  Warning           Missing input or output delay  35          

Note: This report is based on the most recent report_methodology run and may not be up-to-date. Run report_methodology on the current design for the latest report.



check_timing report

Table of Contents
-----------------
1. checking no_clock (20)
2. checking constant_clock (0)
3. checking pulse_width_clock (0)
4. checking unconstrained_internal_endpoints (50)
5. checking no_input_delay (17)
6. checking no_output_delay (20)
7. checking multiple_clock (0)
8. checking generated_clocks (0)
9. checking loops (0)
10. checking partial_input_delay (0)
11. checking partial_output_delay (0)
12. checking latch_loops (0)

1. checking no_clock (20)
-------------------------
 There are 20 register/latch pins with no clock driven by root clock pin: clk_25MHz_reg/Q (HIGH)


2. checking constant_clock (0)
------------------------------
 There are 0 register/latch pins with constant_clock.


3. checking pulse_width_clock (0)
---------------------------------
 There are 0 register/latch pins which need pulse_width check


4. checking unconstrained_internal_endpoints (50)
-------------------------------------------------
 There are 50 pins that are not constrained for maximum delay. (HIGH)

 There are 0 pins that are not constrained for maximum delay due to constant clock.


5. checking no_input_delay (17)
-------------------------------
 There are 17 input ports with no input delay specified. (HIGH)

 There are 0 input ports with no input delay but user has a false path constraint.


6. checking no_output_delay (20)
--------------------------------
 There are 20 ports with no output delay specified. (HIGH)

 There are 0 ports with no output delay but user has a false path constraint

 There are 0 ports with no output delay but with a timing clock defined on it or propagating through it


7. checking multiple_clock (0)
------------------------------
 There are 0 register/latch pins with multiple clocks.


8. checking generated_clocks (0)
--------------------------------
 There are 0 generated clocks that are not connected to a clock source.


9. checking loops (0)
---------------------
 There are 0 combinational loops in the design.


10. checking partial_input_delay (0)
------------------------------------
 There are 0 input ports with partial input delay specified.


11. checking partial_output_delay (0)
-------------------------------------
 There are 0 ports with partial output delay specified.


12. checking latch_loops (0)
----------------------------
 There are 0 combinational latch loops in the design through latch input



------------------------------------------------------------------------------------------------
| Design Timing Summary
| ---------------------
------------------------------------------------------------------------------------------------

    WNS(ns)      TNS(ns)  TNS Failing Endpoints  TNS Total Endpoints      WHS(ns)      THS(ns)  THS Failing Endpoints  THS Total Endpoints     WPWS(ns)     TPWS(ns)  TPWS Failing Endpoints  TPWS Total Endpoints  
    -------      -------  ---------------------  -------------------      -------      -------  ---------------------  -------------------     --------     --------  ----------------------  --------------------  
      3.826        0.000                      0                   38        0.275        0.000                      0                   38        4.500        0.000                       0                    35  


All user specified timing constraints are met.


------------------------------------------------------------------------------------------------
| Clock Summary
| -------------
------------------------------------------------------------------------------------------------

Clock        Waveform(ns)       Period(ns)      Frequency(MHz)
-----        ------------       ----------      --------------
sys_clk_pin  {0.000 5.000}      10.000          100.000         


------------------------------------------------------------------------------------------------
| Intra Clock Table
| -----------------
------------------------------------------------------------------------------------------------

Clock             WNS(ns)      TNS(ns)  TNS Failing Endpoints  TNS Total Endpoints      WHS(ns)      THS(ns)  THS Failing Endpoints  THS Total Endpoints     WPWS(ns)     TPWS(ns)  TPWS Failing Endpoints  TPWS Total Endpoints  
-----             -------      -------  ---------------------  -------------------      -------      -------  ---------------------  -------------------     --------     --------  ----------------------  --------------------  
sys_clk_pin         3.826        0.000                      0                   38        0.275        0.000                      0                   38        4.500        0.000                       0                    35  


------------------------------------------------------------------------------------------------
| Inter Clock Table
| -----------------
------------------------------------------------------------------------------------------------

From Clock    To Clock          WNS(ns)      TNS(ns)  TNS Failing Endpoints  TNS Total Endpoints      WHS(ns)      THS(ns)  THS Failing Endpoints  THS Total Endpoints  
----------    --------          -------      -------  ---------------------  -------------------      -------      -------  ---------------------  -------------------  


------------------------------------------------------------------------------------------------
| Other Path Groups Table
| -----------------------
------------------------------------------------------------------------------------------------

Path Group    From Clock    To Clock          WNS(ns)      TNS(ns)  TNS Failing Endpoints  TNS Total Endpoints      WHS(ns)      THS(ns)  THS Failing Endpoints  THS Total Endpoints  
----------    ----------    --------          -------      -------  ---------------------  -------------------      -------      -------  ---------------------  -------------------  


------------------------------------------------------------------------------------------------
| User Ignored Path Table
| -----------------------
------------------------------------------------------------------------------------------------

Path Group    From Clock    To Clock    
----------    ----------    --------    


------------------------------------------------------------------------------------------------
| Unconstrained Path Table
| ------------------------
------------------------------------------------------------------------------------------------

Path Group    From Clock    To Clock    
----------    ----------    --------    
(none)                                    
(none)        sys_clk_pin                 
(none)                      sys_clk_pin   


------------------------------------------------------------------------------------------------
| Timing Details
| --------------
------------------------------------------------------------------------------------------------


---------------------------------------------------------------------------------------------------
From Clock:  sys_clk_pin
  To Clock:  sys_clk_pin

Setup :            0  Failing Endpoints,  Worst Slack        3.826ns,  Total Violation        0.000ns
Hold  :            0  Failing Endpoints,  Worst Slack        0.275ns,  Total Violation        0.000ns
PW    :            0  Failing Endpoints,  Worst Slack        4.500ns,  Total Violation        0.000ns
---------------------------------------------------------------------------------------------------


Max Delay Paths
--------------------------------------------------------------------------------------
Slack (MET) :             3.826ns  (required time - arrival time)
  Source:                 bit_ptr_reg[2]/C
                            (rising edge-triggered cell FDPE clocked by sys_clk_pin  {rise@0.000ns fall@5.000ns period=10.000ns})
  Destination:            current_lvl_reg/D
                            (rising edge-triggered cell FDCE clocked by sys_clk_pin  {rise@0.000ns fall@5.000ns period=10.000ns})
  Path Group:             sys_clk_pin
  Path Type:              Setup (Max at Slow Process Corner)
  Requirement:            10.000ns  (sys_clk_pin rise@10.000ns - sys_clk_pin rise@0.000ns)
  Data Path Delay:        6.180ns  (logic 1.093ns (17.687%)  route 5.087ns (82.313%))
  Logic Levels:           2  (LUT6=1 MUXF7=1)
  Clock Path Skew:        -0.036ns (DCD - SCD + CPR)
    Destination Clock Delay (DCD):    4.833ns = ( 14.833 - 10.000 ) 
    Source Clock Delay      (SCD):    5.127ns
    Clock Pessimism Removal (CPR):    0.258ns
  Clock Uncertainty:      0.035ns  ((TSJ^2 + TIJ^2)^1/2 + DJ) / 2 + PE
    Total System Jitter     (TSJ):    0.071ns
    Total Input Jitter      (TIJ):    0.000ns
    Discrete Jitter          (DJ):    0.000ns
    Phase Error              (PE):    0.000ns

    Location             Delay type                Incr(ns)  Path(ns)    Netlist Resource(s)
  -------------------------------------------------------------------    -------------------
                         (clock sys_clk_pin rise edge)
                                                      0.000     0.000 r  
    W5                                                0.000     0.000 r  clk (IN)
                         net (fo=0)                   0.000     0.000    clk
    W5                   IBUF (Prop_ibuf_I_O)         1.458     1.458 r  clk_IBUF_inst/O
                         net (fo=1, routed)           1.967     3.425    clk_IBUF
    BUFGCTRL_X0Y0        BUFG (Prop_bufg_I_O)         0.096     3.521 r  clk_IBUF_BUFG_inst/O
                         net (fo=34, routed)          1.606     5.127    clk_IBUF_BUFG
    SLICE_X64Y74         FDPE                                         r  bit_ptr_reg[2]/C
  -------------------------------------------------------------------    -------------------
    SLICE_X64Y74         FDPE (Prop_fdpe_C_Q)         0.518     5.645 r  bit_ptr_reg[2]/Q
                         net (fo=5, routed)           2.776     8.421    bit_idx_OBUF[2]
    SLICE_X36Y57         MUXF7 (Prop_muxf7_S_O)       0.276     8.697 r  current_lvl_reg_i_5/O
                         net (fo=1, routed)           2.310    11.008    current_lvl_reg_i_5_n_0
    SLICE_X64Y75         LUT6 (Prop_lut6_I5_O)        0.299    11.307 r  current_lvl_i_1/O
                         net (fo=1, routed)           0.000    11.307    current_lvl
    SLICE_X64Y75         FDCE                                         r  current_lvl_reg/D
  -------------------------------------------------------------------    -------------------

                         (clock sys_clk_pin rise edge)
                                                     10.000    10.000 r  
    W5                                                0.000    10.000 r  clk (IN)
                         net (fo=0)                   0.000    10.000    clk
    W5                   IBUF (Prop_ibuf_I_O)         1.388    11.388 r  clk_IBUF_inst/O
                         net (fo=1, routed)           1.862    13.250    clk_IBUF
    BUFGCTRL_X0Y0        BUFG (Prop_bufg_I_O)         0.091    13.341 r  clk_IBUF_BUFG_inst/O
                         net (fo=34, routed)          1.492    14.833    clk_IBUF_BUFG
    SLICE_X64Y75         FDCE                                         r  current_lvl_reg/C
                         clock pessimism              0.258    15.091    
                         clock uncertainty           -0.035    15.056    
    SLICE_X64Y75         FDCE (Setup_fdce_C_D)        0.077    15.133    current_lvl_reg
  -------------------------------------------------------------------
                         required time                         15.133    
                         arrival time                         -11.307    
  -------------------------------------------------------------------
                         slack                                  3.826    

Slack (MET) :             5.112ns  (required time - arrival time)
  Source:                 tick_counter_reg[15]/C
                            (rising edge-triggered cell FDCE clocked by sys_clk_pin  {rise@0.000ns fall@5.000ns period=10.000ns})
  Destination:            tick_counter_reg[25]/D
                            (rising edge-triggered cell FDCE clocked by sys_clk_pin  {rise@0.000ns fall@5.000ns period=10.000ns})
  Path Group:             sys_clk_pin
  Path Type:              Setup (Max at Slow Process Corner)
  Requirement:            10.000ns  (sys_clk_pin rise@10.000ns - sys_clk_pin rise@0.000ns)
  Data Path Delay:        4.898ns  (logic 2.264ns (46.227%)  route 2.634ns (53.773%))
  Logic Levels:           10  (CARRY4=7 LUT4=1 LUT5=1 LUT6=1)
  Clock Path Skew:        -0.017ns (DCD - SCD + CPR)
    Destination Clock Delay (DCD):    4.838ns = ( 14.838 - 10.000 ) 
    Source Clock Delay      (SCD):    5.127ns
    Clock Pessimism Removal (CPR):    0.272ns
  Clock Uncertainty:      0.035ns  ((TSJ^2 + TIJ^2)^1/2 + DJ) / 2 + PE
    Total System Jitter     (TSJ):    0.071ns
    Total Input Jitter      (TIJ):    0.000ns
    Discrete Jitter          (DJ):    0.000ns
    Phase Error              (PE):    0.000ns

    Location             Delay type                Incr(ns)  Path(ns)    Netlist Resource(s)
  -------------------------------------------------------------------    -------------------
                         (clock sys_clk_pin rise edge)
                                                      0.000     0.000 r  
    W5                                                0.000     0.000 r  clk (IN)
                         net (fo=0)                   0.000     0.000    clk
    W5                   IBUF (Prop_ibuf_I_O)         1.458     1.458 r  clk_IBUF_inst/O
                         net (fo=1, routed)           1.967     3.425    clk_IBUF
    BUFGCTRL_X0Y0        BUFG (Prop_bufg_I_O)         0.096     3.521 r  clk_IBUF_BUFG_inst/O
                         net (fo=34, routed)          1.606     5.127    clk_IBUF_BUFG
    SLICE_X63Y75         FDCE                                         r  tick_counter_reg[15]/C
  -------------------------------------------------------------------    -------------------
    SLICE_X63Y75         FDCE (Prop_fdce_C_Q)         0.456     5.583 f  tick_counter_reg[15]/Q
                         net (fo=3, routed)           0.875     6.458    tick_counter_reg[15]
    SLICE_X62Y75         LUT4 (Prop_lut4_I0_O)        0.124     6.582 r  bit_ptr[3]_i_9/O
                         net (fo=2, routed)           0.884     7.466    bit_ptr[3]_i_9_n_0
    SLICE_X62Y74         LUT6 (Prop_lut6_I0_O)        0.124     7.590 f  tick_counter[0]_i_7/O
                         net (fo=24, routed)          0.865     8.455    tick_counter[0]_i_7_n_0
    SLICE_X63Y72         LUT5 (Prop_lut5_I4_O)        0.124     8.579 r  tick_counter[0]_i_6/O
                         net (fo=1, routed)           0.000     8.579    tick_counter[0]_i_6_n_0
    SLICE_X63Y72         CARRY4 (Prop_carry4_S[0]_CO[3])
                                                      0.532     9.111 r  tick_counter_reg[0]_i_1/CO[3]
                         net (fo=1, routed)           0.000     9.111    tick_counter_reg[0]_i_1_n_0
    SLICE_X63Y73         CARRY4 (Prop_carry4_CI_CO[3])
                                                      0.114     9.225 r  tick_counter_reg[4]_i_1/CO[3]
                         net (fo=1, routed)           0.000     9.225    tick_counter_reg[4]_i_1_n_0
    SLICE_X63Y74         CARRY4 (Prop_carry4_CI_CO[3])
                                                      0.114     9.339 r  tick_counter_reg[8]_i_1/CO[3]
                         net (fo=1, routed)           0.009     9.348    tick_counter_reg[8]_i_1_n_0
    SLICE_X63Y75         CARRY4 (Prop_carry4_CI_CO[3])
                                                      0.114     9.462 r  tick_counter_reg[12]_i_1/CO[3]
                         net (fo=1, routed)           0.000     9.462    tick_counter_reg[12]_i_1_n_0
    SLICE_X63Y76         CARRY4 (Prop_carry4_CI_CO[3])
                                                      0.114     9.576 r  tick_counter_reg[16]_i_1/CO[3]
                         net (fo=1, routed)           0.000     9.576    tick_counter_reg[16]_i_1_n_0
    SLICE_X63Y77         CARRY4 (Prop_carry4_CI_CO[3])
                                                      0.114     9.690 r  tick_counter_reg[20]_i_1/CO[3]
                         net (fo=1, routed)           0.000     9.690    tick_counter_reg[20]_i_1_n_0
    SLICE_X63Y78         CARRY4 (Prop_carry4_CI_O[1])
                                                      0.334    10.024 r  tick_counter_reg[24]_i_1/O[1]
                         net (fo=1, routed)           0.000    10.024    tick_counter_reg[24]_i_1_n_6
    SLICE_X63Y78         FDCE                                         r  tick_counter_reg[25]/D
  -------------------------------------------------------------------    -------------------

                         (clock sys_clk_pin rise edge)
                                                     10.000    10.000 r  
    W5                                                0.000    10.000 r  clk (IN)
                         net (fo=0)                   0.000    10.000    clk
    W5                   IBUF (Prop_ibuf_I_O)         1.388    11.388 r  clk_IBUF_inst/O
                         net (fo=1, routed)           1.862    13.250    clk_IBUF
    BUFGCTRL_X0Y0        BUFG (Prop_bufg_I_O)         0.091    13.341 r  clk_IBUF_BUFG_inst/O
                         net (fo=34, routed)          1.497    14.838    clk_IBUF_BUFG
    SLICE_X63Y78         FDCE                                         r  tick_counter_reg[25]/C
                         clock pessimism              0.272    15.110    
                         clock uncertainty           -0.035    15.075    
    SLICE_X63Y78         FDCE (Setup_fdce_C_D)        0.062    15.137    tick_counter_reg[25]
  -------------------------------------------------------------------
                         required time                         15.137    
                         arrival time                         -10.024    
  -------------------------------------------------------------------
                         slack                                  5.112    

Slack (MET) :             5.207ns  (required time - arrival time)
  Source:                 tick_counter_reg[15]/C
                            (rising edge-triggered cell FDCE clocked by sys_clk_pin  {rise@0.000ns fall@5.000ns period=10.000ns})
  Destination:            tick_counter_reg[26]/D
                            (rising edge-triggered cell FDCE clocked by sys_clk_pin  {rise@0.000ns fall@5.000ns period=10.000ns})
  Path Group:             sys_clk_pin
  Path Type:              Setup (Max at Slow Process Corner)
  Requirement:            10.000ns  (sys_clk_pin rise@10.000ns - sys_clk_pin rise@0.000ns)
  Data Path Delay:        4.803ns  (logic 2.169ns (45.163%)  route 2.634ns (54.837%))
  Logic Levels:           10  (CARRY4=7 LUT4=1 LUT5=1 LUT6=1)
  Clock Path Skew:        -0.017ns (DCD - SCD + CPR)
    Destination Clock Delay (DCD):    4.838ns = ( 14.838 - 10.000 ) 
    Source Clock Delay      (SCD):    5.127ns
    Clock Pessimism Removal (CPR):    0.272ns
  Clock Uncertainty:      0.035ns  ((TSJ^2 + TIJ^2)^1/2 + DJ) / 2 + PE
    Total System Jitter     (TSJ):    0.071ns
    Total Input Jitter      (TIJ):    0.000ns
    Discrete Jitter          (DJ):    0.000ns
    Phase Error              (PE):    0.000ns

    Location             Delay type                Incr(ns)  Path(ns)    Netlist Resource(s)
  -------------------------------------------------------------------    -------------------
                         (clock sys_clk_pin rise edge)
                                                      0.000     0.000 r  
    W5                                                0.000     0.000 r  clk (IN)
                         net (fo=0)                   0.000     0.000    clk
    W5                   IBUF (Prop_ibuf_I_O)         1.458     1.458 r  clk_IBUF_inst/O
                         net (fo=1, routed)           1.967     3.425    clk_IBUF
    BUFGCTRL_X0Y0        BUFG (Prop_bufg_I_O)         0.096     3.521 r  clk_IBUF_BUFG_inst/O
                         net (fo=34, routed)          1.606     5.127    clk_IBUF_BUFG
    SLICE_X63Y75         FDCE                                         r  tick_counter_reg[15]/C
  -------------------------------------------------------------------    -------------------
    SLICE_X63Y75         FDCE (Prop_fdce_C_Q)         0.456     5.583 f  tick_counter_reg[15]/Q
                         net (fo=3, routed)           0.875     6.458    tick_counter_reg[15]
    SLICE_X62Y75         LUT4 (Prop_lut4_I0_O)        0.124     6.582 r  bit_ptr[3]_i_9/O
                         net (fo=2, routed)           0.884     7.466    bit_ptr[3]_i_9_n_0
    SLICE_X62Y74         LUT6 (Prop_lut6_I0_O)        0.124     7.590 f  tick_counter[0]_i_7/O
                         net (fo=24, routed)          0.865     8.455    tick_counter[0]_i_7_n_0
    SLICE_X63Y72         LUT5 (Prop_lut5_I4_O)        0.124     8.579 r  tick_counter[0]_i_6/O
                         net (fo=1, routed)           0.000     8.579    tick_counter[0]_i_6_n_0
    SLICE_X63Y72         CARRY4 (Prop_carry4_S[0]_CO[3])
                                                      0.532     9.111 r  tick_counter_reg[0]_i_1/CO[3]
                         net (fo=1, routed)           0.000     9.111    tick_counter_reg[0]_i_1_n_0
    SLICE_X63Y73         CARRY4 (Prop_carry4_CI_CO[3])
                                                      0.114     9.225 r  tick_counter_reg[4]_i_1/CO[3]
                         net (fo=1, routed)           0.000     9.225    tick_counter_reg[4]_i_1_n_0
    SLICE_X63Y74         CARRY4 (Prop_carry4_CI_CO[3])
                                                      0.114     9.339 r  tick_counter_reg[8]_i_1/CO[3]
                         net (fo=1, routed)           0.009     9.348    tick_counter_reg[8]_i_1_n_0
    SLICE_X63Y75         CARRY4 (Prop_carry4_CI_CO[3])
                                                      0.114     9.462 r  tick_counter_reg[12]_i_1/CO[3]
                         net (fo=1, routed)           0.000     9.462    tick_counter_reg[12]_i_1_n_0
    SLICE_X63Y76         CARRY4 (Prop_carry4_CI_CO[3])
                                                      0.114     9.576 r  tick_counter_reg[16]_i_1/CO[3]
                         net (fo=1, routed)           0.000     9.576    tick_counter_reg[16]_i_1_n_0
    SLICE_X63Y77         CARRY4 (Prop_carry4_CI_CO[3])
                                                      0.114     9.690 r  tick_counter_reg[20]_i_1/CO[3]
                         net (fo=1, routed)           0.000     9.690    tick_counter_reg[20]_i_1_n_0
    SLICE_X63Y78         CARRY4 (Prop_carry4_CI_O[2])
                                                      0.239     9.929 r  tick_counter_reg[24]_i_1/O[2]
                         net (fo=1, routed)           0.000     9.929    tick_counter_reg[24]_i_1_n_5
    SLICE_X63Y78         FDCE                                         r  tick_counter_reg[26]/D
  -------------------------------------------------------------------    -------------------

                         (clock sys_clk_pin rise edge)
                                                     10.000    10.000 r  
    W5                                                0.000    10.000 r  clk (IN)
                         net (fo=0)                   0.000    10.000    clk
    W5                   IBUF (Prop_ibuf_I_O)         1.388    11.388 r  clk_IBUF_inst/O
                         net (fo=1, routed)           1.862    13.250    clk_IBUF
    BUFGCTRL_X0Y0        BUFG (Prop_bufg_I_O)         0.091    13.341 r  clk_IBUF_BUFG_inst/O
                         net (fo=34, routed)          1.497    14.838    clk_IBUF_BUFG
    SLICE_X63Y78         FDCE                                         r  tick_counter_reg[26]/C
                         clock pessimism              0.272    15.110    
                         clock uncertainty           -0.035    15.075    
    SLICE_X63Y78         FDCE (Setup_fdce_C_D)        0.062    15.137    tick_counter_reg[26]
  -------------------------------------------------------------------
                         required time                         15.137    
                         arrival time                          -9.929    
  -------------------------------------------------------------------
                         slack                                  5.207    

Slack (MET) :             5.223ns  (required time - arrival time)
  Source:                 tick_counter_reg[15]/C
                            (rising edge-triggered cell FDCE clocked by sys_clk_pin  {rise@0.000ns fall@5.000ns period=10.000ns})
  Destination:            tick_counter_reg[24]/D
                            (rising edge-triggered cell FDCE clocked by sys_clk_pin  {rise@0.000ns fall@5.000ns period=10.000ns})
  Path Group:             sys_clk_pin
  Path Type:              Setup (Max at Slow Process Corner)
  Requirement:            10.000ns  (sys_clk_pin rise@10.000ns - sys_clk_pin rise@0.000ns)
  Data Path Delay:        4.787ns  (logic 2.153ns (44.980%)  route 2.634ns (55.020%))
  Logic Levels:           10  (CARRY4=7 LUT4=1 LUT5=1 LUT6=1)
  Clock Path Skew:        -0.017ns (DCD - SCD + CPR)
    Destination Clock Delay (DCD):    4.838ns = ( 14.838 - 10.000 ) 
    Source Clock Delay      (SCD):    5.127ns
    Clock Pessimism Removal (CPR):    0.272ns
  Clock Uncertainty:      0.035ns  ((TSJ^2 + TIJ^2)^1/2 + DJ) / 2 + PE
    Total System Jitter     (TSJ):    0.071ns
    Total Input Jitter      (TIJ):    0.000ns
    Discrete Jitter          (DJ):    0.000ns
    Phase Error              (PE):    0.000ns

    Location             Delay type                Incr(ns)  Path(ns)    Netlist Resource(s)
  -------------------------------------------------------------------    -------------------
                         (clock sys_clk_pin rise edge)
                                                      0.000     0.000 r  
    W5                                                0.000     0.000 r  clk (IN)
                         net (fo=0)                   0.000     0.000    clk
    W5                   IBUF (Prop_ibuf_I_O)         1.458     1.458 r  clk_IBUF_inst/O
                         net (fo=1, routed)           1.967     3.425    clk_IBUF
    BUFGCTRL_X0Y0        BUFG (Prop_bufg_I_O)         0.096     3.521 r  clk_IBUF_BUFG_inst/O
                         net (fo=34, routed)          1.606     5.127    clk_IBUF_BUFG
    SLICE_X63Y75         FDCE                                         r  tick_counter_reg[15]/C
  -------------------------------------------------------------------    -------------------
    SLICE_X63Y75         FDCE (Prop_fdce_C_Q)         0.456     5.583 f  tick_counter_reg[15]/Q
                         net (fo=3, routed)           0.875     6.458    tick_counter_reg[15]
    SLICE_X62Y75         LUT4 (Prop_lut4_I0_O)        0.124     6.582 r  bit_ptr[3]_i_9/O
                         net (fo=2, routed)           0.884     7.466    bit_ptr[3]_i_9_n_0
    SLICE_X62Y74         LUT6 (Prop_lut6_I0_O)        0.124     7.590 f  tick_counter[0]_i_7/O
                         net (fo=24, routed)          0.865     8.455    tick_counter[0]_i_7_n_0
    SLICE_X63Y72         LUT5 (Prop_lut5_I4_O)        0.124     8.579 r  tick_counter[0]_i_6/O
                         net (fo=1, routed)           0.000     8.579    tick_counter[0]_i_6_n_0
    SLICE_X63Y72         CARRY4 (Prop_carry4_S[0]_CO[3])
                                                      0.532     9.111 r  tick_counter_reg[0]_i_1/CO[3]
                         net (fo=1, routed)           0.000     9.111    tick_counter_reg[0]_i_1_n_0
    SLICE_X63Y73         CARRY4 (Prop_carry4_CI_CO[3])
                                                      0.114     9.225 r  tick_counter_reg[4]_i_1/CO[3]
                         net (fo=1, routed)           0.000     9.225    tick_counter_reg[4]_i_1_n_0
    SLICE_X63Y74         CARRY4 (Prop_carry4_CI_CO[3])
                                                      0.114     9.339 r  tick_counter_reg[8]_i_1/CO[3]
                         net (fo=1, routed)           0.009     9.348    tick_counter_reg[8]_i_1_n_0
    SLICE_X63Y75         CARRY4 (Prop_carry4_CI_CO[3])
                                                      0.114     9.462 r  tick_counter_reg[12]_i_1/CO[3]
                         net (fo=1, routed)           0.000     9.462    tick_counter_reg[12]_i_1_n_0
    SLICE_X63Y76         CARRY4 (Prop_carry4_CI_CO[3])
                                                      0.114     9.576 r  tick_counter_reg[16]_i_1/CO[3]
                         net (fo=1, routed)           0.000     9.576    tick_counter_reg[16]_i_1_n_0
    SLICE_X63Y77         CARRY4 (Prop_carry4_CI_CO[3])
                                                      0.114     9.690 r  tick_counter_reg[20]_i_1/CO[3]
                         net (fo=1, routed)           0.000     9.690    tick_counter_reg[20]_i_1_n_0
    SLICE_X63Y78         CARRY4 (Prop_carry4_CI_O[0])
                                                      0.223     9.913 r  tick_counter_reg[24]_i_1/O[0]
                         net (fo=1, routed)           0.000     9.913    tick_counter_reg[24]_i_1_n_7
    SLICE_X63Y78         FDCE                                         r  tick_counter_reg[24]/D
  -------------------------------------------------------------------    -------------------

                         (clock sys_clk_pin rise edge)
                                                     10.000    10.000 r  
    W5                                                0.000    10.000 r  clk (IN)
                         net (fo=0)                   0.000    10.000    clk
    W5                   IBUF (Prop_ibuf_I_O)         1.388    11.388 r  clk_IBUF_inst/O
                         net (fo=1, routed)           1.862    13.250    clk_IBUF
    BUFGCTRL_X0Y0        BUFG (Prop_bufg_I_O)         0.091    13.341 r  clk_IBUF_BUFG_inst/O
                         net (fo=34, routed)          1.497    14.838    clk_IBUF_BUFG
    SLICE_X63Y78         FDCE                                         r  tick_counter_reg[24]/C
                         clock pessimism              0.272    15.110    
                         clock uncertainty           -0.035    15.075    
    SLICE_X63Y78         FDCE (Setup_fdce_C_D)        0.062    15.137    tick_counter_reg[24]
  -------------------------------------------------------------------
                         required time                         15.137    
                         arrival time                          -9.913    
  -------------------------------------------------------------------
                         slack                                  5.223    

Slack (MET) :             5.224ns  (required time - arrival time)
  Source:                 tick_counter_reg[15]/C
                            (rising edge-triggered cell FDCE clocked by sys_clk_pin  {rise@0.000ns fall@5.000ns period=10.000ns})
  Destination:            tick_counter_reg[21]/D
                            (rising edge-triggered cell FDCE clocked by sys_clk_pin  {rise@0.000ns fall@5.000ns period=10.000ns})
  Path Group:             sys_clk_pin
  Path Type:              Setup (Max at Slow Process Corner)
  Requirement:            10.000ns  (sys_clk_pin rise@10.000ns - sys_clk_pin rise@0.000ns)
  Data Path Delay:        4.784ns  (logic 2.150ns (44.945%)  route 2.634ns (55.055%))
  Logic Levels:           9  (CARRY4=6 LUT4=1 LUT5=1 LUT6=1)
  Clock Path Skew:        -0.019ns (DCD - SCD + CPR)
    Destination Clock Delay (DCD):    4.836ns = ( 14.836 - 10.000 ) 
    Source Clock Delay      (SCD):    5.127ns
    Clock Pessimism Removal (CPR):    0.272ns
  Clock Uncertainty:      0.035ns  ((TSJ^2 + TIJ^2)^1/2 + DJ) / 2 + PE
    Total System Jitter     (TSJ):    0.071ns
    Total Input Jitter      (TIJ):    0.000ns
    Discrete Jitter          (DJ):    0.000ns
    Phase Error              (PE):    0.000ns

    Location             Delay type                Incr(ns)  Path(ns)    Netlist Resource(s)
  -------------------------------------------------------------------    -------------------
                         (clock sys_clk_pin rise edge)
                                                      0.000     0.000 r  
    W5                                                0.000     0.000 r  clk (IN)
                         net (fo=0)                   0.000     0.000    clk
    W5                   IBUF (Prop_ibuf_I_O)         1.458     1.458 r  clk_IBUF_inst/O
                         net (fo=1, routed)           1.967     3.425    clk_IBUF
    BUFGCTRL_X0Y0        BUFG (Prop_bufg_I_O)         0.096     3.521 r  clk_IBUF_BUFG_inst/O
                         net (fo=34, routed)          1.606     5.127    clk_IBUF_BUFG
    SLICE_X63Y75         FDCE                                         r  tick_counter_reg[15]/C
  -------------------------------------------------------------------    -------------------
    SLICE_X63Y75         FDCE (Prop_fdce_C_Q)         0.456     5.583 f  tick_counter_reg[15]/Q
                         net (fo=3, routed)           0.875     6.458    tick_counter_reg[15]
    SLICE_X62Y75         LUT4 (Prop_lut4_I0_O)        0.124     6.582 r  bit_ptr[3]_i_9/O
                         net (fo=2, routed)           0.884     7.466    bit_ptr[3]_i_9_n_0
    SLICE_X62Y74         LUT6 (Prop_lut6_I0_O)        0.124     7.590 f  tick_counter[0]_i_7/O
                         net (fo=24, routed)          0.865     8.455    tick_counter[0]_i_7_n_0
    SLICE_X63Y72         LUT5 (Prop_lut5_I4_O)        0.124     8.579 r  tick_counter[0]_i_6/O
                         net (fo=1, routed)           0.000     8.579    tick_counter[0]_i_6_n_0
    SLICE_X63Y72         CARRY4 (Prop_carry4_S[0]_CO[3])
                                                      0.532     9.111 r  tick_counter_reg[0]_i_1/CO[3]
                         net (fo=1, routed)           0.000     9.111    tick_counter_reg[0]_i_1_n_0
    SLICE_X63Y73         CARRY4 (Prop_carry4_CI_CO[3])
                                                      0.114     9.225 r  tick_counter_reg[4]_i_1/CO[3]
                         net (fo=1, routed)           0.000     9.225    tick_counter_reg[4]_i_1_n_0
    SLICE_X63Y74         CARRY4 (Prop_carry4_CI_CO[3])
                                                      0.114     9.339 r  tick_counter_reg[8]_i_1/CO[3]
                         net (fo=1, routed)           0.009     9.348    tick_counter_reg[8]_i_1_n_0
    SLICE_X63Y75         CARRY4 (Prop_carry4_CI_CO[3])
                                                      0.114     9.462 r  tick_counter_reg[12]_i_1/CO[3]
                         net (fo=1, routed)           0.000     9.462    tick_counter_reg[12]_i_1_n_0
    SLICE_X63Y76         CARRY4 (Prop_carry4_CI_CO[3])
                                                      0.114     9.576 r  tick_counter_reg[16]_i_1/CO[3]
                         net (fo=1, routed)           0.000     9.576    tick_counter_reg[16]_i_1_n_0
    SLICE_X63Y77         CARRY4 (Prop_carry4_CI_O[1])
                                                      0.334     9.910 r  tick_counter_reg[20]_i_1/O[1]
                         net (fo=1, routed)           0.000     9.910    tick_counter_reg[20]_i_1_n_6
    SLICE_X63Y77         FDCE                                         r  tick_counter_reg[21]/D
  -------------------------------------------------------------------    -------------------

                         (clock sys_clk_pin rise edge)
                                                     10.000    10.000 r  
    W5                                                0.000    10.000 r  clk (IN)
                         net (fo=0)                   0.000    10.000    clk
    W5                   IBUF (Prop_ibuf_I_O)         1.388    11.388 r  clk_IBUF_inst/O
                         net (fo=1, routed)           1.862    13.250    clk_IBUF
    BUFGCTRL_X0Y0        BUFG (Prop_bufg_I_O)         0.091    13.341 r  clk_IBUF_BUFG_inst/O
                         net (fo=34, routed)          1.495    14.836    clk_IBUF_BUFG
    SLICE_X63Y77         FDCE                                         r  tick_counter_reg[21]/C
                         clock pessimism              0.272    15.108    
                         clock uncertainty           -0.035    15.073    
    SLICE_X63Y77         FDCE (Setup_fdce_C_D)        0.062    15.135    tick_counter_reg[21]
  -------------------------------------------------------------------
                         required time                         15.135    
                         arrival time                          -9.910    
  -------------------------------------------------------------------
                         slack                                  5.224    

Slack (MET) :             5.245ns  (required time - arrival time)
  Source:                 tick_counter_reg[15]/C
                            (rising edge-triggered cell FDCE clocked by sys_clk_pin  {rise@0.000ns fall@5.000ns period=10.000ns})
  Destination:            tick_counter_reg[23]/D
                            (rising edge-triggered cell FDCE clocked by sys_clk_pin  {rise@0.000ns fall@5.000ns period=10.000ns})
  Path Group:             sys_clk_pin
  Path Type:              Setup (Max at Slow Process Corner)
  Requirement:            10.000ns  (sys_clk_pin rise@10.000ns - sys_clk_pin rise@0.000ns)
  Data Path Delay:        4.763ns  (logic 2.129ns (44.703%)  route 2.634ns (55.297%))
  Logic Levels:           9  (CARRY4=6 LUT4=1 LUT5=1 LUT6=1)
  Clock Path Skew:        -0.019ns (DCD - SCD + CPR)
    Destination Clock Delay (DCD):    4.836ns = ( 14.836 - 10.000 ) 
    Source Clock Delay      (SCD):    5.127ns
    Clock Pessimism Removal (CPR):    0.272ns
  Clock Uncertainty:      0.035ns  ((TSJ^2 + TIJ^2)^1/2 + DJ) / 2 + PE
    Total System Jitter     (TSJ):    0.071ns
    Total Input Jitter      (TIJ):    0.000ns
    Discrete Jitter          (DJ):    0.000ns
    Phase Error              (PE):    0.000ns

    Location             Delay type                Incr(ns)  Path(ns)    Netlist Resource(s)
  -------------------------------------------------------------------    -------------------
                         (clock sys_clk_pin rise edge)
                                                      0.000     0.000 r  
    W5                                                0.000     0.000 r  clk (IN)
                         net (fo=0)                   0.000     0.000    clk
    W5                   IBUF (Prop_ibuf_I_O)         1.458     1.458 r  clk_IBUF_inst/O
                         net (fo=1, routed)           1.967     3.425    clk_IBUF
    BUFGCTRL_X0Y0        BUFG (Prop_bufg_I_O)         0.096     3.521 r  clk_IBUF_BUFG_inst/O
                         net (fo=34, routed)          1.606     5.127    clk_IBUF_BUFG
    SLICE_X63Y75         FDCE                                         r  tick_counter_reg[15]/C
  -------------------------------------------------------------------    -------------------
    SLICE_X63Y75         FDCE (Prop_fdce_C_Q)         0.456     5.583 f  tick_counter_reg[15]/Q
                         net (fo=3, routed)           0.875     6.458    tick_counter_reg[15]
    SLICE_X62Y75         LUT4 (Prop_lut4_I0_O)        0.124     6.582 r  bit_ptr[3]_i_9/O
                         net (fo=2, routed)           0.884     7.466    bit_ptr[3]_i_9_n_0
    SLICE_X62Y74         LUT6 (Prop_lut6_I0_O)        0.124     7.590 f  tick_counter[0]_i_7/O
                         net (fo=24, routed)          0.865     8.455    tick_counter[0]_i_7_n_0
    SLICE_X63Y72         LUT5 (Prop_lut5_I4_O)        0.124     8.579 r  tick_counter[0]_i_6/O
                         net (fo=1, routed)           0.000     8.579    tick_counter[0]_i_6_n_0
    SLICE_X63Y72         CARRY4 (Prop_carry4_S[0]_CO[3])
                                                      0.532     9.111 r  tick_counter_reg[0]_i_1/CO[3]
                         net (fo=1, routed)           0.000     9.111    tick_counter_reg[0]_i_1_n_0
    SLICE_X63Y73         CARRY4 (Prop_carry4_CI_CO[3])
                                                      0.114     9.225 r  tick_counter_reg[4]_i_1/CO[3]
                         net (fo=1, routed)           0.000     9.225    tick_counter_reg[4]_i_1_n_0
    SLICE_X63Y74         CARRY4 (Prop_carry4_CI_CO[3])
                                                      0.114     9.339 r  tick_counter_reg[8]_i_1/CO[3]
                         net (fo=1, routed)           0.009     9.348    tick_counter_reg[8]_i_1_n_0
    SLICE_X63Y75         CARRY4 (Prop_carry4_CI_CO[3])
                                                      0.114     9.462 r  tick_counter_reg[12]_i_1/CO[3]
                         net (fo=1, routed)           0.000     9.462    tick_counter_reg[12]_i_1_n_0
    SLICE_X63Y76         CARRY4 (Prop_carry4_CI_CO[3])
                                                      0.114     9.576 r  tick_counter_reg[16]_i_1/CO[3]
                         net (fo=1, routed)           0.000     9.576    tick_counter_reg[16]_i_1_n_0
    SLICE_X63Y77         CARRY4 (Prop_carry4_CI_O[3])
                                                      0.313     9.889 r  tick_counter_reg[20]_i_1/O[3]
                         net (fo=1, routed)           0.000     9.889    tick_counter_reg[20]_i_1_n_4
    SLICE_X63Y77         FDCE                                         r  tick_counter_reg[23]/D
  -------------------------------------------------------------------    -------------------

                         (clock sys_clk_pin rise edge)
                                                     10.000    10.000 r  
    W5                                                0.000    10.000 r  clk (IN)
                         net (fo=0)                   0.000    10.000    clk
    W5                   IBUF (Prop_ibuf_I_O)         1.388    11.388 r  clk_IBUF_inst/O
                         net (fo=1, routed)           1.862    13.250    clk_IBUF
    BUFGCTRL_X0Y0        BUFG (Prop_bufg_I_O)         0.091    13.341 r  clk_IBUF_BUFG_inst/O
                         net (fo=34, routed)          1.495    14.836    clk_IBUF_BUFG
    SLICE_X63Y77         FDCE                                         r  tick_counter_reg[23]/C
                         clock pessimism              0.272    15.108    
                         clock uncertainty           -0.035    15.073    
    SLICE_X63Y77         FDCE (Setup_fdce_C_D)        0.062    15.135    tick_counter_reg[23]
  -------------------------------------------------------------------
                         required time                         15.135    
                         arrival time                          -9.889    
  -------------------------------------------------------------------
                         slack                                  5.245    

Slack (MET) :             5.319ns  (required time - arrival time)
  Source:                 tick_counter_reg[15]/C
                            (rising edge-triggered cell FDCE clocked by sys_clk_pin  {rise@0.000ns fall@5.000ns period=10.000ns})
  Destination:            tick_counter_reg[22]/D
                            (rising edge-triggered cell FDCE clocked by sys_clk_pin  {rise@0.000ns fall@5.000ns period=10.000ns})
  Path Group:             sys_clk_pin
  Path Type:              Setup (Max at Slow Process Corner)
  Requirement:            10.000ns  (sys_clk_pin rise@10.000ns - sys_clk_pin rise@0.000ns)
  Data Path Delay:        4.689ns  (logic 2.055ns (43.830%)  route 2.634ns (56.170%))
  Logic Levels:           9  (CARRY4=6 LUT4=1 LUT5=1 LUT6=1)
  Clock Path Skew:        -0.019ns (DCD - SCD + CPR)
    Destination Clock Delay (DCD):    4.836ns = ( 14.836 - 10.000 ) 
    Source Clock Delay      (SCD):    5.127ns
    Clock Pessimism Removal (CPR):    0.272ns
  Clock Uncertainty:      0.035ns  ((TSJ^2 + TIJ^2)^1/2 + DJ) / 2 + PE
    Total System Jitter     (TSJ):    0.071ns
    Total Input Jitter      (TIJ):    0.000ns
    Discrete Jitter          (DJ):    0.000ns
    Phase Error              (PE):    0.000ns

    Location             Delay type                Incr(ns)  Path(ns)    Netlist Resource(s)
  -------------------------------------------------------------------    -------------------
                         (clock sys_clk_pin rise edge)
                                                      0.000     0.000 r  
    W5                                                0.000     0.000 r  clk (IN)
                         net (fo=0)                   0.000     0.000    clk
    W5                   IBUF (Prop_ibuf_I_O)         1.458     1.458 r  clk_IBUF_inst/O
                         net (fo=1, routed)           1.967     3.425    clk_IBUF
    BUFGCTRL_X0Y0        BUFG (Prop_bufg_I_O)         0.096     3.521 r  clk_IBUF_BUFG_inst/O
                         net (fo=34, routed)          1.606     5.127    clk_IBUF_BUFG
    SLICE_X63Y75         FDCE                                         r  tick_counter_reg[15]/C
  -------------------------------------------------------------------    -------------------
    SLICE_X63Y75         FDCE (Prop_fdce_C_Q)         0.456     5.583 f  tick_counter_reg[15]/Q
                         net (fo=3, routed)           0.875     6.458    tick_counter_reg[15]
    SLICE_X62Y75         LUT4 (Prop_lut4_I0_O)        0.124     6.582 r  bit_ptr[3]_i_9/O
                         net (fo=2, routed)           0.884     7.466    bit_ptr[3]_i_9_n_0
    SLICE_X62Y74         LUT6 (Prop_lut6_I0_O)        0.124     7.590 f  tick_counter[0]_i_7/O
                         net (fo=24, routed)          0.865     8.455    tick_counter[0]_i_7_n_0
    SLICE_X63Y72         LUT5 (Prop_lut5_I4_O)        0.124     8.579 r  tick_counter[0]_i_6/O
                         net (fo=1, routed)           0.000     8.579    tick_counter[0]_i_6_n_0
    SLICE_X63Y72         CARRY4 (Prop_carry4_S[0]_CO[3])
                                                      0.532     9.111 r  tick_counter_reg[0]_i_1/CO[3]
                         net (fo=1, routed)           0.000     9.111    tick_counter_reg[0]_i_1_n_0
    SLICE_X63Y73         CARRY4 (Prop_carry4_CI_CO[3])
                                                      0.114     9.225 r  tick_counter_reg[4]_i_1/CO[3]
                         net (fo=1, routed)           0.000     9.225    tick_counter_reg[4]_i_1_n_0
    SLICE_X63Y74         CARRY4 (Prop_carry4_CI_CO[3])
                                                      0.114     9.339 r  tick_counter_reg[8]_i_1/CO[3]
                         net (fo=1, routed)           0.009     9.348    tick_counter_reg[8]_i_1_n_0
    SLICE_X63Y75         CARRY4 (Prop_carry4_CI_CO[3])
                                                      0.114     9.462 r  tick_counter_reg[12]_i_1/CO[3]
                         net (fo=1, routed)           0.000     9.462    tick_counter_reg[12]_i_1_n_0
    SLICE_X63Y76         CARRY4 (Prop_carry4_CI_CO[3])
                                                      0.114     9.576 r  tick_counter_reg[16]_i_1/CO[3]
                         net (fo=1, routed)           0.000     9.576    tick_counter_reg[16]_i_1_n_0
    SLICE_X63Y77         CARRY4 (Prop_carry4_CI_O[2])
                                                      0.239     9.815 r  tick_counter_reg[20]_i_1/O[2]
                         net (fo=1, routed)           0.000     9.815    tick_counter_reg[20]_i_1_n_5
    SLICE_X63Y77         FDCE                                         r  tick_counter_reg[22]/D
  -------------------------------------------------------------------    -------------------

                         (clock sys_clk_pin rise edge)
                                                     10.000    10.000 r  
    W5                                                0.000    10.000 r  clk (IN)
                         net (fo=0)                   0.000    10.000    clk
    W5                   IBUF (Prop_ibuf_I_O)         1.388    11.388 r  clk_IBUF_inst/O
                         net (fo=1, routed)           1.862    13.250    clk_IBUF
    BUFGCTRL_X0Y0        BUFG (Prop_bufg_I_O)         0.091    13.341 r  clk_IBUF_BUFG_inst/O
                         net (fo=34, routed)          1.495    14.836    clk_IBUF_BUFG
    SLICE_X63Y77         FDCE                                         r  tick_counter_reg[22]/C
                         clock pessimism              0.272    15.108    
                         clock uncertainty           -0.035    15.073    
    SLICE_X63Y77         FDCE (Setup_fdce_C_D)        0.062    15.135    tick_counter_reg[22]
  -------------------------------------------------------------------
                         required time                         15.135    
                         arrival time                          -9.815    
  -------------------------------------------------------------------
                         slack                                  5.319    

Slack (MET) :             5.335ns  (required time - arrival time)
  Source:                 tick_counter_reg[15]/C
                            (rising edge-triggered cell FDCE clocked by sys_clk_pin  {rise@0.000ns fall@5.000ns period=10.000ns})
  Destination:            tick_counter_reg[20]/D
                            (rising edge-triggered cell FDCE clocked by sys_clk_pin  {rise@0.000ns fall@5.000ns period=10.000ns})
  Path Group:             sys_clk_pin
  Path Type:              Setup (Max at Slow Process Corner)
  Requirement:            10.000ns  (sys_clk_pin rise@10.000ns - sys_clk_pin rise@0.000ns)
  Data Path Delay:        4.673ns  (logic 2.039ns (43.638%)  route 2.634ns (56.362%))
  Logic Levels:           9  (CARRY4=6 LUT4=1 LUT5=1 LUT6=1)
  Clock Path Skew:        -0.019ns (DCD - SCD + CPR)
    Destination Clock Delay (DCD):    4.836ns = ( 14.836 - 10.000 ) 
    Source Clock Delay      (SCD):    5.127ns
    Clock Pessimism Removal (CPR):    0.272ns
  Clock Uncertainty:      0.035ns  ((TSJ^2 + TIJ^2)^1/2 + DJ) / 2 + PE
    Total System Jitter     (TSJ):    0.071ns
    Total Input Jitter      (TIJ):    0.000ns
    Discrete Jitter          (DJ):    0.000ns
    Phase Error              (PE):    0.000ns

    Location             Delay type                Incr(ns)  Path(ns)    Netlist Resource(s)
  -------------------------------------------------------------------    -------------------
                         (clock sys_clk_pin rise edge)
                                                      0.000     0.000 r  
    W5                                                0.000     0.000 r  clk (IN)
                         net (fo=0)                   0.000     0.000    clk
    W5                   IBUF (Prop_ibuf_I_O)         1.458     1.458 r  clk_IBUF_inst/O
                         net (fo=1, routed)           1.967     3.425    clk_IBUF
    BUFGCTRL_X0Y0        BUFG (Prop_bufg_I_O)         0.096     3.521 r  clk_IBUF_BUFG_inst/O
                         net (fo=34, routed)          1.606     5.127    clk_IBUF_BUFG
    SLICE_X63Y75         FDCE                                         r  tick_counter_reg[15]/C
  -------------------------------------------------------------------    -------------------
    SLICE_X63Y75         FDCE (Prop_fdce_C_Q)         0.456     5.583 f  tick_counter_reg[15]/Q
                         net (fo=3, routed)           0.875     6.458    tick_counter_reg[15]
    SLICE_X62Y75         LUT4 (Prop_lut4_I0_O)        0.124     6.582 r  bit_ptr[3]_i_9/O
                         net (fo=2, routed)           0.884     7.466    bit_ptr[3]_i_9_n_0
    SLICE_X62Y74         LUT6 (Prop_lut6_I0_O)        0.124     7.590 f  tick_counter[0]_i_7/O
                         net (fo=24, routed)          0.865     8.455    tick_counter[0]_i_7_n_0
    SLICE_X63Y72         LUT5 (Prop_lut5_I4_O)        0.124     8.579 r  tick_counter[0]_i_6/O
                         net (fo=1, routed)           0.000     8.579    tick_counter[0]_i_6_n_0
    SLICE_X63Y72         CARRY4 (Prop_carry4_S[0]_CO[3])
                                                      0.532     9.111 r  tick_counter_reg[0]_i_1/CO[3]
                         net (fo=1, routed)           0.000     9.111    tick_counter_reg[0]_i_1_n_0
    SLICE_X63Y73         CARRY4 (Prop_carry4_CI_CO[3])
                                                      0.114     9.225 r  tick_counter_reg[4]_i_1/CO[3]
                         net (fo=1, routed)           0.000     9.225    tick_counter_reg[4]_i_1_n_0
    SLICE_X63Y74         CARRY4 (Prop_carry4_CI_CO[3])
                                                      0.114     9.339 r  tick_counter_reg[8]_i_1/CO[3]
                         net (fo=1, routed)           0.009     9.348    tick_counter_reg[8]_i_1_n_0
    SLICE_X63Y75         CARRY4 (Prop_carry4_CI_CO[3])
                                                      0.114     9.462 r  tick_counter_reg[12]_i_1/CO[3]
                         net (fo=1, routed)           0.000     9.462    tick_counter_reg[12]_i_1_n_0
    SLICE_X63Y76         CARRY4 (Prop_carry4_CI_CO[3])
                                                      0.114     9.576 r  tick_counter_reg[16]_i_1/CO[3]
                         net (fo=1, routed)           0.000     9.576    tick_counter_reg[16]_i_1_n_0
    SLICE_X63Y77         CARRY4 (Prop_carry4_CI_O[0])
                                                      0.223     9.799 r  tick_counter_reg[20]_i_1/O[0]
                         net (fo=1, routed)           0.000     9.799    tick_counter_reg[20]_i_1_n_7
    SLICE_X63Y77         FDCE                                         r  tick_counter_reg[20]/D
  -------------------------------------------------------------------    -------------------

                         (clock sys_clk_pin rise edge)
                                                     10.000    10.000 r  
    W5                                                0.000    10.000 r  clk (IN)
                         net (fo=0)                   0.000    10.000    clk
    W5                   IBUF (Prop_ibuf_I_O)         1.388    11.388 r  clk_IBUF_inst/O
                         net (fo=1, routed)           1.862    13.250    clk_IBUF
    BUFGCTRL_X0Y0        BUFG (Prop_bufg_I_O)         0.091    13.341 r  clk_IBUF_BUFG_inst/O
                         net (fo=34, routed)          1.495    14.836    clk_IBUF_BUFG
    SLICE_X63Y77         FDCE                                         r  tick_counter_reg[20]/C
                         clock pessimism              0.272    15.108    
                         clock uncertainty           -0.035    15.073    
    SLICE_X63Y77         FDCE (Setup_fdce_C_D)        0.062    15.135    tick_counter_reg[20]
  -------------------------------------------------------------------
                         required time                         15.135    
                         arrival time                          -9.799    
  -------------------------------------------------------------------
                         slack                                  5.335    

Slack (MET) :             5.337ns  (required time - arrival time)
  Source:                 tick_counter_reg[15]/C
                            (rising edge-triggered cell FDCE clocked by sys_clk_pin  {rise@0.000ns fall@5.000ns period=10.000ns})
  Destination:            tick_counter_reg[17]/D
                            (rising edge-triggered cell FDCE clocked by sys_clk_pin  {rise@0.000ns fall@5.000ns period=10.000ns})
  Path Group:             sys_clk_pin
  Path Type:              Setup (Max at Slow Process Corner)
  Requirement:            10.000ns  (sys_clk_pin rise@10.000ns - sys_clk_pin rise@0.000ns)
  Data Path Delay:        4.670ns  (logic 2.036ns (43.601%)  route 2.634ns (56.399%))
  Logic Levels:           8  (CARRY4=5 LUT4=1 LUT5=1 LUT6=1)
  Clock Path Skew:        -0.020ns (DCD - SCD + CPR)
    Destination Clock Delay (DCD):    4.835ns = ( 14.835 - 10.000 ) 
    Source Clock Delay      (SCD):    5.127ns
    Clock Pessimism Removal (CPR):    0.272ns
  Clock Uncertainty:      0.035ns  ((TSJ^2 + TIJ^2)^1/2 + DJ) / 2 + PE
    Total System Jitter     (TSJ):    0.071ns
    Total Input Jitter      (TIJ):    0.000ns
    Discrete Jitter          (DJ):    0.000ns
    Phase Error              (PE):    0.000ns

    Location             Delay type                Incr(ns)  Path(ns)    Netlist Resource(s)
  -------------------------------------------------------------------    -------------------
                         (clock sys_clk_pin rise edge)
                                                      0.000     0.000 r  
    W5                                                0.000     0.000 r  clk (IN)
                         net (fo=0)                   0.000     0.000    clk
    W5                   IBUF (Prop_ibuf_I_O)         1.458     1.458 r  clk_IBUF_inst/O
                         net (fo=1, routed)           1.967     3.425    clk_IBUF
    BUFGCTRL_X0Y0        BUFG (Prop_bufg_I_O)         0.096     3.521 r  clk_IBUF_BUFG_inst/O
                         net (fo=34, routed)          1.606     5.127    clk_IBUF_BUFG
    SLICE_X63Y75         FDCE                                         r  tick_counter_reg[15]/C
  -------------------------------------------------------------------    -------------------
    SLICE_X63Y75         FDCE (Prop_fdce_C_Q)         0.456     5.583 f  tick_counter_reg[15]/Q
                         net (fo=3, routed)           0.875     6.458    tick_counter_reg[15]
    SLICE_X62Y75         LUT4 (Prop_lut4_I0_O)        0.124     6.582 r  bit_ptr[3]_i_9/O
                         net (fo=2, routed)           0.884     7.466    bit_ptr[3]_i_9_n_0
    SLICE_X62Y74         LUT6 (Prop_lut6_I0_O)        0.124     7.590 f  tick_counter[0]_i_7/O
                         net (fo=24, routed)          0.865     8.455    tick_counter[0]_i_7_n_0
    SLICE_X63Y72         LUT5 (Prop_lut5_I4_O)        0.124     8.579 r  tick_counter[0]_i_6/O
                         net (fo=1, routed)           0.000     8.579    tick_counter[0]_i_6_n_0
    SLICE_X63Y72         CARRY4 (Prop_carry4_S[0]_CO[3])
                                                      0.532     9.111 r  tick_counter_reg[0]_i_1/CO[3]
                         net (fo=1, routed)           0.000     9.111    tick_counter_reg[0]_i_1_n_0
    SLICE_X63Y73         CARRY4 (Prop_carry4_CI_CO[3])
                                                      0.114     9.225 r  tick_counter_reg[4]_i_1/CO[3]
                         net (fo=1, routed)           0.000     9.225    tick_counter_reg[4]_i_1_n_0
    SLICE_X63Y74         CARRY4 (Prop_carry4_CI_CO[3])
                                                      0.114     9.339 r  tick_counter_reg[8]_i_1/CO[3]
                         net (fo=1, routed)           0.009     9.348    tick_counter_reg[8]_i_1_n_0
    SLICE_X63Y75         CARRY4 (Prop_carry4_CI_CO[3])
                                                      0.114     9.462 r  tick_counter_reg[12]_i_1/CO[3]
                         net (fo=1, routed)           0.000     9.462    tick_counter_reg[12]_i_1_n_0
    SLICE_X63Y76         CARRY4 (Prop_carry4_CI_O[1])
                                                      0.334     9.796 r  tick_counter_reg[16]_i_1/O[1]
                         net (fo=1, routed)           0.000     9.796    tick_counter_reg[16]_i_1_n_6
    SLICE_X63Y76         FDCE                                         r  tick_counter_reg[17]/D
  -------------------------------------------------------------------    -------------------

                         (clock sys_clk_pin rise edge)
                                                     10.000    10.000 r  
    W5                                                0.000    10.000 r  clk (IN)
                         net (fo=0)                   0.000    10.000    clk
    W5                   IBUF (Prop_ibuf_I_O)         1.388    11.388 r  clk_IBUF_inst/O
                         net (fo=1, routed)           1.862    13.250    clk_IBUF
    BUFGCTRL_X0Y0        BUFG (Prop_bufg_I_O)         0.091    13.341 r  clk_IBUF_BUFG_inst/O
                         net (fo=34, routed)          1.494    14.835    clk_IBUF_BUFG
    SLICE_X63Y76         FDCE                                         r  tick_counter_reg[17]/C
                         clock pessimism              0.272    15.107    
                         clock uncertainty           -0.035    15.072    
    SLICE_X63Y76         FDCE (Setup_fdce_C_D)        0.062    15.134    tick_counter_reg[17]
  -------------------------------------------------------------------
                         required time                         15.134    
                         arrival time                          -9.796    
  -------------------------------------------------------------------
                         slack                                  5.337    

Slack (MET) :             5.358ns  (required time - arrival time)
  Source:                 tick_counter_reg[15]/C
                            (rising edge-triggered cell FDCE clocked by sys_clk_pin  {rise@0.000ns fall@5.000ns period=10.000ns})
  Destination:            tick_counter_reg[19]/D
                            (rising edge-triggered cell FDCE clocked by sys_clk_pin  {rise@0.000ns fall@5.000ns period=10.000ns})
  Path Group:             sys_clk_pin
  Path Type:              Setup (Max at Slow Process Corner)
  Requirement:            10.000ns  (sys_clk_pin rise@10.000ns - sys_clk_pin rise@0.000ns)
  Data Path Delay:        4.649ns  (logic 2.015ns (43.347%)  route 2.634ns (56.653%))
  Logic Levels:           8  (CARRY4=5 LUT4=1 LUT5=1 LUT6=1)
  Clock Path Skew:        -0.020ns (DCD - SCD + CPR)
    Destination Clock Delay (DCD):    4.835ns = ( 14.835 - 10.000 ) 
    Source Clock Delay      (SCD):    5.127ns
    Clock Pessimism Removal (CPR):    0.272ns
  Clock Uncertainty:      0.035ns  ((TSJ^2 + TIJ^2)^1/2 + DJ) / 2 + PE
    Total System Jitter     (TSJ):    0.071ns
    Total Input Jitter      (TIJ):    0.000ns
    Discrete Jitter          (DJ):    0.000ns
    Phase Error              (PE):    0.000ns

    Location             Delay type                Incr(ns)  Path(ns)    Netlist Resource(s)
  -------------------------------------------------------------------    -------------------
                         (clock sys_clk_pin rise edge)
                                                      0.000     0.000 r  
    W5                                                0.000     0.000 r  clk (IN)
                         net (fo=0)                   0.000     0.000    clk
    W5                   IBUF (Prop_ibuf_I_O)         1.458     1.458 r  clk_IBUF_inst/O
                         net (fo=1, routed)           1.967     3.425    clk_IBUF
    BUFGCTRL_X0Y0        BUFG (Prop_bufg_I_O)         0.096     3.521 r  clk_IBUF_BUFG_inst/O
                         net (fo=34, routed)          1.606     5.127    clk_IBUF_BUFG
    SLICE_X63Y75         FDCE                                         r  tick_counter_reg[15]/C
  -------------------------------------------------------------------    -------------------
    SLICE_X63Y75         FDCE (Prop_fdce_C_Q)         0.456     5.583 f  tick_counter_reg[15]/Q
                         net (fo=3, routed)           0.875     6.458    tick_counter_reg[15]
    SLICE_X62Y75         LUT4 (Prop_lut4_I0_O)        0.124     6.582 r  bit_ptr[3]_i_9/O
                         net (fo=2, routed)           0.884     7.466    bit_ptr[3]_i_9_n_0
    SLICE_X62Y74         LUT6 (Prop_lut6_I0_O)        0.124     7.590 f  tick_counter[0]_i_7/O
                         net (fo=24, routed)          0.865     8.455    tick_counter[0]_i_7_n_0
    SLICE_X63Y72         LUT5 (Prop_lut5_I4_O)        0.124     8.579 r  tick_counter[0]_i_6/O
                         net (fo=1, routed)           0.000     8.579    tick_counter[0]_i_6_n_0
    SLICE_X63Y72         CARRY4 (Prop_carry4_S[0]_CO[3])
                                                      0.532     9.111 r  tick_counter_reg[0]_i_1/CO[3]
                         net (fo=1, routed)           0.000     9.111    tick_counter_reg[0]_i_1_n_0
    SLICE_X63Y73         CARRY4 (Prop_carry4_CI_CO[3])
                                                      0.114     9.225 r  tick_counter_reg[4]_i_1/CO[3]
                         net (fo=1, routed)           0.000     9.225    tick_counter_reg[4]_i_1_n_0
    SLICE_X63Y74         CARRY4 (Prop_carry4_CI_CO[3])
                                                      0.114     9.339 r  tick_counter_reg[8]_i_1/CO[3]
                         net (fo=1, routed)           0.009     9.348    tick_counter_reg[8]_i_1_n_0
    SLICE_X63Y75         CARRY4 (Prop_carry4_CI_CO[3])
                                                      0.114     9.462 r  tick_counter_reg[12]_i_1/CO[3]
                         net (fo=1, routed)           0.000     9.462    tick_counter_reg[12]_i_1_n_0
    SLICE_X63Y76         CARRY4 (Prop_carry4_CI_O[3])
                                                      0.313     9.775 r  tick_counter_reg[16]_i_1/O[3]
                         net (fo=1, routed)           0.000     9.775    tick_counter_reg[16]_i_1_n_4
    SLICE_X63Y76         FDCE                                         r  tick_counter_reg[19]/D
  -------------------------------------------------------------------    -------------------

                         (clock sys_clk_pin rise edge)
                                                     10.000    10.000 r  
    W5                                                0.000    10.000 r  clk (IN)
                         net (fo=0)                   0.000    10.000    clk
    W5                   IBUF (Prop_ibuf_I_O)         1.388    11.388 r  clk_IBUF_inst/O
                         net (fo=1, routed)           1.862    13.250    clk_IBUF
    BUFGCTRL_X0Y0        BUFG (Prop_bufg_I_O)         0.091    13.341 r  clk_IBUF_BUFG_inst/O
                         net (fo=34, routed)          1.494    14.835    clk_IBUF_BUFG
    SLICE_X63Y76         FDCE                                         r  tick_counter_reg[19]/C
                         clock pessimism              0.272    15.107    
                         clock uncertainty           -0.035    15.072    
    SLICE_X63Y76         FDCE (Setup_fdce_C_D)        0.062    15.134    tick_counter_reg[19]
  -------------------------------------------------------------------
                         required time                         15.134    
                         arrival time                          -9.775    
  -------------------------------------------------------------------
                         slack                                  5.358    





Min Delay Paths
--------------------------------------------------------------------------------------
Slack (MET) :             0.275ns  (arrival time - required time)
  Source:                 bit_ptr_reg[0]/C
                            (rising edge-triggered cell FDPE clocked by sys_clk_pin  {rise@0.000ns fall@5.000ns period=10.000ns})
  Destination:            bit_ptr_reg[1]/D
                            (rising edge-triggered cell FDPE clocked by sys_clk_pin  {rise@0.000ns fall@5.000ns period=10.000ns})
  Path Group:             sys_clk_pin
  Path Type:              Hold (Min at Fast Process Corner)
  Requirement:            0.000ns  (sys_clk_pin rise@0.000ns - sys_clk_pin rise@0.000ns)
  Data Path Delay:        0.406ns  (logic 0.207ns (51.043%)  route 0.199ns (48.957%))
  Logic Levels:           1  (LUT2=1)
  Clock Path Skew:        0.000ns (DCD - SCD - CPR)
    Destination Clock Delay (DCD):    1.975ns
    Source Clock Delay      (SCD):    1.463ns
    Clock Pessimism Removal (CPR):    0.512ns

    Location             Delay type                Incr(ns)  Path(ns)    Netlist Resource(s)
  -------------------------------------------------------------------    -------------------
                         (clock sys_clk_pin rise edge)
                                                      0.000     0.000 r  
    W5                                                0.000     0.000 r  clk (IN)
                         net (fo=0)                   0.000     0.000    clk
    W5                   IBUF (Prop_ibuf_I_O)         0.226     0.226 r  clk_IBUF_inst/O
                         net (fo=1, routed)           0.631     0.858    clk_IBUF
    BUFGCTRL_X0Y0        BUFG (Prop_bufg_I_O)         0.026     0.884 r  clk_IBUF_BUFG_inst/O
                         net (fo=34, routed)          0.580     1.463    clk_IBUF_BUFG
    SLICE_X64Y74         FDPE                                         r  bit_ptr_reg[0]/C
  -------------------------------------------------------------------    -------------------
    SLICE_X64Y74         FDPE (Prop_fdpe_C_Q)         0.164     1.627 r  bit_ptr_reg[0]/Q
                         net (fo=9, routed)           0.199     1.826    bit_idx_OBUF[0]
    SLICE_X64Y74         LUT2 (Prop_lut2_I0_O)        0.043     1.869 r  bit_ptr[1]_i_1/O
                         net (fo=1, routed)           0.000     1.869    bit_ptr[1]_i_1_n_0
    SLICE_X64Y74         FDPE                                         r  bit_ptr_reg[1]/D
  -------------------------------------------------------------------    -------------------

                         (clock sys_clk_pin rise edge)
                                                      0.000     0.000 r  
    W5                                                0.000     0.000 r  clk (IN)
                         net (fo=0)                   0.000     0.000    clk
    W5                   IBUF (Prop_ibuf_I_O)         0.414     0.414 r  clk_IBUF_inst/O
                         net (fo=1, routed)           0.685     1.099    clk_IBUF
    BUFGCTRL_X0Y0        BUFG (Prop_bufg_I_O)         0.029     1.128 r  clk_IBUF_BUFG_inst/O
                         net (fo=34, routed)          0.847     1.975    clk_IBUF_BUFG
    SLICE_X64Y74         FDPE                                         r  bit_ptr_reg[1]/C
                         clock pessimism             -0.512     1.463    
    SLICE_X64Y74         FDPE (Hold_fdpe_C_D)         0.131     1.594    bit_ptr_reg[1]
  -------------------------------------------------------------------
                         required time                         -1.594    
                         arrival time                           1.869    
  -------------------------------------------------------------------
                         slack                                  0.275    

Slack (MET) :             0.275ns  (arrival time - required time)
  Source:                 bit_ptr_reg[0]/C
                            (rising edge-triggered cell FDPE clocked by sys_clk_pin  {rise@0.000ns fall@5.000ns period=10.000ns})
  Destination:            bit_ptr_reg[3]/D
                            (rising edge-triggered cell FDPE clocked by sys_clk_pin  {rise@0.000ns fall@5.000ns period=10.000ns})
  Path Group:             sys_clk_pin
  Path Type:              Hold (Min at Fast Process Corner)
  Requirement:            0.000ns  (sys_clk_pin rise@0.000ns - sys_clk_pin rise@0.000ns)
  Data Path Delay:        0.406ns  (logic 0.207ns (51.043%)  route 0.199ns (48.957%))
  Logic Levels:           1  (LUT4=1)
  Clock Path Skew:        0.000ns (DCD - SCD - CPR)
    Destination Clock Delay (DCD):    1.975ns
    Source Clock Delay      (SCD):    1.463ns
    Clock Pessimism Removal (CPR):    0.512ns

    Location             Delay type                Incr(ns)  Path(ns)    Netlist Resource(s)
  -------------------------------------------------------------------    -------------------
                         (clock sys_clk_pin rise edge)
                                                      0.000     0.000 r  
    W5                                                0.000     0.000 r  clk (IN)
                         net (fo=0)                   0.000     0.000    clk
    W5                   IBUF (Prop_ibuf_I_O)         0.226     0.226 r  clk_IBUF_inst/O
                         net (fo=1, routed)           0.631     0.858    clk_IBUF
    BUFGCTRL_X0Y0        BUFG (Prop_bufg_I_O)         0.026     0.884 r  clk_IBUF_BUFG_inst/O
                         net (fo=34, routed)          0.580     1.463    clk_IBUF_BUFG
    SLICE_X64Y74         FDPE                                         r  bit_ptr_reg[0]/C
  -------------------------------------------------------------------    -------------------
    SLICE_X64Y74         FDPE (Prop_fdpe_C_Q)         0.164     1.627 r  bit_ptr_reg[0]/Q
                         net (fo=9, routed)           0.199     1.826    bit_idx_OBUF[0]
    SLICE_X64Y74         LUT4 (Prop_lut4_I2_O)        0.043     1.869 r  bit_ptr[3]_i_2/O
                         net (fo=1, routed)           0.000     1.869    bit_ptr[3]_i_2_n_0
    SLICE_X64Y74         FDPE                                         r  bit_ptr_reg[3]/D
  -------------------------------------------------------------------    -------------------

                         (clock sys_clk_pin rise edge)
                                                      0.000     0.000 r  
    W5                                                0.000     0.000 r  clk (IN)
                         net (fo=0)                   0.000     0.000    clk
    W5                   IBUF (Prop_ibuf_I_O)         0.414     0.414 r  clk_IBUF_inst/O
                         net (fo=1, routed)           0.685     1.099    clk_IBUF
    BUFGCTRL_X0Y0        BUFG (Prop_bufg_I_O)         0.029     1.128 r  clk_IBUF_BUFG_inst/O
                         net (fo=34, routed)          0.847     1.975    clk_IBUF_BUFG
    SLICE_X64Y74         FDPE                                         r  bit_ptr_reg[3]/C
                         clock pessimism             -0.512     1.463    
    SLICE_X64Y74         FDPE (Hold_fdpe_C_D)         0.131     1.594    bit_ptr_reg[3]
  -------------------------------------------------------------------
                         required time                         -1.594    
                         arrival time                           1.869    
  -------------------------------------------------------------------
                         slack                                  0.275    

Slack (MET) :             0.276ns  (arrival time - required time)
  Source:                 clk_25MHz_reg/C
                            (rising edge-triggered cell FDCE clocked by sys_clk_pin  {rise@0.000ns fall@5.000ns period=10.000ns})
  Destination:            clk_25MHz_reg/D
                            (rising edge-triggered cell FDCE clocked by sys_clk_pin  {rise@0.000ns fall@5.000ns period=10.000ns})
  Path Group:             sys_clk_pin
  Path Type:              Hold (Min at Fast Process Corner)
  Requirement:            0.000ns  (sys_clk_pin rise@0.000ns - sys_clk_pin rise@0.000ns)
  Data Path Delay:        0.396ns  (logic 0.209ns (52.720%)  route 0.187ns (47.280%))
  Logic Levels:           1  (LUT2=1)
  Clock Path Skew:        0.000ns (DCD - SCD - CPR)
    Destination Clock Delay (DCD):    1.958ns
    Source Clock Delay      (SCD):    1.444ns
    Clock Pessimism Removal (CPR):    0.514ns

    Location             Delay type                Incr(ns)  Path(ns)    Netlist Resource(s)
  -------------------------------------------------------------------    -------------------
                         (clock sys_clk_pin rise edge)
                                                      0.000     0.000 r  
    W5                                                0.000     0.000 r  clk (IN)
                         net (fo=0)                   0.000     0.000    clk
    W5                   IBUF (Prop_ibuf_I_O)         0.226     0.226 r  clk_IBUF_inst/O
                         net (fo=1, routed)           0.631     0.858    clk_IBUF
    BUFGCTRL_X0Y0        BUFG (Prop_bufg_I_O)         0.026     0.884 r  clk_IBUF_BUFG_inst/O
                         net (fo=34, routed)          0.561     1.444    clk_IBUF_BUFG
    SLICE_X46Y59         FDCE                                         r  clk_25MHz_reg/C
  -------------------------------------------------------------------    -------------------
    SLICE_X46Y59         FDCE (Prop_fdce_C_Q)         0.164     1.608 r  clk_25MHz_reg/Q
                         net (fo=21, routed)          0.187     1.796    clk_25MHz
    SLICE_X46Y59         LUT2 (Prop_lut2_I1_O)        0.045     1.841 r  clk_25MHz_i_1/O
                         net (fo=1, routed)           0.000     1.841    clk_25MHz_i_1_n_0
    SLICE_X46Y59         FDCE                                         r  clk_25MHz_reg/D
  -------------------------------------------------------------------    -------------------

                         (clock sys_clk_pin rise edge)
                                                      0.000     0.000 r  
    W5                                                0.000     0.000 r  clk (IN)
                         net (fo=0)                   0.000     0.000    clk
    W5                   IBUF (Prop_ibuf_I_O)         0.414     0.414 r  clk_IBUF_inst/O
                         net (fo=1, routed)           0.685     1.099    clk_IBUF
    BUFGCTRL_X0Y0        BUFG (Prop_bufg_I_O)         0.029     1.128 r  clk_IBUF_BUFG_inst/O
                         net (fo=34, routed)          0.831     1.958    clk_IBUF_BUFG
    SLICE_X46Y59         FDCE                                         r  clk_25MHz_reg/C
                         clock pessimism             -0.514     1.444    
    SLICE_X46Y59         FDCE (Hold_fdce_C_D)         0.120     1.564    clk_25MHz_reg
  -------------------------------------------------------------------
                         required time                         -1.564    
                         arrival time                           1.841    
  -------------------------------------------------------------------
                         slack                                  0.276    

Slack (MET) :             0.281ns  (arrival time - required time)
  Source:                 current_lvl_reg/C
                            (rising edge-triggered cell FDCE clocked by sys_clk_pin  {rise@0.000ns fall@5.000ns period=10.000ns})
  Destination:            current_lvl_reg/D
                            (rising edge-triggered cell FDCE clocked by sys_clk_pin  {rise@0.000ns fall@5.000ns period=10.000ns})
  Path Group:             sys_clk_pin
  Path Type:              Hold (Min at Fast Process Corner)
  Requirement:            0.000ns  (sys_clk_pin rise@0.000ns - sys_clk_pin rise@0.000ns)
  Data Path Delay:        0.401ns  (logic 0.209ns (52.141%)  route 0.192ns (47.859%))
  Logic Levels:           1  (LUT6=1)
  Clock Path Skew:        0.000ns (DCD - SCD - CPR)
    Destination Clock Delay (DCD):    1.975ns
    Source Clock Delay      (SCD):    1.463ns
    Clock Pessimism Removal (CPR):    0.512ns

    Location             Delay type                Incr(ns)  Path(ns)    Netlist Resource(s)
  -------------------------------------------------------------------    -------------------
                         (clock sys_clk_pin rise edge)
                                                      0.000     0.000 r  
    W5                                                0.000     0.000 r  clk (IN)
                         net (fo=0)                   0.000     0.000    clk
    W5                   IBUF (Prop_ibuf_I_O)         0.226     0.226 r  clk_IBUF_inst/O
                         net (fo=1, routed)           0.631     0.858    clk_IBUF
    BUFGCTRL_X0Y0        BUFG (Prop_bufg_I_O)         0.026     0.884 r  clk_IBUF_BUFG_inst/O
                         net (fo=34, routed)          0.580     1.463    clk_IBUF_BUFG
    SLICE_X64Y75         FDCE                                         r  current_lvl_reg/C
  -------------------------------------------------------------------    -------------------
    SLICE_X64Y75         FDCE (Prop_fdce_C_Q)         0.164     1.627 r  current_lvl_reg/Q
                         net (fo=4, routed)           0.192     1.819    tx_pmod_OBUF
    SLICE_X64Y75         LUT6 (Prop_lut6_I0_O)        0.045     1.864 r  current_lvl_i_1/O
                         net (fo=1, routed)           0.000     1.864    current_lvl
    SLICE_X64Y75         FDCE                                         r  current_lvl_reg/D
  -------------------------------------------------------------------    -------------------

                         (clock sys_clk_pin rise edge)
                                                      0.000     0.000 r  
    W5                                                0.000     0.000 r  clk (IN)
                         net (fo=0)                   0.000     0.000    clk
    W5                   IBUF (Prop_ibuf_I_O)         0.414     0.414 r  clk_IBUF_inst/O
                         net (fo=1, routed)           0.685     1.099    clk_IBUF
    BUFGCTRL_X0Y0        BUFG (Prop_bufg_I_O)         0.029     1.128 r  clk_IBUF_BUFG_inst/O
                         net (fo=34, routed)          0.847     1.975    clk_IBUF_BUFG
    SLICE_X64Y75         FDCE                                         r  current_lvl_reg/C
                         clock pessimism             -0.512     1.463    
    SLICE_X64Y75         FDCE (Hold_fdce_C_D)         0.120     1.583    current_lvl_reg
  -------------------------------------------------------------------
                         required time                         -1.583    
                         arrival time                           1.864    
  -------------------------------------------------------------------
                         slack                                  0.281    

Slack (MET) :             0.287ns  (arrival time - required time)
  Source:                 bit_ptr_reg[0]/C
                            (rising edge-triggered cell FDPE clocked by sys_clk_pin  {rise@0.000ns fall@5.000ns period=10.000ns})
  Destination:            bit_ptr_reg[2]/D
                            (rising edge-triggered cell FDPE clocked by sys_clk_pin  {rise@0.000ns fall@5.000ns period=10.000ns})
  Path Group:             sys_clk_pin
  Path Type:              Hold (Min at Fast Process Corner)
  Requirement:            0.000ns  (sys_clk_pin rise@0.000ns - sys_clk_pin rise@0.000ns)
  Data Path Delay:        0.408ns  (logic 0.209ns (51.283%)  route 0.199ns (48.717%))
  Logic Levels:           1  (LUT3=1)
  Clock Path Skew:        0.000ns (DCD - SCD - CPR)
    Destination Clock Delay (DCD):    1.975ns
    Source Clock Delay      (SCD):    1.463ns
    Clock Pessimism Removal (CPR):    0.512ns

    Location             Delay type                Incr(ns)  Path(ns)    Netlist Resource(s)
  -------------------------------------------------------------------    -------------------
                         (clock sys_clk_pin rise edge)
                                                      0.000     0.000 r  
    W5                                                0.000     0.000 r  clk (IN)
                         net (fo=0)                   0.000     0.000    clk
    W5                   IBUF (Prop_ibuf_I_O)         0.226     0.226 r  clk_IBUF_inst/O
                         net (fo=1, routed)           0.631     0.858    clk_IBUF
    BUFGCTRL_X0Y0        BUFG (Prop_bufg_I_O)         0.026     0.884 r  clk_IBUF_BUFG_inst/O
                         net (fo=34, routed)          0.580     1.463    clk_IBUF_BUFG
    SLICE_X64Y74         FDPE                                         r  bit_ptr_reg[0]/C
  -------------------------------------------------------------------    -------------------
    SLICE_X64Y74         FDPE (Prop_fdpe_C_Q)         0.164     1.627 r  bit_ptr_reg[0]/Q
                         net (fo=9, routed)           0.199     1.826    bit_idx_OBUF[0]
    SLICE_X64Y74         LUT3 (Prop_lut3_I2_O)        0.045     1.871 r  bit_ptr[2]_i_1/O
                         net (fo=1, routed)           0.000     1.871    bit_ptr[2]_i_1_n_0
    SLICE_X64Y74         FDPE                                         r  bit_ptr_reg[2]/D
  -------------------------------------------------------------------    -------------------

                         (clock sys_clk_pin rise edge)
                                                      0.000     0.000 r  
    W5                                                0.000     0.000 r  clk (IN)
                         net (fo=0)                   0.000     0.000    clk
    W5                   IBUF (Prop_ibuf_I_O)         0.414     0.414 r  clk_IBUF_inst/O
                         net (fo=1, routed)           0.685     1.099    clk_IBUF
    BUFGCTRL_X0Y0        BUFG (Prop_bufg_I_O)         0.029     1.128 r  clk_IBUF_BUFG_inst/O
                         net (fo=34, routed)          0.847     1.975    clk_IBUF_BUFG
    SLICE_X64Y74         FDPE                                         r  bit_ptr_reg[2]/C
                         clock pessimism             -0.512     1.463    
    SLICE_X64Y74         FDPE (Hold_fdpe_C_D)         0.121     1.584    bit_ptr_reg[2]
  -------------------------------------------------------------------
                         required time                         -1.584    
                         arrival time                           1.871    
  -------------------------------------------------------------------
                         slack                                  0.287    

Slack (MET) :             0.288ns  (arrival time - required time)
  Source:                 bit_ptr_reg[0]/C
                            (rising edge-triggered cell FDPE clocked by sys_clk_pin  {rise@0.000ns fall@5.000ns period=10.000ns})
  Destination:            bit_ptr_reg[0]/D
                            (rising edge-triggered cell FDPE clocked by sys_clk_pin  {rise@0.000ns fall@5.000ns period=10.000ns})
  Path Group:             sys_clk_pin
  Path Type:              Hold (Min at Fast Process Corner)
  Requirement:            0.000ns  (sys_clk_pin rise@0.000ns - sys_clk_pin rise@0.000ns)
  Data Path Delay:        0.408ns  (logic 0.209ns (51.283%)  route 0.199ns (48.717%))
  Logic Levels:           1  (LUT1=1)
  Clock Path Skew:        0.000ns (DCD - SCD - CPR)
    Destination Clock Delay (DCD):    1.975ns
    Source Clock Delay      (SCD):    1.463ns
    Clock Pessimism Removal (CPR):    0.512ns

    Location             Delay type                Incr(ns)  Path(ns)    Netlist Resource(s)
  -------------------------------------------------------------------    -------------------
                         (clock sys_clk_pin rise edge)
                                                      0.000     0.000 r  
    W5                                                0.000     0.000 r  clk (IN)
                         net (fo=0)                   0.000     0.000    clk
    W5                   IBUF (Prop_ibuf_I_O)         0.226     0.226 r  clk_IBUF_inst/O
                         net (fo=1, routed)           0.631     0.858    clk_IBUF
    BUFGCTRL_X0Y0        BUFG (Prop_bufg_I_O)         0.026     0.884 r  clk_IBUF_BUFG_inst/O
                         net (fo=34, routed)          0.580     1.463    clk_IBUF_BUFG
    SLICE_X64Y74         FDPE                                         r  bit_ptr_reg[0]/C
  -------------------------------------------------------------------    -------------------
    SLICE_X64Y74         FDPE (Prop_fdpe_C_Q)         0.164     1.627 f  bit_ptr_reg[0]/Q
                         net (fo=9, routed)           0.199     1.826    bit_idx_OBUF[0]
    SLICE_X64Y74         LUT1 (Prop_lut1_I0_O)        0.045     1.871 r  bit_ptr[0]_i_1/O
                         net (fo=1, routed)           0.000     1.871    bit_ptr[0]_i_1_n_0
    SLICE_X64Y74         FDPE                                         r  bit_ptr_reg[0]/D
  -------------------------------------------------------------------    -------------------

                         (clock sys_clk_pin rise edge)
                                                      0.000     0.000 r  
    W5                                                0.000     0.000 r  clk (IN)
                         net (fo=0)                   0.000     0.000    clk
    W5                   IBUF (Prop_ibuf_I_O)         0.414     0.414 r  clk_IBUF_inst/O
                         net (fo=1, routed)           0.685     1.099    clk_IBUF
    BUFGCTRL_X0Y0        BUFG (Prop_bufg_I_O)         0.029     1.128 r  clk_IBUF_BUFG_inst/O
                         net (fo=34, routed)          0.847     1.975    clk_IBUF_BUFG
    SLICE_X64Y74         FDPE                                         r  bit_ptr_reg[0]/C
                         clock pessimism             -0.512     1.463    
    SLICE_X64Y74         FDPE (Hold_fdpe_C_D)         0.120     1.583    bit_ptr_reg[0]
  -------------------------------------------------------------------
                         required time                         -1.583    
                         arrival time                           1.871    
  -------------------------------------------------------------------
                         slack                                  0.288    

Slack (MET) :             0.308ns  (arrival time - required time)
  Source:                 tick_counter_reg[26]/C
                            (rising edge-triggered cell FDCE clocked by sys_clk_pin  {rise@0.000ns fall@5.000ns period=10.000ns})
  Destination:            tick_counter_reg[21]/D
                            (rising edge-triggered cell FDCE clocked by sys_clk_pin  {rise@0.000ns fall@5.000ns period=10.000ns})
  Path Group:             sys_clk_pin
  Path Type:              Hold (Min at Fast Process Corner)
  Requirement:            0.000ns  (sys_clk_pin rise@0.000ns - sys_clk_pin rise@0.000ns)
  Data Path Delay:        0.426ns  (logic 0.251ns (58.863%)  route 0.175ns (41.137%))
  Logic Levels:           2  (CARRY4=1 LUT5=1)
  Clock Path Skew:        0.013ns (DCD - SCD - CPR)
    Destination Clock Delay (DCD):    1.978ns
    Source Clock Delay      (SCD):    1.466ns
    Clock Pessimism Removal (CPR):    0.499ns

    Location             Delay type                Incr(ns)  Path(ns)    Netlist Resource(s)
  -------------------------------------------------------------------    -------------------
                         (clock sys_clk_pin rise edge)
                                                      0.000     0.000 r  
    W5                                                0.000     0.000 r  clk (IN)
                         net (fo=0)                   0.000     0.000    clk
    W5                   IBUF (Prop_ibuf_I_O)         0.226     0.226 r  clk_IBUF_inst/O
                         net (fo=1, routed)           0.631     0.858    clk_IBUF
    BUFGCTRL_X0Y0        BUFG (Prop_bufg_I_O)         0.026     0.884 r  clk_IBUF_BUFG_inst/O
                         net (fo=34, routed)          0.583     1.466    clk_IBUF_BUFG
    SLICE_X63Y78         FDCE                                         r  tick_counter_reg[26]/C
  -------------------------------------------------------------------    -------------------
    SLICE_X63Y78         FDCE (Prop_fdce_C_Q)         0.141     1.607 f  tick_counter_reg[26]/Q
                         net (fo=30, routed)          0.175     1.783    tick_counter_reg[26]
    SLICE_X63Y77         LUT5 (Prop_lut5_I4_O)        0.045     1.828 r  tick_counter[20]_i_4/O
                         net (fo=1, routed)           0.000     1.828    tick_counter[20]_i_4_n_0
    SLICE_X63Y77         CARRY4 (Prop_carry4_S[1]_O[1])
                                                      0.065     1.893 r  tick_counter_reg[20]_i_1/O[1]
                         net (fo=1, routed)           0.000     1.893    tick_counter_reg[20]_i_1_n_6
    SLICE_X63Y77         FDCE                                         r  tick_counter_reg[21]/D
  -------------------------------------------------------------------    -------------------

                         (clock sys_clk_pin rise edge)
                                                      0.000     0.000 r  
    W5                                                0.000     0.000 r  clk (IN)
                         net (fo=0)                   0.000     0.000    clk
    W5                   IBUF (Prop_ibuf_I_O)         0.414     0.414 r  clk_IBUF_inst/O
                         net (fo=1, routed)           0.685     1.099    clk_IBUF
    BUFGCTRL_X0Y0        BUFG (Prop_bufg_I_O)         0.029     1.128 r  clk_IBUF_BUFG_inst/O
                         net (fo=34, routed)          0.850     1.978    clk_IBUF_BUFG
    SLICE_X63Y77         FDCE                                         r  tick_counter_reg[21]/C
                         clock pessimism             -0.499     1.479    
    SLICE_X63Y77         FDCE (Hold_fdce_C_D)         0.105     1.584    tick_counter_reg[21]
  -------------------------------------------------------------------
                         required time                         -1.584    
                         arrival time                           1.893    
  -------------------------------------------------------------------
                         slack                                  0.308    

Slack (MET) :             0.313ns  (arrival time - required time)
  Source:                 tick_counter_reg[11]/C
                            (rising edge-triggered cell FDCE clocked by sys_clk_pin  {rise@0.000ns fall@5.000ns period=10.000ns})
  Destination:            tick_counter_reg[11]/D
                            (rising edge-triggered cell FDCE clocked by sys_clk_pin  {rise@0.000ns fall@5.000ns period=10.000ns})
  Path Group:             sys_clk_pin
  Path Type:              Hold (Min at Fast Process Corner)
  Requirement:            0.000ns  (sys_clk_pin rise@0.000ns - sys_clk_pin rise@0.000ns)
  Data Path Delay:        0.418ns  (logic 0.249ns (59.540%)  route 0.169ns (40.460%))
  Logic Levels:           2  (CARRY4=1 LUT5=1)
  Clock Path Skew:        0.000ns (DCD - SCD - CPR)
    Destination Clock Delay (DCD):    1.975ns
    Source Clock Delay      (SCD):    1.463ns
    Clock Pessimism Removal (CPR):    0.512ns

    Location             Delay type                Incr(ns)  Path(ns)    Netlist Resource(s)
  -------------------------------------------------------------------    -------------------
                         (clock sys_clk_pin rise edge)
                                                      0.000     0.000 r  
    W5                                                0.000     0.000 r  clk (IN)
                         net (fo=0)                   0.000     0.000    clk
    W5                   IBUF (Prop_ibuf_I_O)         0.226     0.226 r  clk_IBUF_inst/O
                         net (fo=1, routed)           0.631     0.858    clk_IBUF
    BUFGCTRL_X0Y0        BUFG (Prop_bufg_I_O)         0.026     0.884 r  clk_IBUF_BUFG_inst/O
                         net (fo=34, routed)          0.580     1.463    clk_IBUF_BUFG
    SLICE_X63Y74         FDCE                                         r  tick_counter_reg[11]/C
  -------------------------------------------------------------------    -------------------
    SLICE_X63Y74         FDCE (Prop_fdce_C_Q)         0.141     1.604 r  tick_counter_reg[11]/Q
                         net (fo=3, routed)           0.169     1.773    tick_counter_reg[11]
    SLICE_X63Y74         LUT5 (Prop_lut5_I0_O)        0.045     1.818 r  tick_counter[8]_i_2/O
                         net (fo=1, routed)           0.000     1.818    tick_counter[8]_i_2_n_0
    SLICE_X63Y74         CARRY4 (Prop_carry4_S[3]_O[3])
                                                      0.063     1.881 r  tick_counter_reg[8]_i_1/O[3]
                         net (fo=1, routed)           0.000     1.881    tick_counter_reg[8]_i_1_n_4
    SLICE_X63Y74         FDCE                                         r  tick_counter_reg[11]/D
  -------------------------------------------------------------------    -------------------

                         (clock sys_clk_pin rise edge)
                                                      0.000     0.000 r  
    W5                                                0.000     0.000 r  clk (IN)
                         net (fo=0)                   0.000     0.000    clk
    W5                   IBUF (Prop_ibuf_I_O)         0.414     0.414 r  clk_IBUF_inst/O
                         net (fo=1, routed)           0.685     1.099    clk_IBUF
    BUFGCTRL_X0Y0        BUFG (Prop_bufg_I_O)         0.029     1.128 r  clk_IBUF_BUFG_inst/O
                         net (fo=34, routed)          0.847     1.975    clk_IBUF_BUFG
    SLICE_X63Y74         FDCE                                         r  tick_counter_reg[11]/C
                         clock pessimism             -0.512     1.463    
    SLICE_X63Y74         FDCE (Hold_fdce_C_D)         0.105     1.568    tick_counter_reg[11]
  -------------------------------------------------------------------
                         required time                         -1.568    
                         arrival time                           1.881    
  -------------------------------------------------------------------
                         slack                                  0.313    

Slack (MET) :             0.314ns  (arrival time - required time)
  Source:                 tick_counter_reg[3]/C
                            (rising edge-triggered cell FDCE clocked by sys_clk_pin  {rise@0.000ns fall@5.000ns period=10.000ns})
  Destination:            tick_counter_reg[3]/D
                            (rising edge-triggered cell FDCE clocked by sys_clk_pin  {rise@0.000ns fall@5.000ns period=10.000ns})
  Path Group:             sys_clk_pin
  Path Type:              Hold (Min at Fast Process Corner)
  Requirement:            0.000ns  (sys_clk_pin rise@0.000ns - sys_clk_pin rise@0.000ns)
  Data Path Delay:        0.419ns  (logic 0.249ns (59.384%)  route 0.170ns (40.616%))
  Logic Levels:           2  (CARRY4=1 LUT5=1)
  Clock Path Skew:        0.000ns (DCD - SCD - CPR)
    Destination Clock Delay (DCD):    1.978ns
    Source Clock Delay      (SCD):    1.466ns
    Clock Pessimism Removal (CPR):    0.512ns

    Location             Delay type                Incr(ns)  Path(ns)    Netlist Resource(s)
  -------------------------------------------------------------------    -------------------
                         (clock sys_clk_pin rise edge)
                                                      0.000     0.000 r  
    W5                                                0.000     0.000 r  clk (IN)
                         net (fo=0)                   0.000     0.000    clk
    W5                   IBUF (Prop_ibuf_I_O)         0.226     0.226 r  clk_IBUF_inst/O
                         net (fo=1, routed)           0.631     0.858    clk_IBUF
    BUFGCTRL_X0Y0        BUFG (Prop_bufg_I_O)         0.026     0.884 r  clk_IBUF_BUFG_inst/O
                         net (fo=34, routed)          0.583     1.466    clk_IBUF_BUFG
    SLICE_X63Y72         FDCE                                         r  tick_counter_reg[3]/C
  -------------------------------------------------------------------    -------------------
    SLICE_X63Y72         FDCE (Prop_fdce_C_Q)         0.141     1.607 r  tick_counter_reg[3]/Q
                         net (fo=3, routed)           0.170     1.778    tick_counter_reg[3]
    SLICE_X63Y72         LUT5 (Prop_lut5_I0_O)        0.045     1.823 r  tick_counter[0]_i_3/O
                         net (fo=1, routed)           0.000     1.823    tick_counter[0]_i_3_n_0
    SLICE_X63Y72         CARRY4 (Prop_carry4_S[3]_O[3])
                                                      0.063     1.886 r  tick_counter_reg[0]_i_1/O[3]
                         net (fo=1, routed)           0.000     1.886    tick_counter_reg[0]_i_1_n_4
    SLICE_X63Y72         FDCE                                         r  tick_counter_reg[3]/D
  -------------------------------------------------------------------    -------------------

                         (clock sys_clk_pin rise edge)
                                                      0.000     0.000 r  
    W5                                                0.000     0.000 r  clk (IN)
                         net (fo=0)                   0.000     0.000    clk
    W5                   IBUF (Prop_ibuf_I_O)         0.414     0.414 r  clk_IBUF_inst/O
                         net (fo=1, routed)           0.685     1.099    clk_IBUF
    BUFGCTRL_X0Y0        BUFG (Prop_bufg_I_O)         0.029     1.128 r  clk_IBUF_BUFG_inst/O
                         net (fo=34, routed)          0.850     1.978    clk_IBUF_BUFG
    SLICE_X63Y72         FDCE                                         r  tick_counter_reg[3]/C
                         clock pessimism             -0.512     1.466    
    SLICE_X63Y72         FDCE (Hold_fdce_C_D)         0.105     1.571    tick_counter_reg[3]
  -------------------------------------------------------------------
                         required time                         -1.571    
                         arrival time                           1.886    
  -------------------------------------------------------------------
                         slack                                  0.314    

Slack (MET) :             0.314ns  (arrival time - required time)
  Source:                 tick_counter_reg[26]/C
                            (rising edge-triggered cell FDCE clocked by sys_clk_pin  {rise@0.000ns fall@5.000ns period=10.000ns})
  Destination:            tick_counter_reg[20]/D
                            (rising edge-triggered cell FDCE clocked by sys_clk_pin  {rise@0.000ns fall@5.000ns period=10.000ns})
  Path Group:             sys_clk_pin
  Path Type:              Hold (Min at Fast Process Corner)
  Requirement:            0.000ns  (sys_clk_pin rise@0.000ns - sys_clk_pin rise@0.000ns)
  Data Path Delay:        0.432ns  (logic 0.256ns (59.203%)  route 0.176ns (40.797%))
  Logic Levels:           2  (CARRY4=1 LUT5=1)
  Clock Path Skew:        0.013ns (DCD - SCD - CPR)
    Destination Clock Delay (DCD):    1.978ns
    Source Clock Delay      (SCD):    1.466ns
    Clock Pessimism Removal (CPR):    0.499ns

    Location             Delay type                Incr(ns)  Path(ns)    Netlist Resource(s)
  -------------------------------------------------------------------    -------------------
                         (clock sys_clk_pin rise edge)
                                                      0.000     0.000 r  
    W5                                                0.000     0.000 r  clk (IN)
                         net (fo=0)                   0.000     0.000    clk
    W5                   IBUF (Prop_ibuf_I_O)         0.226     0.226 r  clk_IBUF_inst/O
                         net (fo=1, routed)           0.631     0.858    clk_IBUF
    BUFGCTRL_X0Y0        BUFG (Prop_bufg_I_O)         0.026     0.884 r  clk_IBUF_BUFG_inst/O
                         net (fo=34, routed)          0.583     1.466    clk_IBUF_BUFG
    SLICE_X63Y78         FDCE                                         r  tick_counter_reg[26]/C
  -------------------------------------------------------------------    -------------------
    SLICE_X63Y78         FDCE (Prop_fdce_C_Q)         0.141     1.607 f  tick_counter_reg[26]/Q
                         net (fo=30, routed)          0.176     1.784    tick_counter_reg[26]
    SLICE_X63Y77         LUT5 (Prop_lut5_I4_O)        0.045     1.829 r  tick_counter[20]_i_5/O
                         net (fo=1, routed)           0.000     1.829    tick_counter[20]_i_5_n_0
    SLICE_X63Y77         CARRY4 (Prop_carry4_S[0]_O[0])
                                                      0.070     1.899 r  tick_counter_reg[20]_i_1/O[0]
                         net (fo=1, routed)           0.000     1.899    tick_counter_reg[20]_i_1_n_7
    SLICE_X63Y77         FDCE                                         r  tick_counter_reg[20]/D
  -------------------------------------------------------------------    -------------------

                         (clock sys_clk_pin rise edge)
                                                      0.000     0.000 r  
    W5                                                0.000     0.000 r  clk (IN)
                         net (fo=0)                   0.000     0.000    clk
    W5                   IBUF (Prop_ibuf_I_O)         0.414     0.414 r  clk_IBUF_inst/O
                         net (fo=1, routed)           0.685     1.099    clk_IBUF
    BUFGCTRL_X0Y0        BUFG (Prop_bufg_I_O)         0.029     1.128 r  clk_IBUF_BUFG_inst/O
                         net (fo=34, routed)          0.850     1.978    clk_IBUF_BUFG
    SLICE_X63Y77         FDCE                                         r  tick_counter_reg[20]/C
                         clock pessimism             -0.499     1.479    
    SLICE_X63Y77         FDCE (Hold_fdce_C_D)         0.105     1.584    tick_counter_reg[20]
  -------------------------------------------------------------------
                         required time                         -1.584    
                         arrival time                           1.899    
  -------------------------------------------------------------------
                         slack                                  0.314    





Pulse Width Checks
--------------------------------------------------------------------------------------
Clock Name:         sys_clk_pin
Waveform(ns):       { 0.000 5.000 }
Period(ns):         10.000
Sources:            { clk }

Check Type        Corner  Lib Pin  Reference Pin  Required(ns)  Actual(ns)  Slack(ns)  Location       Pin
Min Period        n/a     BUFG/I   n/a            2.155         10.000      7.845      BUFGCTRL_X0Y0  clk_IBUF_BUFG_inst/I
Min Period        n/a     FDPE/C   n/a            1.000         10.000      9.000      SLICE_X64Y74   bit_ptr_reg[0]/C
Min Period        n/a     FDPE/C   n/a            1.000         10.000      9.000      SLICE_X64Y74   bit_ptr_reg[1]/C
Min Period        n/a     FDPE/C   n/a            1.000         10.000      9.000      SLICE_X64Y74   bit_ptr_reg[2]/C
Min Period        n/a     FDPE/C   n/a            1.000         10.000      9.000      SLICE_X64Y74   bit_ptr_reg[3]/C
Min Period        n/a     FDCE/C   n/a            1.000         10.000      9.000      SLICE_X46Y59   clk_25MHz_reg/C
Min Period        n/a     FDCE/C   n/a            1.000         10.000      9.000      SLICE_X46Y59   clk_div_reg[0]/C
Min Period        n/a     FDCE/C   n/a            1.000         10.000      9.000      SLICE_X64Y75   current_lvl_reg/C
Min Period        n/a     FDCE/C   n/a            1.000         10.000      9.000      SLICE_X63Y72   tick_counter_reg[0]/C
Min Period        n/a     FDCE/C   n/a            1.000         10.000      9.000      SLICE_X63Y74   tick_counter_reg[10]/C
Low Pulse Width   Slow    FDPE/C   n/a            0.500         5.000       4.500      SLICE_X64Y74   bit_ptr_reg[0]/C
Low Pulse Width   Fast    FDPE/C   n/a            0.500         5.000       4.500      SLICE_X64Y74   bit_ptr_reg[0]/C
Low Pulse Width   Slow    FDPE/C   n/a            0.500         5.000       4.500      SLICE_X64Y74   bit_ptr_reg[1]/C
Low Pulse Width   Fast    FDPE/C   n/a            0.500         5.000       4.500      SLICE_X64Y74   bit_ptr_reg[1]/C
Low Pulse Width   Slow    FDPE/C   n/a            0.500         5.000       4.500      SLICE_X64Y74   bit_ptr_reg[2]/C
Low Pulse Width   Fast    FDPE/C   n/a            0.500         5.000       4.500      SLICE_X64Y74   bit_ptr_reg[2]/C
Low Pulse Width   Slow    FDPE/C   n/a            0.500         5.000       4.500      SLICE_X64Y74   bit_ptr_reg[3]/C
Low Pulse Width   Fast    FDPE/C   n/a            0.500         5.000       4.500      SLICE_X64Y74   bit_ptr_reg[3]/C
Low Pulse Width   Slow    FDCE/C   n/a            0.500         5.000       4.500      SLICE_X46Y59   clk_25MHz_reg/C
Low Pulse Width   Fast    FDCE/C   n/a            0.500         5.000       4.500      SLICE_X46Y59   clk_25MHz_reg/C
High Pulse Width  Slow    FDPE/C   n/a            0.500         5.000       4.500      SLICE_X64Y74   bit_ptr_reg[0]/C
High Pulse Width  Fast    FDPE/C   n/a            0.500         5.000       4.500      SLICE_X64Y74   bit_ptr_reg[0]/C
High Pulse Width  Slow    FDPE/C   n/a            0.500         5.000       4.500      SLICE_X64Y74   bit_ptr_reg[1]/C
High Pulse Width  Fast    FDPE/C   n/a            0.500         5.000       4.500      SLICE_X64Y74   bit_ptr_reg[1]/C
High Pulse Width  Slow    FDPE/C   n/a            0.500         5.000       4.500      SLICE_X64Y74   bit_ptr_reg[2]/C
High Pulse Width  Fast    FDPE/C   n/a            0.500         5.000       4.500      SLICE_X64Y74   bit_ptr_reg[2]/C
High Pulse Width  Slow    FDPE/C   n/a            0.500         5.000       4.500      SLICE_X64Y74   bit_ptr_reg[3]/C
High Pulse Width  Fast    FDPE/C   n/a            0.500         5.000       4.500      SLICE_X64Y74   bit_ptr_reg[3]/C
High Pulse Width  Slow    FDCE/C   n/a            0.500         5.000       4.500      SLICE_X46Y59   clk_25MHz_reg/C
High Pulse Width  Fast    FDCE/C   n/a            0.500         5.000       4.500      SLICE_X46Y59   clk_25MHz_reg/C



--------------------------------------------------------------------------------------
Path Group:  (none)
From Clock:  
  To Clock:  

Max Delay            64 Endpoints
Min Delay            64 Endpoints
--------------------------------------------------------------------------------------


Max Delay Paths
--------------------------------------------------------------------------------------
Slack:                    inf
  Source:                 v_count_reg[7]/C
                            (rising edge-triggered cell FDCE)
  Destination:            vgaRed[3]
                            (output port)
  Path Group:             (none)
  Path Type:              Max at Slow Process Corner
  Data Path Delay:        10.643ns  (logic 4.580ns (43.039%)  route 6.062ns (56.961%))
  Logic Levels:           4  (FDCE=1 LUT4=1 LUT6=1 OBUF=1)

    Location             Delay type                Incr(ns)  Path(ns)    Netlist Resource(s)
  -------------------------------------------------------------------    -------------------
    SLICE_X44Y59         FDCE                         0.000     0.000 r  v_count_reg[7]/C
    SLICE_X44Y59         FDCE (Prop_fdce_C_Q)         0.419     0.419 f  v_count_reg[7]/Q
                         net (fo=4, routed)           1.066     1.485    v_count_reg_n_0_[7]
    SLICE_X44Y59         LUT4 (Prop_lut4_I0_O)        0.327     1.812 r  vgaRed_OBUF[3]_inst_i_2/O
                         net (fo=3, routed)           0.477     2.290    vgaRed_OBUF[3]_inst_i_2_n_0
    SLICE_X41Y60         LUT6 (Prop_lut6_I0_O)        0.332     2.622 r  vgaRed_OBUF[3]_inst_i_1/O
                         net (fo=12, routed)          4.518     7.140    vgaBlue_OBUF[0]
    N19                  OBUF (Prop_obuf_I_O)         3.502    10.643 r  vgaRed_OBUF[3]_inst/O
                         net (fo=0)                   0.000    10.643    vgaRed[3]
    N19                                                               r  vgaRed[3] (OUT)
  -------------------------------------------------------------------    -------------------

Slack:                    inf
  Source:                 v_count_reg[7]/C
                            (rising edge-triggered cell FDCE)
  Destination:            vgaBlue[0]
                            (output port)
  Path Group:             (none)
  Path Type:              Max at Slow Process Corner
  Data Path Delay:        10.495ns  (logic 4.573ns (43.574%)  route 5.922ns (56.426%))
  Logic Levels:           4  (FDCE=1 LUT4=1 LUT6=1 OBUF=1)

    Location             Delay type                Incr(ns)  Path(ns)    Netlist Resource(s)
  -------------------------------------------------------------------    -------------------
    SLICE_X44Y59         FDCE                         0.000     0.000 r  v_count_reg[7]/C
    SLICE_X44Y59         FDCE (Prop_fdce_C_Q)         0.419     0.419 f  v_count_reg[7]/Q
                         net (fo=4, routed)           1.066     1.485    v_count_reg_n_0_[7]
    SLICE_X44Y59         LUT4 (Prop_lut4_I0_O)        0.327     1.812 r  vgaRed_OBUF[3]_inst_i_2/O
                         net (fo=3, routed)           0.477     2.290    vgaRed_OBUF[3]_inst_i_2_n_0
    SLICE_X41Y60         LUT6 (Prop_lut6_I0_O)        0.332     2.622 r  vgaRed_OBUF[3]_inst_i_1/O
                         net (fo=12, routed)          4.378     7.000    vgaBlue_OBUF[0]
    N18                  OBUF (Prop_obuf_I_O)         3.495    10.495 r  vgaBlue_OBUF[0]_inst/O
                         net (fo=0)                   0.000    10.495    vgaBlue[0]
    N18                                                               r  vgaBlue[0] (OUT)
  -------------------------------------------------------------------    -------------------

Slack:                    inf
  Source:                 v_count_reg[7]/C
                            (rising edge-triggered cell FDCE)
  Destination:            vgaBlue[2]
                            (output port)
  Path Group:             (none)
  Path Type:              Max at Slow Process Corner
  Data Path Delay:        10.369ns  (logic 4.597ns (44.332%)  route 5.772ns (55.668%))
  Logic Levels:           4  (FDCE=1 LUT4=1 LUT6=1 OBUF=1)

    Location             Delay type                Incr(ns)  Path(ns)    Netlist Resource(s)
  -------------------------------------------------------------------    -------------------
    SLICE_X44Y59         FDCE                         0.000     0.000 r  v_count_reg[7]/C
    SLICE_X44Y59         FDCE (Prop_fdce_C_Q)         0.419     0.419 f  v_count_reg[7]/Q
                         net (fo=4, routed)           1.066     1.485    v_count_reg_n_0_[7]
    SLICE_X44Y59         LUT4 (Prop_lut4_I0_O)        0.327     1.812 r  vgaRed_OBUF[3]_inst_i_2/O
                         net (fo=3, routed)           0.477     2.290    vgaRed_OBUF[3]_inst_i_2_n_0
    SLICE_X41Y60         LUT6 (Prop_lut6_I0_O)        0.332     2.622 r  vgaRed_OBUF[3]_inst_i_1/O
                         net (fo=12, routed)          4.228     6.850    vgaBlue_OBUF[0]
    K18                  OBUF (Prop_obuf_I_O)         3.519    10.369 r  vgaBlue_OBUF[2]_inst/O
                         net (fo=0)                   0.000    10.369    vgaBlue[2]
    K18                                                               r  vgaBlue[2] (OUT)
  -------------------------------------------------------------------    -------------------

Slack:                    inf
  Source:                 v_count_reg[7]/C
                            (rising edge-triggered cell FDCE)
  Destination:            vgaBlue[1]
                            (output port)
  Path Group:             (none)
  Path Type:              Max at Slow Process Corner
  Data Path Delay:        10.204ns  (logic 4.581ns (44.899%)  route 5.622ns (55.101%))
  Logic Levels:           4  (FDCE=1 LUT4=1 LUT6=1 OBUF=1)

    Location             Delay type                Incr(ns)  Path(ns)    Netlist Resource(s)
  -------------------------------------------------------------------    -------------------
    SLICE_X44Y59         FDCE                         0.000     0.000 r  v_count_reg[7]/C
    SLICE_X44Y59         FDCE (Prop_fdce_C_Q)         0.419     0.419 f  v_count_reg[7]/Q
                         net (fo=4, routed)           1.066     1.485    v_count_reg_n_0_[7]
    SLICE_X44Y59         LUT4 (Prop_lut4_I0_O)        0.327     1.812 r  vgaRed_OBUF[3]_inst_i_2/O
                         net (fo=3, routed)           0.477     2.290    vgaRed_OBUF[3]_inst_i_2_n_0
    SLICE_X41Y60         LUT6 (Prop_lut6_I0_O)        0.332     2.622 r  vgaRed_OBUF[3]_inst_i_1/O
                         net (fo=12, routed)          4.078     6.700    vgaBlue_OBUF[0]
    L18                  OBUF (Prop_obuf_I_O)         3.503    10.204 r  vgaBlue_OBUF[1]_inst/O
                         net (fo=0)                   0.000    10.204    vgaBlue[1]
    L18                                                               r  vgaBlue[1] (OUT)
  -------------------------------------------------------------------    -------------------

Slack:                    inf
  Source:                 v_count_reg[7]/C
                            (rising edge-triggered cell FDCE)
  Destination:            Vsync
                            (output port)
  Path Group:             (none)
  Path Type:              Max at Slow Process Corner
  Data Path Delay:        10.096ns  (logic 4.581ns (45.377%)  route 5.515ns (54.623%))
  Logic Levels:           4  (FDCE=1 LUT4=1 LUT6=1 OBUF=1)

    Location             Delay type                Incr(ns)  Path(ns)    Netlist Resource(s)
  -------------------------------------------------------------------    -------------------
    SLICE_X44Y59         FDCE                         0.000     0.000 r  v_count_reg[7]/C
    SLICE_X44Y59         FDCE (Prop_fdce_C_Q)         0.419     0.419 f  v_count_reg[7]/Q
                         net (fo=4, routed)           1.066     1.485    v_count_reg_n_0_[7]
    SLICE_X44Y59         LUT4 (Prop_lut4_I0_O)        0.327     1.812 r  vgaRed_OBUF[3]_inst_i_2/O
                         net (fo=3, routed)           0.987     2.800    vgaRed_OBUF[3]_inst_i_2_n_0
    SLICE_X44Y58         LUT6 (Prop_lut6_I0_O)        0.332     3.132 r  Vsync_OBUF_inst_i_1/O
                         net (fo=1, routed)           3.461     6.593    Vsync_OBUF
    R19                  OBUF (Prop_obuf_I_O)         3.503    10.096 r  Vsync_OBUF_inst/O
                         net (fo=0)                   0.000    10.096    Vsync
    R19                                                               r  Vsync (OUT)
  -------------------------------------------------------------------    -------------------

Slack:                    inf
  Source:                 v_count_reg[7]/C
                            (rising edge-triggered cell FDCE)
  Destination:            vgaBlue[3]
                            (output port)
  Path Group:             (none)
  Path Type:              Max at Slow Process Corner
  Data Path Delay:        10.075ns  (logic 4.603ns (45.684%)  route 5.472ns (54.316%))
  Logic Levels:           4  (FDCE=1 LUT4=1 LUT6=1 OBUF=1)

    Location             Delay type                Incr(ns)  Path(ns)    Netlist Resource(s)
  -------------------------------------------------------------------    -------------------
    SLICE_X44Y59         FDCE                         0.000     0.000 r  v_count_reg[7]/C
    SLICE_X44Y59         FDCE (Prop_fdce_C_Q)         0.419     0.419 f  v_count_reg[7]/Q
                         net (fo=4, routed)           1.066     1.485    v_count_reg_n_0_[7]
    SLICE_X44Y59         LUT4 (Prop_lut4_I0_O)        0.327     1.812 r  vgaRed_OBUF[3]_inst_i_2/O
                         net (fo=3, routed)           0.477     2.290    vgaRed_OBUF[3]_inst_i_2_n_0
    SLICE_X41Y60         LUT6 (Prop_lut6_I0_O)        0.332     2.622 r  vgaRed_OBUF[3]_inst_i_1/O
                         net (fo=12, routed)          3.929     6.550    vgaBlue_OBUF[0]
    J18                  OBUF (Prop_obuf_I_O)         3.525    10.075 r  vgaBlue_OBUF[3]_inst/O
                         net (fo=0)                   0.000    10.075    vgaBlue[3]
    J18                                                               r  vgaBlue[3] (OUT)
  -------------------------------------------------------------------    -------------------

Slack:                    inf
  Source:                 v_count_reg[7]/C
                            (rising edge-triggered cell FDCE)
  Destination:            vgaGreen[0]
                            (output port)
  Path Group:             (none)
  Path Type:              Max at Slow Process Corner
  Data Path Delay:        9.921ns  (logic 4.599ns (46.353%)  route 5.322ns (53.647%))
  Logic Levels:           4  (FDCE=1 LUT4=1 LUT6=1 OBUF=1)

    Location             Delay type                Incr(ns)  Path(ns)    Netlist Resource(s)
  -------------------------------------------------------------------    -------------------
    SLICE_X44Y59         FDCE                         0.000     0.000 r  v_count_reg[7]/C
    SLICE_X44Y59         FDCE (Prop_fdce_C_Q)         0.419     0.419 f  v_count_reg[7]/Q
                         net (fo=4, routed)           1.066     1.485    v_count_reg_n_0_[7]
    SLICE_X44Y59         LUT4 (Prop_lut4_I0_O)        0.327     1.812 r  vgaRed_OBUF[3]_inst_i_2/O
                         net (fo=3, routed)           0.477     2.290    vgaRed_OBUF[3]_inst_i_2_n_0
    SLICE_X41Y60         LUT6 (Prop_lut6_I0_O)        0.332     2.622 r  vgaRed_OBUF[3]_inst_i_1/O
                         net (fo=12, routed)          3.779     6.400    vgaBlue_OBUF[0]
    J17                  OBUF (Prop_obuf_I_O)         3.521     9.921 r  vgaGreen_OBUF[0]_inst/O
                         net (fo=0)                   0.000     9.921    vgaGreen[0]
    J17                                                               r  vgaGreen[0] (OUT)
  -------------------------------------------------------------------    -------------------

Slack:                    inf
  Source:                 v_count_reg[7]/C
                            (rising edge-triggered cell FDCE)
  Destination:            vgaRed[2]
                            (output port)
  Path Group:             (none)
  Path Type:              Max at Slow Process Corner
  Data Path Delay:        9.774ns  (logic 4.602ns (47.081%)  route 5.173ns (52.919%))
  Logic Levels:           4  (FDCE=1 LUT4=1 LUT6=1 OBUF=1)

    Location             Delay type                Incr(ns)  Path(ns)    Netlist Resource(s)
  -------------------------------------------------------------------    -------------------
    SLICE_X44Y59         FDCE                         0.000     0.000 r  v_count_reg[7]/C
    SLICE_X44Y59         FDCE (Prop_fdce_C_Q)         0.419     0.419 f  v_count_reg[7]/Q
                         net (fo=4, routed)           1.066     1.485    v_count_reg_n_0_[7]
    SLICE_X44Y59         LUT4 (Prop_lut4_I0_O)        0.327     1.812 r  vgaRed_OBUF[3]_inst_i_2/O
                         net (fo=3, routed)           0.477     2.290    vgaRed_OBUF[3]_inst_i_2_n_0
    SLICE_X41Y60         LUT6 (Prop_lut6_I0_O)        0.332     2.622 r  vgaRed_OBUF[3]_inst_i_1/O
                         net (fo=12, routed)          3.629     6.251    vgaBlue_OBUF[0]
    J19                  OBUF (Prop_obuf_I_O)         3.524     9.774 r  vgaRed_OBUF[2]_inst/O
                         net (fo=0)                   0.000     9.774    vgaRed[2]
    J19                                                               r  vgaRed[2] (OUT)
  -------------------------------------------------------------------    -------------------

Slack:                    inf
  Source:                 v_count_reg[7]/C
                            (rising edge-triggered cell FDCE)
  Destination:            vgaGreen[2]
                            (output port)
  Path Group:             (none)
  Path Type:              Max at Slow Process Corner
  Data Path Delay:        9.626ns  (logic 4.607ns (47.859%)  route 5.019ns (52.141%))
  Logic Levels:           4  (FDCE=1 LUT4=1 LUT6=1 OBUF=1)

    Location             Delay type                Incr(ns)  Path(ns)    Netlist Resource(s)
  -------------------------------------------------------------------    -------------------
    SLICE_X44Y59         FDCE                         0.000     0.000 r  v_count_reg[7]/C
    SLICE_X44Y59         FDCE (Prop_fdce_C_Q)         0.419     0.419 f  v_count_reg[7]/Q
                         net (fo=4, routed)           1.066     1.485    v_count_reg_n_0_[7]
    SLICE_X44Y59         LUT4 (Prop_lut4_I0_O)        0.327     1.812 r  vgaRed_OBUF[3]_inst_i_2/O
                         net (fo=3, routed)           0.477     2.290    vgaRed_OBUF[3]_inst_i_2_n_0
    SLICE_X41Y60         LUT6 (Prop_lut6_I0_O)        0.332     2.622 r  vgaRed_OBUF[3]_inst_i_1/O
                         net (fo=12, routed)          3.475     6.097    vgaBlue_OBUF[0]
    G17                  OBUF (Prop_obuf_I_O)         3.529     9.626 r  vgaGreen_OBUF[2]_inst/O
                         net (fo=0)                   0.000     9.626    vgaGreen[2]
    G17                                                               r  vgaGreen[2] (OUT)
  -------------------------------------------------------------------    -------------------

Slack:                    inf
  Source:                 v_count_reg[7]/C
                            (rising edge-triggered cell FDCE)
  Destination:            vgaGreen[1]
                            (output port)
  Path Group:             (none)
  Path Type:              Max at Slow Process Corner
  Data Path Delay:        9.453ns  (logic 4.583ns (48.488%)  route 4.869ns (51.512%))
  Logic Levels:           4  (FDCE=1 LUT4=1 LUT6=1 OBUF=1)

    Location             Delay type                Incr(ns)  Path(ns)    Netlist Resource(s)
  -------------------------------------------------------------------    -------------------
    SLICE_X44Y59         FDCE                         0.000     0.000 r  v_count_reg[7]/C
    SLICE_X44Y59         FDCE (Prop_fdce_C_Q)         0.419     0.419 f  v_count_reg[7]/Q
                         net (fo=4, routed)           1.066     1.485    v_count_reg_n_0_[7]
    SLICE_X44Y59         LUT4 (Prop_lut4_I0_O)        0.327     1.812 r  vgaRed_OBUF[3]_inst_i_2/O
                         net (fo=3, routed)           0.477     2.290    vgaRed_OBUF[3]_inst_i_2_n_0
    SLICE_X41Y60         LUT6 (Prop_lut6_I0_O)        0.332     2.622 r  vgaRed_OBUF[3]_inst_i_1/O
                         net (fo=12, routed)          3.325     5.947    vgaBlue_OBUF[0]
    H17                  OBUF (Prop_obuf_I_O)         3.505     9.453 r  vgaGreen_OBUF[1]_inst/O
                         net (fo=0)                   0.000     9.453    vgaGreen[1]
    H17                                                               r  vgaGreen[1] (OUT)
  -------------------------------------------------------------------    -------------------





Min Delay Paths
--------------------------------------------------------------------------------------
Slack:                    inf
  Source:                 h_count_reg[5]/C
                            (rising edge-triggered cell FDCE)
  Destination:            h_count_reg[7]/D
  Path Group:             (none)
  Path Type:              Min at Fast Process Corner
  Data Path Delay:        0.294ns  (logic 0.186ns (63.334%)  route 0.108ns (36.666%))
  Logic Levels:           2  (FDCE=1 LUT5=1)

    Location             Delay type                Incr(ns)  Path(ns)    Netlist Resource(s)
  -------------------------------------------------------------------    -------------------
    SLICE_X40Y60         FDCE                         0.000     0.000 r  h_count_reg[5]/C
    SLICE_X40Y60         FDCE (Prop_fdce_C_Q)         0.141     0.141 r  h_count_reg[5]/Q
                         net (fo=7, routed)           0.108     0.249    h_count_reg_n_0_[5]
    SLICE_X41Y60         LUT5 (Prop_lut5_I3_O)        0.045     0.294 r  h_count[7]_i_1/O
                         net (fo=1, routed)           0.000     0.294    h_count[7]
    SLICE_X41Y60         FDCE                                         r  h_count_reg[7]/D
  -------------------------------------------------------------------    -------------------

Slack:                    inf
  Source:                 v_count_reg[2]/C
                            (rising edge-triggered cell FDCE)
  Destination:            v_count_reg[0]/D
  Path Group:             (none)
  Path Type:              Min at Fast Process Corner
  Data Path Delay:        0.309ns  (logic 0.189ns (61.161%)  route 0.120ns (38.839%))
  Logic Levels:           2  (FDCE=1 LUT4=1)

    Location             Delay type                Incr(ns)  Path(ns)    Netlist Resource(s)
  -------------------------------------------------------------------    -------------------
    SLICE_X44Y58         FDCE                         0.000     0.000 r  v_count_reg[2]/C
    SLICE_X44Y58         FDCE (Prop_fdce_C_Q)         0.141     0.141 f  v_count_reg[2]/Q
                         net (fo=9, routed)           0.120     0.261    v_count_reg_n_0_[2]
    SLICE_X45Y58         LUT4 (Prop_lut4_I1_O)        0.048     0.309 r  v_count[0]_i_1/O
                         net (fo=1, routed)           0.000     0.309    v_count[0]_i_1_n_0
    SLICE_X45Y58         FDCE                                         r  v_count_reg[0]/D
  -------------------------------------------------------------------    -------------------

Slack:                    inf
  Source:                 h_count_reg[7]/C
                            (rising edge-triggered cell FDCE)
  Destination:            h_count_reg[5]/D
  Path Group:             (none)
  Path Type:              Min at Fast Process Corner
  Data Path Delay:        0.327ns  (logic 0.186ns (56.867%)  route 0.141ns (43.133%))
  Logic Levels:           2  (FDCE=1 LUT6=1)

    Location             Delay type                Incr(ns)  Path(ns)    Netlist Resource(s)
  -------------------------------------------------------------------    -------------------
    SLICE_X41Y60         FDCE                         0.000     0.000 r  h_count_reg[7]/C
    SLICE_X41Y60         FDCE (Prop_fdce_C_Q)         0.141     0.141 r  h_count_reg[7]/Q
                         net (fo=7, routed)           0.141     0.282    h_count_reg_n_0_[7]
    SLICE_X40Y60         LUT6 (Prop_lut6_I0_O)        0.045     0.327 r  h_count[5]_i_1/O
                         net (fo=1, routed)           0.000     0.327    h_count[5]
    SLICE_X40Y60         FDCE                                         r  h_count_reg[5]/D
  -------------------------------------------------------------------    -------------------

Slack:                    inf
  Source:                 h_count_reg[0]/C
                            (rising edge-triggered cell FDCE)
  Destination:            h_count_reg[1]/D
  Path Group:             (none)
  Path Type:              Min at Fast Process Corner
  Data Path Delay:        0.327ns  (logic 0.186ns (56.832%)  route 0.141ns (43.168%))
  Logic Levels:           2  (FDCE=1 LUT2=1)

    Location             Delay type                Incr(ns)  Path(ns)    Netlist Resource(s)
  -------------------------------------------------------------------    -------------------
    SLICE_X41Y59         FDCE                         0.000     0.000 r  h_count_reg[0]/C
    SLICE_X41Y59         FDCE (Prop_fdce_C_Q)         0.141     0.141 r  h_count_reg[0]/Q
                         net (fo=8, routed)           0.141     0.282    h_count_reg_n_0_[0]
    SLICE_X40Y59         LUT2 (Prop_lut2_I0_O)        0.045     0.327 r  h_count[1]_i_1/O
                         net (fo=1, routed)           0.000     0.327    h_count[1]
    SLICE_X40Y59         FDCE                                         r  h_count_reg[1]/D
  -------------------------------------------------------------------    -------------------

Slack:                    inf
  Source:                 v_count_reg[0]/C
                            (rising edge-triggered cell FDCE)
  Destination:            v_count_reg[2]/D
  Path Group:             (none)
  Path Type:              Min at Fast Process Corner
  Data Path Delay:        0.328ns  (logic 0.186ns (56.653%)  route 0.142ns (43.347%))
  Logic Levels:           2  (FDCE=1 LUT4=1)

    Location             Delay type                Incr(ns)  Path(ns)    Netlist Resource(s)
  -------------------------------------------------------------------    -------------------
    SLICE_X45Y58         FDCE                         0.000     0.000 r  v_count_reg[0]/C
    SLICE_X45Y58         FDCE (Prop_fdce_C_Q)         0.141     0.141 r  v_count_reg[0]/Q
                         net (fo=9, routed)           0.142     0.283    v_count_reg_n_0_[0]
    SLICE_X44Y58         LUT4 (Prop_lut4_I2_O)        0.045     0.328 r  v_count[2]_i_1/O
                         net (fo=1, routed)           0.000     0.328    v_count[2]_i_1_n_0
    SLICE_X44Y58         FDCE                                         r  v_count_reg[2]/D
  -------------------------------------------------------------------    -------------------

Slack:                    inf
  Source:                 v_count_reg[0]/C
                            (rising edge-triggered cell FDCE)
  Destination:            v_count_reg[4]/D
  Path Group:             (none)
  Path Type:              Min at Fast Process Corner
  Data Path Delay:        0.329ns  (logic 0.186ns (56.481%)  route 0.143ns (43.519%))
  Logic Levels:           2  (FDCE=1 LUT5=1)

    Location             Delay type                Incr(ns)  Path(ns)    Netlist Resource(s)
  -------------------------------------------------------------------    -------------------
    SLICE_X45Y58         FDCE                         0.000     0.000 r  v_count_reg[0]/C
    SLICE_X45Y58         FDCE (Prop_fdce_C_Q)         0.141     0.141 r  v_count_reg[0]/Q
                         net (fo=9, routed)           0.143     0.284    v_count_reg_n_0_[0]
    SLICE_X44Y58         LUT5 (Prop_lut5_I3_O)        0.045     0.329 r  v_count[4]_i_1/O
                         net (fo=1, routed)           0.000     0.329    v_count[4]_i_1_n_0
    SLICE_X44Y58         FDCE                                         r  v_count_reg[4]/D
  -------------------------------------------------------------------    -------------------

Slack:                    inf
  Source:                 h_count_reg[0]/C
                            (rising edge-triggered cell FDCE)
  Destination:            h_count_reg[2]/D
  Path Group:             (none)
  Path Type:              Min at Fast Process Corner
  Data Path Delay:        0.330ns  (logic 0.189ns (57.224%)  route 0.141ns (42.776%))
  Logic Levels:           2  (FDCE=1 LUT3=1)

    Location             Delay type                Incr(ns)  Path(ns)    Netlist Resource(s)
  -------------------------------------------------------------------    -------------------
    SLICE_X41Y59         FDCE                         0.000     0.000 r  h_count_reg[0]/C
    SLICE_X41Y59         FDCE (Prop_fdce_C_Q)         0.141     0.141 r  h_count_reg[0]/Q
                         net (fo=8, routed)           0.141     0.282    h_count_reg_n_0_[0]
    SLICE_X40Y59         LUT3 (Prop_lut3_I1_O)        0.048     0.330 r  h_count[2]_i_1/O
                         net (fo=1, routed)           0.000     0.330    h_count[2]
    SLICE_X40Y59         FDCE                                         r  h_count_reg[2]/D
  -------------------------------------------------------------------    -------------------

Slack:                    inf
  Source:                 v_count_reg[0]/C
                            (rising edge-triggered cell FDCE)
  Destination:            v_count_reg[3]/D
  Path Group:             (none)
  Path Type:              Min at Fast Process Corner
  Data Path Delay:        0.331ns  (logic 0.189ns (57.046%)  route 0.142ns (42.954%))
  Logic Levels:           2  (FDCE=1 LUT5=1)

    Location             Delay type                Incr(ns)  Path(ns)    Netlist Resource(s)
  -------------------------------------------------------------------    -------------------
    SLICE_X45Y58         FDCE                         0.000     0.000 r  v_count_reg[0]/C
    SLICE_X45Y58         FDCE (Prop_fdce_C_Q)         0.141     0.141 r  v_count_reg[0]/Q
                         net (fo=9, routed)           0.142     0.283    v_count_reg_n_0_[0]
    SLICE_X44Y58         LUT5 (Prop_lut5_I1_O)        0.048     0.331 r  v_count[3]_i_1/O
                         net (fo=1, routed)           0.000     0.331    v_count[3]_i_1_n_0
    SLICE_X44Y58         FDCE                                         r  v_count_reg[3]/D
  -------------------------------------------------------------------    -------------------

Slack:                    inf
  Source:                 h_count_reg[4]/C
                            (rising edge-triggered cell FDCE)
  Destination:            h_count_reg[6]/D
  Path Group:             (none)
  Path Type:              Min at Fast Process Corner
  Data Path Delay:        0.351ns  (logic 0.186ns (52.939%)  route 0.165ns (47.061%))
  Logic Levels:           2  (FDCE=1 LUT4=1)

    Location             Delay type                Incr(ns)  Path(ns)    Netlist Resource(s)
  -------------------------------------------------------------------    -------------------
    SLICE_X40Y59         FDCE                         0.000     0.000 r  h_count_reg[4]/C
    SLICE_X40Y59         FDCE (Prop_fdce_C_Q)         0.141     0.141 r  h_count_reg[4]/Q
                         net (fo=8, routed)           0.165     0.306    h_count_reg_n_0_[4]
    SLICE_X40Y60         LUT4 (Prop_lut4_I2_O)        0.045     0.351 r  h_count[6]_i_1/O
                         net (fo=1, routed)           0.000     0.351    h_count[6]
    SLICE_X40Y60         FDCE                                         r  h_count_reg[6]/D
  -------------------------------------------------------------------    -------------------

Slack:                    inf
  Source:                 v_count_reg[6]/C
                            (rising edge-triggered cell FDCE)
  Destination:            v_count_reg[8]/D
  Path Group:             (none)
  Path Type:              Min at Fast Process Corner
  Data Path Delay:        0.371ns  (logic 0.186ns (50.146%)  route 0.185ns (49.854%))
  Logic Levels:           2  (FDCE=1 LUT4=1)

    Location             Delay type                Incr(ns)  Path(ns)    Netlist Resource(s)
  -------------------------------------------------------------------    -------------------
    SLICE_X44Y59         FDCE                         0.000     0.000 r  v_count_reg[6]/C
    SLICE_X44Y59         FDCE (Prop_fdce_C_Q)         0.141     0.141 r  v_count_reg[6]/Q
                         net (fo=5, routed)           0.185     0.326    v_count_reg_n_0_[6]
    SLICE_X44Y59         LUT4 (Prop_lut4_I1_O)        0.045     0.371 r  v_count[8]_i_1/O
                         net (fo=1, routed)           0.000     0.371    v_count[8]_i_1_n_0
    SLICE_X44Y59         FDCE                                         r  v_count_reg[8]/D
  -------------------------------------------------------------------    -------------------





--------------------------------------------------------------------------------------
Path Group:  (none)
From Clock:  sys_clk_pin
  To Clock:  

Max Delay            18 Endpoints
Min Delay            18 Endpoints
--------------------------------------------------------------------------------------


Max Delay Paths
--------------------------------------------------------------------------------------
Slack:                    inf
  Source:                 current_lvl_reg/C
                            (rising edge-triggered cell FDCE clocked by sys_clk_pin  {rise@0.000ns fall@5.000ns period=10.000ns})
  Destination:            vgaRed[3]
                            (output port)
  Path Group:             (none)
  Path Type:              Max at Slow Process Corner
  Data Path Delay:        10.849ns  (logic 4.144ns (38.201%)  route 6.705ns (61.799%))
  Logic Levels:           2  (LUT6=1 OBUF=1)
  Clock Uncertainty:      0.025ns  ((TSJ^2 + TIJ^2)^1/2 + DJ) / 2 + PE
    Total System Jitter     (TSJ):    0.050ns
    Total Input Jitter      (TIJ):    0.000ns
    Discrete Jitter          (DJ):    0.000ns
    Phase Error              (PE):    0.000ns

    Location             Delay type                Incr(ns)  Path(ns)    Netlist Resource(s)
  -------------------------------------------------------------------    -------------------
                         (clock sys_clk_pin rise edge)
                                                      0.000     0.000 r  
    W5                                                0.000     0.000 r  clk (IN)
                         net (fo=0)                   0.000     0.000    clk
    W5                   IBUF (Prop_ibuf_I_O)         1.458     1.458 r  clk_IBUF_inst/O
                         net (fo=1, routed)           1.967     3.425    clk_IBUF
    BUFGCTRL_X0Y0        BUFG (Prop_bufg_I_O)         0.096     3.521 r  clk_IBUF_BUFG_inst/O
                         net (fo=34, routed)          1.606     5.127    clk_IBUF_BUFG
    SLICE_X64Y75         FDCE                                         r  current_lvl_reg/C
  -------------------------------------------------------------------    -------------------
    SLICE_X64Y75         FDCE (Prop_fdce_C_Q)         0.518     5.645 r  current_lvl_reg/Q
                         net (fo=4, routed)           2.186     7.831    tx_pmod_OBUF
    SLICE_X41Y60         LUT6 (Prop_lut6_I2_O)        0.124     7.955 r  vgaRed_OBUF[3]_inst_i_1/O
                         net (fo=12, routed)          4.518    12.473    vgaBlue_OBUF[0]
    N19                  OBUF (Prop_obuf_I_O)         3.502    15.976 r  vgaRed_OBUF[3]_inst/O
                         net (fo=0)                   0.000    15.976    vgaRed[3]
    N19                                                               r  vgaRed[3] (OUT)
  -------------------------------------------------------------------    -------------------

Slack:                    inf
  Source:                 current_lvl_reg/C
                            (rising edge-triggered cell FDCE clocked by sys_clk_pin  {rise@0.000ns fall@5.000ns period=10.000ns})
  Destination:            vgaBlue[0]
                            (output port)
  Path Group:             (none)
  Path Type:              Max at Slow Process Corner
  Data Path Delay:        10.702ns  (logic 4.137ns (38.660%)  route 6.565ns (61.340%))
  Logic Levels:           2  (LUT6=1 OBUF=1)
  Clock Uncertainty:      0.025ns  ((TSJ^2 + TIJ^2)^1/2 + DJ) / 2 + PE
    Total System Jitter     (TSJ):    0.050ns
    Total Input Jitter      (TIJ):    0.000ns
    Discrete Jitter          (DJ):    0.000ns
    Phase Error              (PE):    0.000ns

    Location             Delay type                Incr(ns)  Path(ns)    Netlist Resource(s)
  -------------------------------------------------------------------    -------------------
                         (clock sys_clk_pin rise edge)
                                                      0.000     0.000 r  
    W5                                                0.000     0.000 r  clk (IN)
                         net (fo=0)                   0.000     0.000    clk
    W5                   IBUF (Prop_ibuf_I_O)         1.458     1.458 r  clk_IBUF_inst/O
                         net (fo=1, routed)           1.967     3.425    clk_IBUF
    BUFGCTRL_X0Y0        BUFG (Prop_bufg_I_O)         0.096     3.521 r  clk_IBUF_BUFG_inst/O
                         net (fo=34, routed)          1.606     5.127    clk_IBUF_BUFG
    SLICE_X64Y75         FDCE                                         r  current_lvl_reg/C
  -------------------------------------------------------------------    -------------------
    SLICE_X64Y75         FDCE (Prop_fdce_C_Q)         0.518     5.645 r  current_lvl_reg/Q
                         net (fo=4, routed)           2.186     7.831    tx_pmod_OBUF
    SLICE_X41Y60         LUT6 (Prop_lut6_I2_O)        0.124     7.955 r  vgaRed_OBUF[3]_inst_i_1/O
                         net (fo=12, routed)          4.378    12.333    vgaBlue_OBUF[0]
    N18                  OBUF (Prop_obuf_I_O)         3.495    15.829 r  vgaBlue_OBUF[0]_inst/O
                         net (fo=0)                   0.000    15.829    vgaBlue[0]
    N18                                                               r  vgaBlue[0] (OUT)
  -------------------------------------------------------------------    -------------------

Slack:                    inf
  Source:                 current_lvl_reg/C
                            (rising edge-triggered cell FDCE clocked by sys_clk_pin  {rise@0.000ns fall@5.000ns period=10.000ns})
  Destination:            vgaBlue[2]
                            (output port)
  Path Group:             (none)
  Path Type:              Max at Slow Process Corner
  Data Path Delay:        10.575ns  (logic 4.161ns (39.344%)  route 6.415ns (60.656%))
  Logic Levels:           2  (LUT6=1 OBUF=1)
  Clock Uncertainty:      0.025ns  ((TSJ^2 + TIJ^2)^1/2 + DJ) / 2 + PE
    Total System Jitter     (TSJ):    0.050ns
    Total Input Jitter      (TIJ):    0.000ns
    Discrete Jitter          (DJ):    0.000ns
    Phase Error              (PE):    0.000ns

    Location             Delay type                Incr(ns)  Path(ns)    Netlist Resource(s)
  -------------------------------------------------------------------    -------------------
                         (clock sys_clk_pin rise edge)
                                                      0.000     0.000 r  
    W5                                                0.000     0.000 r  clk (IN)
                         net (fo=0)                   0.000     0.000    clk
    W5                   IBUF (Prop_ibuf_I_O)         1.458     1.458 r  clk_IBUF_inst/O
                         net (fo=1, routed)           1.967     3.425    clk_IBUF
    BUFGCTRL_X0Y0        BUFG (Prop_bufg_I_O)         0.096     3.521 r  clk_IBUF_BUFG_inst/O
                         net (fo=34, routed)          1.606     5.127    clk_IBUF_BUFG
    SLICE_X64Y75         FDCE                                         r  current_lvl_reg/C
  -------------------------------------------------------------------    -------------------
    SLICE_X64Y75         FDCE (Prop_fdce_C_Q)         0.518     5.645 r  current_lvl_reg/Q
                         net (fo=4, routed)           2.186     7.831    tx_pmod_OBUF
    SLICE_X41Y60         LUT6 (Prop_lut6_I2_O)        0.124     7.955 r  vgaRed_OBUF[3]_inst_i_1/O
                         net (fo=12, routed)          4.228    12.183    vgaBlue_OBUF[0]
    K18                  OBUF (Prop_obuf_I_O)         3.519    15.702 r  vgaBlue_OBUF[2]_inst/O
                         net (fo=0)                   0.000    15.702    vgaBlue[2]
    K18                                                               r  vgaBlue[2] (OUT)
  -------------------------------------------------------------------    -------------------

Slack:                    inf
  Source:                 current_lvl_reg/C
                            (rising edge-triggered cell FDCE clocked by sys_clk_pin  {rise@0.000ns fall@5.000ns period=10.000ns})
  Destination:            vgaBlue[1]
                            (output port)
  Path Group:             (none)
  Path Type:              Max at Slow Process Corner
  Data Path Delay:        10.410ns  (logic 4.145ns (39.821%)  route 6.265ns (60.179%))
  Logic Levels:           2  (LUT6=1 OBUF=1)
  Clock Uncertainty:      0.025ns  ((TSJ^2 + TIJ^2)^1/2 + DJ) / 2 + PE
    Total System Jitter     (TSJ):    0.050ns
    Total Input Jitter      (TIJ):    0.000ns
    Discrete Jitter          (DJ):    0.000ns
    Phase Error              (PE):    0.000ns

    Location             Delay type                Incr(ns)  Path(ns)    Netlist Resource(s)
  -------------------------------------------------------------------    -------------------
                         (clock sys_clk_pin rise edge)
                                                      0.000     0.000 r  
    W5                                                0.000     0.000 r  clk (IN)
                         net (fo=0)                   0.000     0.000    clk
    W5                   IBUF (Prop_ibuf_I_O)         1.458     1.458 r  clk_IBUF_inst/O
                         net (fo=1, routed)           1.967     3.425    clk_IBUF
    BUFGCTRL_X0Y0        BUFG (Prop_bufg_I_O)         0.096     3.521 r  clk_IBUF_BUFG_inst/O
                         net (fo=34, routed)          1.606     5.127    clk_IBUF_BUFG
    SLICE_X64Y75         FDCE                                         r  current_lvl_reg/C
  -------------------------------------------------------------------    -------------------
    SLICE_X64Y75         FDCE (Prop_fdce_C_Q)         0.518     5.645 r  current_lvl_reg/Q
                         net (fo=4, routed)           2.186     7.831    tx_pmod_OBUF
    SLICE_X41Y60         LUT6 (Prop_lut6_I2_O)        0.124     7.955 r  vgaRed_OBUF[3]_inst_i_1/O
                         net (fo=12, routed)          4.078    12.034    vgaBlue_OBUF[0]
    L18                  OBUF (Prop_obuf_I_O)         3.503    15.537 r  vgaBlue_OBUF[1]_inst/O
                         net (fo=0)                   0.000    15.537    vgaBlue[1]
    L18                                                               r  vgaBlue[1] (OUT)
  -------------------------------------------------------------------    -------------------

Slack:                    inf
  Source:                 current_lvl_reg/C
                            (rising edge-triggered cell FDCE clocked by sys_clk_pin  {rise@0.000ns fall@5.000ns period=10.000ns})
  Destination:            vgaBlue[3]
                            (output port)
  Path Group:             (none)
  Path Type:              Max at Slow Process Corner
  Data Path Delay:        10.282ns  (logic 4.167ns (40.526%)  route 6.115ns (59.474%))
  Logic Levels:           2  (LUT6=1 OBUF=1)
  Clock Uncertainty:      0.025ns  ((TSJ^2 + TIJ^2)^1/2 + DJ) / 2 + PE
    Total System Jitter     (TSJ):    0.050ns
    Total Input Jitter      (TIJ):    0.000ns
    Discrete Jitter          (DJ):    0.000ns
    Phase Error              (PE):    0.000ns

    Location             Delay type                Incr(ns)  Path(ns)    Netlist Resource(s)
  -------------------------------------------------------------------    -------------------
                         (clock sys_clk_pin rise edge)
                                                      0.000     0.000 r  
    W5                                                0.000     0.000 r  clk (IN)
                         net (fo=0)                   0.000     0.000    clk
    W5                   IBUF (Prop_ibuf_I_O)         1.458     1.458 r  clk_IBUF_inst/O
                         net (fo=1, routed)           1.967     3.425    clk_IBUF
    BUFGCTRL_X0Y0        BUFG (Prop_bufg_I_O)         0.096     3.521 r  clk_IBUF_BUFG_inst/O
                         net (fo=34, routed)          1.606     5.127    clk_IBUF_BUFG
    SLICE_X64Y75         FDCE                                         r  current_lvl_reg/C
  -------------------------------------------------------------------    -------------------
    SLICE_X64Y75         FDCE (Prop_fdce_C_Q)         0.518     5.645 r  current_lvl_reg/Q
                         net (fo=4, routed)           2.186     7.831    tx_pmod_OBUF
    SLICE_X41Y60         LUT6 (Prop_lut6_I2_O)        0.124     7.955 r  vgaRed_OBUF[3]_inst_i_1/O
                         net (fo=12, routed)          3.929    11.884    vgaBlue_OBUF[0]
    J18                  OBUF (Prop_obuf_I_O)         3.525    15.408 r  vgaBlue_OBUF[3]_inst/O
                         net (fo=0)                   0.000    15.408    vgaBlue[3]
    J18                                                               r  vgaBlue[3] (OUT)
  -------------------------------------------------------------------    -------------------

Slack:                    inf
  Source:                 current_lvl_reg/C
                            (rising edge-triggered cell FDCE clocked by sys_clk_pin  {rise@0.000ns fall@5.000ns period=10.000ns})
  Destination:            vgaGreen[0]
                            (output port)
  Path Group:             (none)
  Path Type:              Max at Slow Process Corner
  Data Path Delay:        10.128ns  (logic 4.163ns (41.104%)  route 5.965ns (58.896%))
  Logic Levels:           2  (LUT6=1 OBUF=1)
  Clock Uncertainty:      0.025ns  ((TSJ^2 + TIJ^2)^1/2 + DJ) / 2 + PE
    Total System Jitter     (TSJ):    0.050ns
    Total Input Jitter      (TIJ):    0.000ns
    Discrete Jitter          (DJ):    0.000ns
    Phase Error              (PE):    0.000ns

    Location             Delay type                Incr(ns)  Path(ns)    Netlist Resource(s)
  -------------------------------------------------------------------    -------------------
                         (clock sys_clk_pin rise edge)
                                                      0.000     0.000 r  
    W5                                                0.000     0.000 r  clk (IN)
                         net (fo=0)                   0.000     0.000    clk
    W5                   IBUF (Prop_ibuf_I_O)         1.458     1.458 r  clk_IBUF_inst/O
                         net (fo=1, routed)           1.967     3.425    clk_IBUF
    BUFGCTRL_X0Y0        BUFG (Prop_bufg_I_O)         0.096     3.521 r  clk_IBUF_BUFG_inst/O
                         net (fo=34, routed)          1.606     5.127    clk_IBUF_BUFG
    SLICE_X64Y75         FDCE                                         r  current_lvl_reg/C
  -------------------------------------------------------------------    -------------------
    SLICE_X64Y75         FDCE (Prop_fdce_C_Q)         0.518     5.645 r  current_lvl_reg/Q
                         net (fo=4, routed)           2.186     7.831    tx_pmod_OBUF
    SLICE_X41Y60         LUT6 (Prop_lut6_I2_O)        0.124     7.955 r  vgaRed_OBUF[3]_inst_i_1/O
                         net (fo=12, routed)          3.779    11.734    vgaBlue_OBUF[0]
    J17                  OBUF (Prop_obuf_I_O)         3.521    15.255 r  vgaGreen_OBUF[0]_inst/O
                         net (fo=0)                   0.000    15.255    vgaGreen[0]
    J17                                                               r  vgaGreen[0] (OUT)
  -------------------------------------------------------------------    -------------------

Slack:                    inf
  Source:                 current_lvl_reg/C
                            (rising edge-triggered cell FDCE clocked by sys_clk_pin  {rise@0.000ns fall@5.000ns period=10.000ns})
  Destination:            vgaRed[2]
                            (output port)
  Path Group:             (none)
  Path Type:              Max at Slow Process Corner
  Data Path Delay:        9.981ns  (logic 4.166ns (41.739%)  route 5.815ns (58.261%))
  Logic Levels:           2  (LUT6=1 OBUF=1)
  Clock Uncertainty:      0.025ns  ((TSJ^2 + TIJ^2)^1/2 + DJ) / 2 + PE
    Total System Jitter     (TSJ):    0.050ns
    Total Input Jitter      (TIJ):    0.000ns
    Discrete Jitter          (DJ):    0.000ns
    Phase Error              (PE):    0.000ns

    Location             Delay type                Incr(ns)  Path(ns)    Netlist Resource(s)
  -------------------------------------------------------------------    -------------------
                         (clock sys_clk_pin rise edge)
                                                      0.000     0.000 r  
    W5                                                0.000     0.000 r  clk (IN)
                         net (fo=0)                   0.000     0.000    clk
    W5                   IBUF (Prop_ibuf_I_O)         1.458     1.458 r  clk_IBUF_inst/O
                         net (fo=1, routed)           1.967     3.425    clk_IBUF
    BUFGCTRL_X0Y0        BUFG (Prop_bufg_I_O)         0.096     3.521 r  clk_IBUF_BUFG_inst/O
                         net (fo=34, routed)          1.606     5.127    clk_IBUF_BUFG
    SLICE_X64Y75         FDCE                                         r  current_lvl_reg/C
  -------------------------------------------------------------------    -------------------
    SLICE_X64Y75         FDCE (Prop_fdce_C_Q)         0.518     5.645 r  current_lvl_reg/Q
                         net (fo=4, routed)           2.186     7.831    tx_pmod_OBUF
    SLICE_X41Y60         LUT6 (Prop_lut6_I2_O)        0.124     7.955 r  vgaRed_OBUF[3]_inst_i_1/O
                         net (fo=12, routed)          3.629    11.584    vgaBlue_OBUF[0]
    J19                  OBUF (Prop_obuf_I_O)         3.524    15.108 r  vgaRed_OBUF[2]_inst/O
                         net (fo=0)                   0.000    15.108    vgaRed[2]
    J19                                                               r  vgaRed[2] (OUT)
  -------------------------------------------------------------------    -------------------

Slack:                    inf
  Source:                 current_lvl_reg/C
                            (rising edge-triggered cell FDCE clocked by sys_clk_pin  {rise@0.000ns fall@5.000ns period=10.000ns})
  Destination:            nrz_out
                            (output port)
  Path Group:             (none)
  Path Type:              Max at Slow Process Corner
  Data Path Delay:        9.895ns  (logic 4.023ns (40.654%)  route 5.872ns (59.346%))
  Logic Levels:           1  (OBUF=1)
  Clock Uncertainty:      0.025ns  ((TSJ^2 + TIJ^2)^1/2 + DJ) / 2 + PE
    Total System Jitter     (TSJ):    0.050ns
    Total Input Jitter      (TIJ):    0.000ns
    Discrete Jitter          (DJ):    0.000ns
    Phase Error              (PE):    0.000ns

    Location             Delay type                Incr(ns)  Path(ns)    Netlist Resource(s)
  -------------------------------------------------------------------    -------------------
                         (clock sys_clk_pin rise edge)
                                                      0.000     0.000 r  
    W5                                                0.000     0.000 r  clk (IN)
                         net (fo=0)                   0.000     0.000    clk
    W5                   IBUF (Prop_ibuf_I_O)         1.458     1.458 r  clk_IBUF_inst/O
                         net (fo=1, routed)           1.967     3.425    clk_IBUF
    BUFGCTRL_X0Y0        BUFG (Prop_bufg_I_O)         0.096     3.521 r  clk_IBUF_BUFG_inst/O
                         net (fo=34, routed)          1.606     5.127    clk_IBUF_BUFG
    SLICE_X64Y75         FDCE                                         r  current_lvl_reg/C
  -------------------------------------------------------------------    -------------------
    SLICE_X64Y75         FDCE (Prop_fdce_C_Q)         0.518     5.645 r  current_lvl_reg/Q
                         net (fo=4, routed)           5.872    11.517    tx_pmod_OBUF
    U16                  OBUF (Prop_obuf_I_O)         3.505    15.022 r  nrz_out_OBUF_inst/O
                         net (fo=0)                   0.000    15.022    nrz_out
    U16                                                               r  nrz_out (OUT)
  -------------------------------------------------------------------    -------------------

Slack:                    inf
  Source:                 current_lvl_reg/C
                            (rising edge-triggered cell FDCE clocked by sys_clk_pin  {rise@0.000ns fall@5.000ns period=10.000ns})
  Destination:            vgaGreen[2]
                            (output port)
  Path Group:             (none)
  Path Type:              Max at Slow Process Corner
  Data Path Delay:        9.833ns  (logic 4.171ns (42.420%)  route 5.662ns (57.580%))
  Logic Levels:           2  (LUT6=1 OBUF=1)
  Clock Uncertainty:      0.025ns  ((TSJ^2 + TIJ^2)^1/2 + DJ) / 2 + PE
    Total System Jitter     (TSJ):    0.050ns
    Total Input Jitter      (TIJ):    0.000ns
    Discrete Jitter          (DJ):    0.000ns
    Phase Error              (PE):    0.000ns

    Location             Delay type                Incr(ns)  Path(ns)    Netlist Resource(s)
  -------------------------------------------------------------------    -------------------
                         (clock sys_clk_pin rise edge)
                                                      0.000     0.000 r  
    W5                                                0.000     0.000 r  clk (IN)
                         net (fo=0)                   0.000     0.000    clk
    W5                   IBUF (Prop_ibuf_I_O)         1.458     1.458 r  clk_IBUF_inst/O
                         net (fo=1, routed)           1.967     3.425    clk_IBUF
    BUFGCTRL_X0Y0        BUFG (Prop_bufg_I_O)         0.096     3.521 r  clk_IBUF_BUFG_inst/O
                         net (fo=34, routed)          1.606     5.127    clk_IBUF_BUFG
    SLICE_X64Y75         FDCE                                         r  current_lvl_reg/C
  -------------------------------------------------------------------    -------------------
    SLICE_X64Y75         FDCE (Prop_fdce_C_Q)         0.518     5.645 r  current_lvl_reg/Q
                         net (fo=4, routed)           2.186     7.831    tx_pmod_OBUF
    SLICE_X41Y60         LUT6 (Prop_lut6_I2_O)        0.124     7.955 r  vgaRed_OBUF[3]_inst_i_1/O
                         net (fo=12, routed)          3.475    11.431    vgaBlue_OBUF[0]
    G17                  OBUF (Prop_obuf_I_O)         3.529    14.960 r  vgaGreen_OBUF[2]_inst/O
                         net (fo=0)                   0.000    14.960    vgaGreen[2]
    G17                                                               r  vgaGreen[2] (OUT)
  -------------------------------------------------------------------    -------------------

Slack:                    inf
  Source:                 current_lvl_reg/C
                            (rising edge-triggered cell FDCE clocked by sys_clk_pin  {rise@0.000ns fall@5.000ns period=10.000ns})
  Destination:            vgaGreen[1]
                            (output port)
  Path Group:             (none)
  Path Type:              Max at Slow Process Corner
  Data Path Delay:        9.659ns  (logic 4.147ns (42.938%)  route 5.512ns (57.062%))
  Logic Levels:           2  (LUT6=1 OBUF=1)
  Clock Uncertainty:      0.025ns  ((TSJ^2 + TIJ^2)^1/2 + DJ) / 2 + PE
    Total System Jitter     (TSJ):    0.050ns
    Total Input Jitter      (TIJ):    0.000ns
    Discrete Jitter          (DJ):    0.000ns
    Phase Error              (PE):    0.000ns

    Location             Delay type                Incr(ns)  Path(ns)    Netlist Resource(s)
  -------------------------------------------------------------------    -------------------
                         (clock sys_clk_pin rise edge)
                                                      0.000     0.000 r  
    W5                                                0.000     0.000 r  clk (IN)
                         net (fo=0)                   0.000     0.000    clk
    W5                   IBUF (Prop_ibuf_I_O)         1.458     1.458 r  clk_IBUF_inst/O
                         net (fo=1, routed)           1.967     3.425    clk_IBUF
    BUFGCTRL_X0Y0        BUFG (Prop_bufg_I_O)         0.096     3.521 r  clk_IBUF_BUFG_inst/O
                         net (fo=34, routed)          1.606     5.127    clk_IBUF_BUFG
    SLICE_X64Y75         FDCE                                         r  current_lvl_reg/C
  -------------------------------------------------------------------    -------------------
    SLICE_X64Y75         FDCE (Prop_fdce_C_Q)         0.518     5.645 r  current_lvl_reg/Q
                         net (fo=4, routed)           2.186     7.831    tx_pmod_OBUF
    SLICE_X41Y60         LUT6 (Prop_lut6_I2_O)        0.124     7.955 r  vgaRed_OBUF[3]_inst_i_1/O
                         net (fo=12, routed)          3.325    11.281    vgaBlue_OBUF[0]
    H17                  OBUF (Prop_obuf_I_O)         3.505    14.786 r  vgaGreen_OBUF[1]_inst/O
                         net (fo=0)                   0.000    14.786    vgaGreen[1]
    H17                                                               r  vgaGreen[1] (OUT)
  -------------------------------------------------------------------    -------------------





Min Delay Paths
--------------------------------------------------------------------------------------
Slack:                    inf
  Source:                 bit_ptr_reg[0]/C
                            (rising edge-triggered cell FDPE clocked by sys_clk_pin  {rise@0.000ns fall@5.000ns period=10.000ns})
  Destination:            bit_idx[0]
                            (output port)
  Path Group:             (none)
  Path Type:              Min at Fast Process Corner
  Data Path Delay:        1.775ns  (logic 1.383ns (77.909%)  route 0.392ns (22.091%))
  Logic Levels:           1  (OBUF=1)
  Clock Uncertainty:      0.025ns  ((TSJ^2 + TIJ^2)^1/2 + DJ) / 2 + PE
    Total System Jitter     (TSJ):    0.050ns
    Total Input Jitter      (TIJ):    0.000ns
    Discrete Jitter          (DJ):    0.000ns
    Phase Error              (PE):    0.000ns

    Location             Delay type                Incr(ns)  Path(ns)    Netlist Resource(s)
  -------------------------------------------------------------------    -------------------
                         (clock sys_clk_pin rise edge)
                                                      0.000     0.000 r  
    W5                                                0.000     0.000 r  clk (IN)
                         net (fo=0)                   0.000     0.000    clk
    W5                   IBUF (Prop_ibuf_I_O)         0.226     0.226 r  clk_IBUF_inst/O
                         net (fo=1, routed)           0.631     0.858    clk_IBUF
    BUFGCTRL_X0Y0        BUFG (Prop_bufg_I_O)         0.026     0.884 r  clk_IBUF_BUFG_inst/O
                         net (fo=34, routed)          0.580     1.463    clk_IBUF_BUFG
    SLICE_X64Y74         FDPE                                         r  bit_ptr_reg[0]/C
  -------------------------------------------------------------------    -------------------
    SLICE_X64Y74         FDPE (Prop_fdpe_C_Q)         0.164     1.627 r  bit_ptr_reg[0]/Q
                         net (fo=9, routed)           0.392     2.019    bit_idx_OBUF[0]
    P3                   OBUF (Prop_obuf_I_O)         1.219     3.239 r  bit_idx_OBUF[0]_inst/O
                         net (fo=0)                   0.000     3.239    bit_idx[0]
    P3                                                                r  bit_idx[0] (OUT)
  -------------------------------------------------------------------    -------------------

Slack:                    inf
  Source:                 bit_ptr_reg[1]/C
                            (rising edge-triggered cell FDPE clocked by sys_clk_pin  {rise@0.000ns fall@5.000ns period=10.000ns})
  Destination:            bit_idx[1]
                            (output port)
  Path Group:             (none)
  Path Type:              Min at Fast Process Corner
  Data Path Delay:        1.865ns  (logic 1.409ns (75.558%)  route 0.456ns (24.442%))
  Logic Levels:           1  (OBUF=1)
  Clock Uncertainty:      0.025ns  ((TSJ^2 + TIJ^2)^1/2 + DJ) / 2 + PE
    Total System Jitter     (TSJ):    0.050ns
    Total Input Jitter      (TIJ):    0.000ns
    Discrete Jitter          (DJ):    0.000ns
    Phase Error              (PE):    0.000ns

    Location             Delay type                Incr(ns)  Path(ns)    Netlist Resource(s)
  -------------------------------------------------------------------    -------------------
                         (clock sys_clk_pin rise edge)
                                                      0.000     0.000 r  
    W5                                                0.000     0.000 r  clk (IN)
                         net (fo=0)                   0.000     0.000    clk
    W5                   IBUF (Prop_ibuf_I_O)         0.226     0.226 r  clk_IBUF_inst/O
                         net (fo=1, routed)           0.631     0.858    clk_IBUF
    BUFGCTRL_X0Y0        BUFG (Prop_bufg_I_O)         0.026     0.884 r  clk_IBUF_BUFG_inst/O
                         net (fo=34, routed)          0.580     1.463    clk_IBUF_BUFG
    SLICE_X64Y74         FDPE                                         r  bit_ptr_reg[1]/C
  -------------------------------------------------------------------    -------------------
    SLICE_X64Y74         FDPE (Prop_fdpe_C_Q)         0.148     1.611 r  bit_ptr_reg[1]/Q
                         net (fo=8, routed)           0.456     2.067    bit_idx_OBUF[1]
    N3                   OBUF (Prop_obuf_I_O)         1.261     3.329 r  bit_idx_OBUF[1]_inst/O
                         net (fo=0)                   0.000     3.329    bit_idx[1]
    N3                                                                r  bit_idx[1] (OUT)
  -------------------------------------------------------------------    -------------------

Slack:                    inf
  Source:                 bit_ptr_reg[2]/C
                            (rising edge-triggered cell FDPE clocked by sys_clk_pin  {rise@0.000ns fall@5.000ns period=10.000ns})
  Destination:            bit_idx[2]
                            (output port)
  Path Group:             (none)
  Path Type:              Min at Fast Process Corner
  Data Path Delay:        1.908ns  (logic 1.380ns (72.343%)  route 0.528ns (27.657%))
  Logic Levels:           1  (OBUF=1)
  Clock Uncertainty:      0.025ns  ((TSJ^2 + TIJ^2)^1/2 + DJ) / 2 + PE
    Total System Jitter     (TSJ):    0.050ns
    Total Input Jitter      (TIJ):    0.000ns
    Discrete Jitter          (DJ):    0.000ns
    Phase Error              (PE):    0.000ns

    Location             Delay type                Incr(ns)  Path(ns)    Netlist Resource(s)
  -------------------------------------------------------------------    -------------------
                         (clock sys_clk_pin rise edge)
                                                      0.000     0.000 r  
    W5                                                0.000     0.000 r  clk (IN)
                         net (fo=0)                   0.000     0.000    clk
    W5                   IBUF (Prop_ibuf_I_O)         0.226     0.226 r  clk_IBUF_inst/O
                         net (fo=1, routed)           0.631     0.858    clk_IBUF
    BUFGCTRL_X0Y0        BUFG (Prop_bufg_I_O)         0.026     0.884 r  clk_IBUF_BUFG_inst/O
                         net (fo=34, routed)          0.580     1.463    clk_IBUF_BUFG
    SLICE_X64Y74         FDPE                                         r  bit_ptr_reg[2]/C
  -------------------------------------------------------------------    -------------------
    SLICE_X64Y74         FDPE (Prop_fdpe_C_Q)         0.164     1.627 r  bit_ptr_reg[2]/Q
                         net (fo=5, routed)           0.528     2.155    bit_idx_OBUF[2]
    P1                   OBUF (Prop_obuf_I_O)         1.216     3.371 r  bit_idx_OBUF[2]_inst/O
                         net (fo=0)                   0.000     3.371    bit_idx[2]
    P1                                                                r  bit_idx[2] (OUT)
  -------------------------------------------------------------------    -------------------

Slack:                    inf
  Source:                 current_lvl_reg/C
                            (rising edge-triggered cell FDCE clocked by sys_clk_pin  {rise@0.000ns fall@5.000ns period=10.000ns})
  Destination:            tx_pmod
                            (output port)
  Path Group:             (none)
  Path Type:              Min at Fast Process Corner
  Data Path Delay:        1.976ns  (logic 1.370ns (69.321%)  route 0.606ns (30.679%))
  Logic Levels:           1  (OBUF=1)
  Clock Uncertainty:      0.025ns  ((TSJ^2 + TIJ^2)^1/2 + DJ) / 2 + PE
    Total System Jitter     (TSJ):    0.050ns
    Total Input Jitter      (TIJ):    0.000ns
    Discrete Jitter          (DJ):    0.000ns
    Phase Error              (PE):    0.000ns

    Location             Delay type                Incr(ns)  Path(ns)    Netlist Resource(s)
  -------------------------------------------------------------------    -------------------
                         (clock sys_clk_pin rise edge)
                                                      0.000     0.000 r  
    W5                                                0.000     0.000 r  clk (IN)
                         net (fo=0)                   0.000     0.000    clk
    W5                   IBUF (Prop_ibuf_I_O)         0.226     0.226 r  clk_IBUF_inst/O
                         net (fo=1, routed)           0.631     0.858    clk_IBUF
    BUFGCTRL_X0Y0        BUFG (Prop_bufg_I_O)         0.026     0.884 r  clk_IBUF_BUFG_inst/O
                         net (fo=34, routed)          0.580     1.463    clk_IBUF_BUFG
    SLICE_X64Y75         FDCE                                         r  current_lvl_reg/C
  -------------------------------------------------------------------    -------------------
    SLICE_X64Y75         FDCE (Prop_fdce_C_Q)         0.164     1.627 r  current_lvl_reg/Q
                         net (fo=4, routed)           0.606     2.234    tx_pmod_OBUF
    J1                   OBUF (Prop_obuf_I_O)         1.206     3.440 r  tx_pmod_OBUF_inst/O
                         net (fo=0)                   0.000     3.440    tx_pmod
    J1                                                                r  tx_pmod (OUT)
  -------------------------------------------------------------------    -------------------

Slack:                    inf
  Source:                 bit_ptr_reg[3]/C
                            (rising edge-triggered cell FDPE clocked by sys_clk_pin  {rise@0.000ns fall@5.000ns period=10.000ns})
  Destination:            bit_idx[3]
                            (output port)
  Path Group:             (none)
  Path Type:              Min at Fast Process Corner
  Data Path Delay:        2.043ns  (logic 1.424ns (69.713%)  route 0.619ns (30.287%))
  Logic Levels:           1  (OBUF=1)
  Clock Uncertainty:      0.025ns  ((TSJ^2 + TIJ^2)^1/2 + DJ) / 2 + PE
    Total System Jitter     (TSJ):    0.050ns
    Total Input Jitter      (TIJ):    0.000ns
    Discrete Jitter          (DJ):    0.000ns
    Phase Error              (PE):    0.000ns

    Location             Delay type                Incr(ns)  Path(ns)    Netlist Resource(s)
  -------------------------------------------------------------------    -------------------
                         (clock sys_clk_pin rise edge)
                                                      0.000     0.000 r  
    W5                                                0.000     0.000 r  clk (IN)
                         net (fo=0)                   0.000     0.000    clk
    W5                   IBUF (Prop_ibuf_I_O)         0.226     0.226 r  clk_IBUF_inst/O
                         net (fo=1, routed)           0.631     0.858    clk_IBUF
    BUFGCTRL_X0Y0        BUFG (Prop_bufg_I_O)         0.026     0.884 r  clk_IBUF_BUFG_inst/O
                         net (fo=34, routed)          0.580     1.463    clk_IBUF_BUFG
    SLICE_X64Y74         FDPE                                         r  bit_ptr_reg[3]/C
  -------------------------------------------------------------------    -------------------
    SLICE_X64Y74         FDPE (Prop_fdpe_C_Q)         0.148     1.611 r  bit_ptr_reg[3]/Q
                         net (fo=3, routed)           0.619     2.230    bit_idx_OBUF[3]
    L1                   OBUF (Prop_obuf_I_O)         1.276     3.506 r  bit_idx_OBUF[3]_inst/O
                         net (fo=0)                   0.000     3.506    bit_idx[3]
    L1                                                                r  bit_idx[3] (OUT)
  -------------------------------------------------------------------    -------------------

Slack:                    inf
  Source:                 current_lvl_reg/C
                            (rising edge-triggered cell FDCE clocked by sys_clk_pin  {rise@0.000ns fall@5.000ns period=10.000ns})
  Destination:            vgaGreen[3]
                            (output port)
  Path Group:             (none)
  Path Type:              Min at Fast Process Corner
  Data Path Delay:        3.218ns  (logic 1.440ns (44.761%)  route 1.778ns (55.239%))
  Logic Levels:           2  (LUT6=1 OBUF=1)
  Clock Uncertainty:      0.025ns  ((TSJ^2 + TIJ^2)^1/2 + DJ) / 2 + PE
    Total System Jitter     (TSJ):    0.050ns
    Total Input Jitter      (TIJ):    0.000ns
    Discrete Jitter          (DJ):    0.000ns
    Phase Error              (PE):    0.000ns

    Location             Delay type                Incr(ns)  Path(ns)    Netlist Resource(s)
  -------------------------------------------------------------------    -------------------
                         (clock sys_clk_pin rise edge)
                                                      0.000     0.000 r  
    W5                                                0.000     0.000 r  clk (IN)
                         net (fo=0)                   0.000     0.000    clk
    W5                   IBUF (Prop_ibuf_I_O)         0.226     0.226 r  clk_IBUF_inst/O
                         net (fo=1, routed)           0.631     0.858    clk_IBUF
    BUFGCTRL_X0Y0        BUFG (Prop_bufg_I_O)         0.026     0.884 r  clk_IBUF_BUFG_inst/O
                         net (fo=34, routed)          0.580     1.463    clk_IBUF_BUFG
    SLICE_X64Y75         FDCE                                         r  current_lvl_reg/C
  -------------------------------------------------------------------    -------------------
    SLICE_X64Y75         FDCE (Prop_fdce_C_Q)         0.164     1.627 r  current_lvl_reg/Q
                         net (fo=4, routed)           0.980     2.608    tx_pmod_OBUF
    SLICE_X41Y60         LUT6 (Prop_lut6_I2_O)        0.045     2.653 r  vgaRed_OBUF[3]_inst_i_1/O
                         net (fo=12, routed)          0.797     3.450    vgaBlue_OBUF[0]
    D17                  OBUF (Prop_obuf_I_O)         1.231     4.681 r  vgaGreen_OBUF[3]_inst/O
                         net (fo=0)                   0.000     4.681    vgaGreen[3]
    D17                                                               r  vgaGreen[3] (OUT)
  -------------------------------------------------------------------    -------------------

Slack:                    inf
  Source:                 current_lvl_reg/C
                            (rising edge-triggered cell FDCE clocked by sys_clk_pin  {rise@0.000ns fall@5.000ns period=10.000ns})
  Destination:            vgaRed[1]
                            (output port)
  Path Group:             (none)
  Path Type:              Min at Fast Process Corner
  Data Path Delay:        3.353ns  (logic 1.429ns (42.625%)  route 1.924ns (57.375%))
  Logic Levels:           2  (LUT6=1 OBUF=1)
  Clock Uncertainty:      0.025ns  ((TSJ^2 + TIJ^2)^1/2 + DJ) / 2 + PE
    Total System Jitter     (TSJ):    0.050ns
    Total Input Jitter      (TIJ):    0.000ns
    Discrete Jitter          (DJ):    0.000ns
    Phase Error              (PE):    0.000ns

    Location             Delay type                Incr(ns)  Path(ns)    Netlist Resource(s)
  -------------------------------------------------------------------    -------------------
                         (clock sys_clk_pin rise edge)
                                                      0.000     0.000 r  
    W5                                                0.000     0.000 r  clk (IN)
                         net (fo=0)                   0.000     0.000    clk
    W5                   IBUF (Prop_ibuf_I_O)         0.226     0.226 r  clk_IBUF_inst/O
                         net (fo=1, routed)           0.631     0.858    clk_IBUF
    BUFGCTRL_X0Y0        BUFG (Prop_bufg_I_O)         0.026     0.884 r  clk_IBUF_BUFG_inst/O
                         net (fo=34, routed)          0.580     1.463    clk_IBUF_BUFG
    SLICE_X64Y75         FDCE                                         r  current_lvl_reg/C
  -------------------------------------------------------------------    -------------------
    SLICE_X64Y75         FDCE (Prop_fdce_C_Q)         0.164     1.627 r  current_lvl_reg/Q
                         net (fo=4, routed)           0.980     2.608    tx_pmod_OBUF
    SLICE_X41Y60         LUT6 (Prop_lut6_I2_O)        0.045     2.653 r  vgaRed_OBUF[3]_inst_i_1/O
                         net (fo=12, routed)          0.944     3.596    vgaBlue_OBUF[0]
    H19                  OBUF (Prop_obuf_I_O)         1.220     4.816 r  vgaRed_OBUF[1]_inst/O
                         net (fo=0)                   0.000     4.816    vgaRed[1]
    H19                                                               r  vgaRed[1] (OUT)
  -------------------------------------------------------------------    -------------------

Slack:                    inf
  Source:                 current_lvl_reg/C
                            (rising edge-triggered cell FDCE clocked by sys_clk_pin  {rise@0.000ns fall@5.000ns period=10.000ns})
  Destination:            vgaRed[0]
                            (output port)
  Path Group:             (none)
  Path Type:              Min at Fast Process Corner
  Data Path Delay:        3.420ns  (logic 1.434ns (41.915%)  route 1.987ns (58.085%))
  Logic Levels:           2  (LUT6=1 OBUF=1)
  Clock Uncertainty:      0.025ns  ((TSJ^2 + TIJ^2)^1/2 + DJ) / 2 + PE
    Total System Jitter     (TSJ):    0.050ns
    Total Input Jitter      (TIJ):    0.000ns
    Discrete Jitter          (DJ):    0.000ns
    Phase Error              (PE):    0.000ns

    Location             Delay type                Incr(ns)  Path(ns)    Netlist Resource(s)
  -------------------------------------------------------------------    -------------------
                         (clock sys_clk_pin rise edge)
                                                      0.000     0.000 r  
    W5                                                0.000     0.000 r  clk (IN)
                         net (fo=0)                   0.000     0.000    clk
    W5                   IBUF (Prop_ibuf_I_O)         0.226     0.226 r  clk_IBUF_inst/O
                         net (fo=1, routed)           0.631     0.858    clk_IBUF
    BUFGCTRL_X0Y0        BUFG (Prop_bufg_I_O)         0.026     0.884 r  clk_IBUF_BUFG_inst/O
                         net (fo=34, routed)          0.580     1.463    clk_IBUF_BUFG
    SLICE_X64Y75         FDCE                                         r  current_lvl_reg/C
  -------------------------------------------------------------------    -------------------
    SLICE_X64Y75         FDCE (Prop_fdce_C_Q)         0.164     1.627 r  current_lvl_reg/Q
                         net (fo=4, routed)           0.980     2.608    tx_pmod_OBUF
    SLICE_X41Y60         LUT6 (Prop_lut6_I2_O)        0.045     2.653 r  vgaRed_OBUF[3]_inst_i_1/O
                         net (fo=12, routed)          1.007     3.659    vgaBlue_OBUF[0]
    G19                  OBUF (Prop_obuf_I_O)         1.225     4.884 r  vgaRed_OBUF[0]_inst/O
                         net (fo=0)                   0.000     4.884    vgaRed[0]
    G19                                                               r  vgaRed[0] (OUT)
  -------------------------------------------------------------------    -------------------

Slack:                    inf
  Source:                 current_lvl_reg/C
                            (rising edge-triggered cell FDCE clocked by sys_clk_pin  {rise@0.000ns fall@5.000ns period=10.000ns})
  Destination:            vgaGreen[1]
                            (output port)
  Path Group:             (none)
  Path Type:              Min at Fast Process Corner
  Data Path Delay:        3.465ns  (logic 1.416ns (40.850%)  route 2.050ns (59.150%))
  Logic Levels:           2  (LUT6=1 OBUF=1)
  Clock Uncertainty:      0.025ns  ((TSJ^2 + TIJ^2)^1/2 + DJ) / 2 + PE
    Total System Jitter     (TSJ):    0.050ns
    Total Input Jitter      (TIJ):    0.000ns
    Discrete Jitter          (DJ):    0.000ns
    Phase Error              (PE):    0.000ns

    Location             Delay type                Incr(ns)  Path(ns)    Netlist Resource(s)
  -------------------------------------------------------------------    -------------------
                         (clock sys_clk_pin rise edge)
                                                      0.000     0.000 r  
    W5                                                0.000     0.000 r  clk (IN)
                         net (fo=0)                   0.000     0.000    clk
    W5                   IBUF (Prop_ibuf_I_O)         0.226     0.226 r  clk_IBUF_inst/O
                         net (fo=1, routed)           0.631     0.858    clk_IBUF
    BUFGCTRL_X0Y0        BUFG (Prop_bufg_I_O)         0.026     0.884 r  clk_IBUF_BUFG_inst/O
                         net (fo=34, routed)          0.580     1.463    clk_IBUF_BUFG
    SLICE_X64Y75         FDCE                                         r  current_lvl_reg/C
  -------------------------------------------------------------------    -------------------
    SLICE_X64Y75         FDCE (Prop_fdce_C_Q)         0.164     1.627 r  current_lvl_reg/Q
                         net (fo=4, routed)           0.980     2.608    tx_pmod_OBUF
    SLICE_X41Y60         LUT6 (Prop_lut6_I2_O)        0.045     2.653 r  vgaRed_OBUF[3]_inst_i_1/O
                         net (fo=12, routed)          1.069     3.722    vgaBlue_OBUF[0]
    H17                  OBUF (Prop_obuf_I_O)         1.207     4.929 r  vgaGreen_OBUF[1]_inst/O
                         net (fo=0)                   0.000     4.929    vgaGreen[1]
    H17                                                               r  vgaGreen[1] (OUT)
  -------------------------------------------------------------------    -------------------

Slack:                    inf
  Source:                 current_lvl_reg/C
                            (rising edge-triggered cell FDCE clocked by sys_clk_pin  {rise@0.000ns fall@5.000ns period=10.000ns})
  Destination:            vgaGreen[2]
                            (output port)
  Path Group:             (none)
  Path Type:              Min at Fast Process Corner
  Data Path Delay:        3.552ns  (logic 1.439ns (40.516%)  route 2.113ns (59.484%))
  Logic Levels:           2  (LUT6=1 OBUF=1)
  Clock Uncertainty:      0.025ns  ((TSJ^2 + TIJ^2)^1/2 + DJ) / 2 + PE
    Total System Jitter     (TSJ):    0.050ns
    Total Input Jitter      (TIJ):    0.000ns
    Discrete Jitter          (DJ):    0.000ns
    Phase Error              (PE):    0.000ns

    Location             Delay type                Incr(ns)  Path(ns)    Netlist Resource(s)
  -------------------------------------------------------------------    -------------------
                         (clock sys_clk_pin rise edge)
                                                      0.000     0.000 r  
    W5                                                0.000     0.000 r  clk (IN)
                         net (fo=0)                   0.000     0.000    clk
    W5                   IBUF (Prop_ibuf_I_O)         0.226     0.226 r  clk_IBUF_inst/O
                         net (fo=1, routed)           0.631     0.858    clk_IBUF
    BUFGCTRL_X0Y0        BUFG (Prop_bufg_I_O)         0.026     0.884 r  clk_IBUF_BUFG_inst/O
                         net (fo=34, routed)          0.580     1.463    clk_IBUF_BUFG
    SLICE_X64Y75         FDCE                                         r  current_lvl_reg/C
  -------------------------------------------------------------------    -------------------
    SLICE_X64Y75         FDCE (Prop_fdce_C_Q)         0.164     1.627 r  current_lvl_reg/Q
                         net (fo=4, routed)           0.980     2.608    tx_pmod_OBUF
    SLICE_X41Y60         LUT6 (Prop_lut6_I2_O)        0.045     2.653 r  vgaRed_OBUF[3]_inst_i_1/O
                         net (fo=12, routed)          1.132     3.785    vgaBlue_OBUF[0]
    G17                  OBUF (Prop_obuf_I_O)         1.230     5.015 r  vgaGreen_OBUF[2]_inst/O
                         net (fo=0)                   0.000     5.015    vgaGreen[2]
    G17                                                               r  vgaGreen[2] (OUT)
  -------------------------------------------------------------------    -------------------





--------------------------------------------------------------------------------------
Path Group:  (none)
From Clock:  
  To Clock:  sys_clk_pin

Max Delay            35 Endpoints
Min Delay            35 Endpoints
--------------------------------------------------------------------------------------


Max Delay Paths
--------------------------------------------------------------------------------------
Slack:                    inf
  Source:                 data_in[6]
                            (input port)
  Destination:            current_lvl_reg/D
                            (rising edge-triggered cell FDCE clocked by sys_clk_pin  {rise@0.000ns fall@5.000ns period=10.000ns})
  Path Group:             (none)
  Path Type:              Setup (Max at Slow Process Corner)
  Data Path Delay:        8.343ns  (logic 2.090ns (25.046%)  route 6.254ns (74.954%))
  Logic Levels:           4  (IBUF=1 LUT6=2 MUXF7=1)
  Clock Path Skew:        4.833ns (DCD - SCD + CPR)
    Destination Clock Delay (DCD):    4.833ns
    Source Clock Delay      (SCD):    0.000ns
    Clock Pessimism Removal (CPR):    0.000ns
  Clock Uncertainty:      0.025ns  ((TSJ^2 + TIJ^2)^1/2 + DJ) / 2 + PE
    Total System Jitter     (TSJ):    0.050ns
    Total Input Jitter      (TIJ):    0.000ns
    Discrete Jitter          (DJ):    0.000ns
    Phase Error              (PE):    0.000ns

    Location             Delay type                Incr(ns)  Path(ns)    Netlist Resource(s)
  -------------------------------------------------------------------    -------------------
    W14                                               0.000     0.000 r  data_in[6] (IN)
                         net (fo=0)                   0.000     0.000    data_in[6]
    W14                  IBUF (Prop_ibuf_I_O)         1.450     1.450 r  data_in_IBUF[6]_inst/O
                         net (fo=1, routed)           3.943     5.393    data_in_IBUF[6]
    SLICE_X36Y57         LUT6 (Prop_lut6_I1_O)        0.124     5.517 r  current_lvl_i_13/O
                         net (fo=1, routed)           0.000     5.517    current_lvl_i_13_n_0
    SLICE_X36Y57         MUXF7 (Prop_muxf7_I1_O)      0.217     5.734 r  current_lvl_reg_i_5/O
                         net (fo=1, routed)           2.310     8.044    current_lvl_reg_i_5_n_0
    SLICE_X64Y75         LUT6 (Prop_lut6_I5_O)        0.299     8.343 r  current_lvl_i_1/O
                         net (fo=1, routed)           0.000     8.343    current_lvl
    SLICE_X64Y75         FDCE                                         r  current_lvl_reg/D
  -------------------------------------------------------------------    -------------------

                         (clock sys_clk_pin rise edge)
                                                      0.000     0.000 r  
    W5                                                0.000     0.000 r  clk (IN)
                         net (fo=0)                   0.000     0.000    clk
    W5                   IBUF (Prop_ibuf_I_O)         1.388     1.388 r  clk_IBUF_inst/O
                         net (fo=1, routed)           1.862     3.250    clk_IBUF
    BUFGCTRL_X0Y0        BUFG (Prop_bufg_I_O)         0.091     3.341 r  clk_IBUF_BUFG_inst/O
                         net (fo=34, routed)          1.492     4.833    clk_IBUF_BUFG
    SLICE_X64Y75         FDCE                                         r  current_lvl_reg/C

Slack:                    inf
  Source:                 reset
                            (input port)
  Destination:            tick_counter_reg[24]/CLR
                            (recovery check against rising-edge clock sys_clk_pin  {rise@0.000ns fall@5.000ns period=10.000ns})
  Path Group:             (none)
  Path Type:              Recovery (Max at Slow Process Corner)
  Data Path Delay:        7.792ns  (logic 1.441ns (18.498%)  route 6.350ns (81.502%))
  Logic Levels:           1  (IBUF=1)
  Clock Path Skew:        4.838ns (DCD - SCD + CPR)
    Destination Clock Delay (DCD):    4.838ns
    Source Clock Delay      (SCD):    0.000ns
    Clock Pessimism Removal (CPR):    0.000ns
  Clock Uncertainty:      0.025ns  ((TSJ^2 + TIJ^2)^1/2 + DJ) / 2 + PE
    Total System Jitter     (TSJ):    0.050ns
    Total Input Jitter      (TIJ):    0.000ns
    Discrete Jitter          (DJ):    0.000ns
    Phase Error              (PE):    0.000ns

    Location             Delay type                Incr(ns)  Path(ns)    Netlist Resource(s)
  -------------------------------------------------------------------    -------------------
    U18                                               0.000     0.000 f  reset (IN)
                         net (fo=0)                   0.000     0.000    reset
    U18                  IBUF (Prop_ibuf_I_O)         1.441     1.441 f  reset_IBUF_inst/O
                         net (fo=54, routed)          6.350     7.792    reset_IBUF
    SLICE_X63Y78         FDCE                                         f  tick_counter_reg[24]/CLR
  -------------------------------------------------------------------    -------------------

                         (clock sys_clk_pin rise edge)
                                                      0.000     0.000 r  
    W5                                                0.000     0.000 r  clk (IN)
                         net (fo=0)                   0.000     0.000    clk
    W5                   IBUF (Prop_ibuf_I_O)         1.388     1.388 r  clk_IBUF_inst/O
                         net (fo=1, routed)           1.862     3.250    clk_IBUF
    BUFGCTRL_X0Y0        BUFG (Prop_bufg_I_O)         0.091     3.341 r  clk_IBUF_BUFG_inst/O
                         net (fo=34, routed)          1.497     4.838    clk_IBUF_BUFG
    SLICE_X63Y78         FDCE                                         r  tick_counter_reg[24]/C

Slack:                    inf
  Source:                 reset
                            (input port)
  Destination:            tick_counter_reg[25]/CLR
                            (recovery check against rising-edge clock sys_clk_pin  {rise@0.000ns fall@5.000ns period=10.000ns})
  Path Group:             (none)
  Path Type:              Recovery (Max at Slow Process Corner)
  Data Path Delay:        7.792ns  (logic 1.441ns (18.498%)  route 6.350ns (81.502%))
  Logic Levels:           1  (IBUF=1)
  Clock Path Skew:        4.838ns (DCD - SCD + CPR)
    Destination Clock Delay (DCD):    4.838ns
    Source Clock Delay      (SCD):    0.000ns
    Clock Pessimism Removal (CPR):    0.000ns
  Clock Uncertainty:      0.025ns  ((TSJ^2 + TIJ^2)^1/2 + DJ) / 2 + PE
    Total System Jitter     (TSJ):    0.050ns
    Total Input Jitter      (TIJ):    0.000ns
    Discrete Jitter          (DJ):    0.000ns
    Phase Error              (PE):    0.000ns

    Location             Delay type                Incr(ns)  Path(ns)    Netlist Resource(s)
  -------------------------------------------------------------------    -------------------
    U18                                               0.000     0.000 f  reset (IN)
                         net (fo=0)                   0.000     0.000    reset
    U18                  IBUF (Prop_ibuf_I_O)         1.441     1.441 f  reset_IBUF_inst/O
                         net (fo=54, routed)          6.350     7.792    reset_IBUF
    SLICE_X63Y78         FDCE                                         f  tick_counter_reg[25]/CLR
  -------------------------------------------------------------------    -------------------

                         (clock sys_clk_pin rise edge)
                                                      0.000     0.000 r  
    W5                                                0.000     0.000 r  clk (IN)
                         net (fo=0)                   0.000     0.000    clk
    W5                   IBUF (Prop_ibuf_I_O)         1.388     1.388 r  clk_IBUF_inst/O
                         net (fo=1, routed)           1.862     3.250    clk_IBUF
    BUFGCTRL_X0Y0        BUFG (Prop_bufg_I_O)         0.091     3.341 r  clk_IBUF_BUFG_inst/O
                         net (fo=34, routed)          1.497     4.838    clk_IBUF_BUFG
    SLICE_X63Y78         FDCE                                         r  tick_counter_reg[25]/C

Slack:                    inf
  Source:                 reset
                            (input port)
  Destination:            tick_counter_reg[26]/CLR
                            (recovery check against rising-edge clock sys_clk_pin  {rise@0.000ns fall@5.000ns period=10.000ns})
  Path Group:             (none)
  Path Type:              Recovery (Max at Slow Process Corner)
  Data Path Delay:        7.792ns  (logic 1.441ns (18.498%)  route 6.350ns (81.502%))
  Logic Levels:           1  (IBUF=1)
  Clock Path Skew:        4.838ns (DCD - SCD + CPR)
    Destination Clock Delay (DCD):    4.838ns
    Source Clock Delay      (SCD):    0.000ns
    Clock Pessimism Removal (CPR):    0.000ns
  Clock Uncertainty:      0.025ns  ((TSJ^2 + TIJ^2)^1/2 + DJ) / 2 + PE
    Total System Jitter     (TSJ):    0.050ns
    Total Input Jitter      (TIJ):    0.000ns
    Discrete Jitter          (DJ):    0.000ns
    Phase Error              (PE):    0.000ns

    Location             Delay type                Incr(ns)  Path(ns)    Netlist Resource(s)
  -------------------------------------------------------------------    -------------------
    U18                                               0.000     0.000 f  reset (IN)
                         net (fo=0)                   0.000     0.000    reset
    U18                  IBUF (Prop_ibuf_I_O)         1.441     1.441 f  reset_IBUF_inst/O
                         net (fo=54, routed)          6.350     7.792    reset_IBUF
    SLICE_X63Y78         FDCE                                         f  tick_counter_reg[26]/CLR
  -------------------------------------------------------------------    -------------------

                         (clock sys_clk_pin rise edge)
                                                      0.000     0.000 r  
    W5                                                0.000     0.000 r  clk (IN)
                         net (fo=0)                   0.000     0.000    clk
    W5                   IBUF (Prop_ibuf_I_O)         1.388     1.388 r  clk_IBUF_inst/O
                         net (fo=1, routed)           1.862     3.250    clk_IBUF
    BUFGCTRL_X0Y0        BUFG (Prop_bufg_I_O)         0.091     3.341 r  clk_IBUF_BUFG_inst/O
                         net (fo=34, routed)          1.497     4.838    clk_IBUF_BUFG
    SLICE_X63Y78         FDCE                                         r  tick_counter_reg[26]/C

Slack:                    inf
  Source:                 reset
                            (input port)
  Destination:            tick_counter_reg[20]/CLR
                            (recovery check against rising-edge clock sys_clk_pin  {rise@0.000ns fall@5.000ns period=10.000ns})
  Path Group:             (none)
  Path Type:              Recovery (Max at Slow Process Corner)
  Data Path Delay:        7.653ns  (logic 1.441ns (18.833%)  route 6.212ns (81.167%))
  Logic Levels:           1  (IBUF=1)
  Clock Path Skew:        4.836ns (DCD - SCD + CPR)
    Destination Clock Delay (DCD):    4.836ns
    Source Clock Delay      (SCD):    0.000ns
    Clock Pessimism Removal (CPR):    0.000ns
  Clock Uncertainty:      0.025ns  ((TSJ^2 + TIJ^2)^1/2 + DJ) / 2 + PE
    Total System Jitter     (TSJ):    0.050ns
    Total Input Jitter      (TIJ):    0.000ns
    Discrete Jitter          (DJ):    0.000ns
    Phase Error              (PE):    0.000ns

    Location             Delay type                Incr(ns)  Path(ns)    Netlist Resource(s)
  -------------------------------------------------------------------    -------------------
    U18                                               0.000     0.000 f  reset (IN)
                         net (fo=0)                   0.000     0.000    reset
    U18                  IBUF (Prop_ibuf_I_O)         1.441     1.441 f  reset_IBUF_inst/O
                         net (fo=54, routed)          6.212     7.653    reset_IBUF
    SLICE_X63Y77         FDCE                                         f  tick_counter_reg[20]/CLR
  -------------------------------------------------------------------    -------------------

                         (clock sys_clk_pin rise edge)
                                                      0.000     0.000 r  
    W5                                                0.000     0.000 r  clk (IN)
                         net (fo=0)                   0.000     0.000    clk
    W5                   IBUF (Prop_ibuf_I_O)         1.388     1.388 r  clk_IBUF_inst/O
                         net (fo=1, routed)           1.862     3.250    clk_IBUF
    BUFGCTRL_X0Y0        BUFG (Prop_bufg_I_O)         0.091     3.341 r  clk_IBUF_BUFG_inst/O
                         net (fo=34, routed)          1.495     4.836    clk_IBUF_BUFG
    SLICE_X63Y77         FDCE                                         r  tick_counter_reg[20]/C

Slack:                    inf
  Source:                 reset
                            (input port)
  Destination:            tick_counter_reg[21]/CLR
                            (recovery check against rising-edge clock sys_clk_pin  {rise@0.000ns fall@5.000ns period=10.000ns})
  Path Group:             (none)
  Path Type:              Recovery (Max at Slow Process Corner)
  Data Path Delay:        7.653ns  (logic 1.441ns (18.833%)  route 6.212ns (81.167%))
  Logic Levels:           1  (IBUF=1)
  Clock Path Skew:        4.836ns (DCD - SCD + CPR)
    Destination Clock Delay (DCD):    4.836ns
    Source Clock Delay      (SCD):    0.000ns
    Clock Pessimism Removal (CPR):    0.000ns
  Clock Uncertainty:      0.025ns  ((TSJ^2 + TIJ^2)^1/2 + DJ) / 2 + PE
    Total System Jitter     (TSJ):    0.050ns
    Total Input Jitter      (TIJ):    0.000ns
    Discrete Jitter          (DJ):    0.000ns
    Phase Error              (PE):    0.000ns

    Location             Delay type                Incr(ns)  Path(ns)    Netlist Resource(s)
  -------------------------------------------------------------------    -------------------
    U18                                               0.000     0.000 f  reset (IN)
                         net (fo=0)                   0.000     0.000    reset
    U18                  IBUF (Prop_ibuf_I_O)         1.441     1.441 f  reset_IBUF_inst/O
                         net (fo=54, routed)          6.212     7.653    reset_IBUF
    SLICE_X63Y77         FDCE                                         f  tick_counter_reg[21]/CLR
  -------------------------------------------------------------------    -------------------

                         (clock sys_clk_pin rise edge)
                                                      0.000     0.000 r  
    W5                                                0.000     0.000 r  clk (IN)
                         net (fo=0)                   0.000     0.000    clk
    W5                   IBUF (Prop_ibuf_I_O)         1.388     1.388 r  clk_IBUF_inst/O
                         net (fo=1, routed)           1.862     3.250    clk_IBUF
    BUFGCTRL_X0Y0        BUFG (Prop_bufg_I_O)         0.091     3.341 r  clk_IBUF_BUFG_inst/O
                         net (fo=34, routed)          1.495     4.836    clk_IBUF_BUFG
    SLICE_X63Y77         FDCE                                         r  tick_counter_reg[21]/C

Slack:                    inf
  Source:                 reset
                            (input port)
  Destination:            tick_counter_reg[22]/CLR
                            (recovery check against rising-edge clock sys_clk_pin  {rise@0.000ns fall@5.000ns period=10.000ns})
  Path Group:             (none)
  Path Type:              Recovery (Max at Slow Process Corner)
  Data Path Delay:        7.653ns  (logic 1.441ns (18.833%)  route 6.212ns (81.167%))
  Logic Levels:           1  (IBUF=1)
  Clock Path Skew:        4.836ns (DCD - SCD + CPR)
    Destination Clock Delay (DCD):    4.836ns
    Source Clock Delay      (SCD):    0.000ns
    Clock Pessimism Removal (CPR):    0.000ns
  Clock Uncertainty:      0.025ns  ((TSJ^2 + TIJ^2)^1/2 + DJ) / 2 + PE
    Total System Jitter     (TSJ):    0.050ns
    Total Input Jitter      (TIJ):    0.000ns
    Discrete Jitter          (DJ):    0.000ns
    Phase Error              (PE):    0.000ns

    Location             Delay type                Incr(ns)  Path(ns)    Netlist Resource(s)
  -------------------------------------------------------------------    -------------------
    U18                                               0.000     0.000 f  reset (IN)
                         net (fo=0)                   0.000     0.000    reset
    U18                  IBUF (Prop_ibuf_I_O)         1.441     1.441 f  reset_IBUF_inst/O
                         net (fo=54, routed)          6.212     7.653    reset_IBUF
    SLICE_X63Y77         FDCE                                         f  tick_counter_reg[22]/CLR
  -------------------------------------------------------------------    -------------------

                         (clock sys_clk_pin rise edge)
                                                      0.000     0.000 r  
    W5                                                0.000     0.000 r  clk (IN)
                         net (fo=0)                   0.000     0.000    clk
    W5                   IBUF (Prop_ibuf_I_O)         1.388     1.388 r  clk_IBUF_inst/O
                         net (fo=1, routed)           1.862     3.250    clk_IBUF
    BUFGCTRL_X0Y0        BUFG (Prop_bufg_I_O)         0.091     3.341 r  clk_IBUF_BUFG_inst/O
                         net (fo=34, routed)          1.495     4.836    clk_IBUF_BUFG
    SLICE_X63Y77         FDCE                                         r  tick_counter_reg[22]/C

Slack:                    inf
  Source:                 reset
                            (input port)
  Destination:            tick_counter_reg[23]/CLR
                            (recovery check against rising-edge clock sys_clk_pin  {rise@0.000ns fall@5.000ns period=10.000ns})
  Path Group:             (none)
  Path Type:              Recovery (Max at Slow Process Corner)
  Data Path Delay:        7.653ns  (logic 1.441ns (18.833%)  route 6.212ns (81.167%))
  Logic Levels:           1  (IBUF=1)
  Clock Path Skew:        4.836ns (DCD - SCD + CPR)
    Destination Clock Delay (DCD):    4.836ns
    Source Clock Delay      (SCD):    0.000ns
    Clock Pessimism Removal (CPR):    0.000ns
  Clock Uncertainty:      0.025ns  ((TSJ^2 + TIJ^2)^1/2 + DJ) / 2 + PE
    Total System Jitter     (TSJ):    0.050ns
    Total Input Jitter      (TIJ):    0.000ns
    Discrete Jitter          (DJ):    0.000ns
    Phase Error              (PE):    0.000ns

    Location             Delay type                Incr(ns)  Path(ns)    Netlist Resource(s)
  -------------------------------------------------------------------    -------------------
    U18                                               0.000     0.000 f  reset (IN)
                         net (fo=0)                   0.000     0.000    reset
    U18                  IBUF (Prop_ibuf_I_O)         1.441     1.441 f  reset_IBUF_inst/O
                         net (fo=54, routed)          6.212     7.653    reset_IBUF
    SLICE_X63Y77         FDCE                                         f  tick_counter_reg[23]/CLR
  -------------------------------------------------------------------    -------------------

                         (clock sys_clk_pin rise edge)
                                                      0.000     0.000 r  
    W5                                                0.000     0.000 r  clk (IN)
                         net (fo=0)                   0.000     0.000    clk
    W5                   IBUF (Prop_ibuf_I_O)         1.388     1.388 r  clk_IBUF_inst/O
                         net (fo=1, routed)           1.862     3.250    clk_IBUF
    BUFGCTRL_X0Y0        BUFG (Prop_bufg_I_O)         0.091     3.341 r  clk_IBUF_BUFG_inst/O
                         net (fo=34, routed)          1.495     4.836    clk_IBUF_BUFG
    SLICE_X63Y77         FDCE                                         r  tick_counter_reg[23]/C

Slack:                    inf
  Source:                 reset
                            (input port)
  Destination:            tick_counter_reg[16]/CLR
                            (recovery check against rising-edge clock sys_clk_pin  {rise@0.000ns fall@5.000ns period=10.000ns})
  Path Group:             (none)
  Path Type:              Recovery (Max at Slow Process Corner)
  Data Path Delay:        7.505ns  (logic 1.441ns (19.205%)  route 6.064ns (80.795%))
  Logic Levels:           1  (IBUF=1)
  Clock Path Skew:        4.835ns (DCD - SCD + CPR)
    Destination Clock Delay (DCD):    4.835ns
    Source Clock Delay      (SCD):    0.000ns
    Clock Pessimism Removal (CPR):    0.000ns
  Clock Uncertainty:      0.025ns  ((TSJ^2 + TIJ^2)^1/2 + DJ) / 2 + PE
    Total System Jitter     (TSJ):    0.050ns
    Total Input Jitter      (TIJ):    0.000ns
    Discrete Jitter          (DJ):    0.000ns
    Phase Error              (PE):    0.000ns

    Location             Delay type                Incr(ns)  Path(ns)    Netlist Resource(s)
  -------------------------------------------------------------------    -------------------
    U18                                               0.000     0.000 f  reset (IN)
                         net (fo=0)                   0.000     0.000    reset
    U18                  IBUF (Prop_ibuf_I_O)         1.441     1.441 f  reset_IBUF_inst/O
                         net (fo=54, routed)          6.064     7.505    reset_IBUF
    SLICE_X63Y76         FDCE                                         f  tick_counter_reg[16]/CLR
  -------------------------------------------------------------------    -------------------

                         (clock sys_clk_pin rise edge)
                                                      0.000     0.000 r  
    W5                                                0.000     0.000 r  clk (IN)
                         net (fo=0)                   0.000     0.000    clk
    W5                   IBUF (Prop_ibuf_I_O)         1.388     1.388 r  clk_IBUF_inst/O
                         net (fo=1, routed)           1.862     3.250    clk_IBUF
    BUFGCTRL_X0Y0        BUFG (Prop_bufg_I_O)         0.091     3.341 r  clk_IBUF_BUFG_inst/O
                         net (fo=34, routed)          1.494     4.835    clk_IBUF_BUFG
    SLICE_X63Y76         FDCE                                         r  tick_counter_reg[16]/C

Slack:                    inf
  Source:                 reset
                            (input port)
  Destination:            tick_counter_reg[17]/CLR
                            (recovery check against rising-edge clock sys_clk_pin  {rise@0.000ns fall@5.000ns period=10.000ns})
  Path Group:             (none)
  Path Type:              Recovery (Max at Slow Process Corner)
  Data Path Delay:        7.505ns  (logic 1.441ns (19.205%)  route 6.064ns (80.795%))
  Logic Levels:           1  (IBUF=1)
  Clock Path Skew:        4.835ns (DCD - SCD + CPR)
    Destination Clock Delay (DCD):    4.835ns
    Source Clock Delay      (SCD):    0.000ns
    Clock Pessimism Removal (CPR):    0.000ns
  Clock Uncertainty:      0.025ns  ((TSJ^2 + TIJ^2)^1/2 + DJ) / 2 + PE
    Total System Jitter     (TSJ):    0.050ns
    Total Input Jitter      (TIJ):    0.000ns
    Discrete Jitter          (DJ):    0.000ns
    Phase Error              (PE):    0.000ns

    Location             Delay type                Incr(ns)  Path(ns)    Netlist Resource(s)
  -------------------------------------------------------------------    -------------------
    U18                                               0.000     0.000 f  reset (IN)
                         net (fo=0)                   0.000     0.000    reset
    U18                  IBUF (Prop_ibuf_I_O)         1.441     1.441 f  reset_IBUF_inst/O
                         net (fo=54, routed)          6.064     7.505    reset_IBUF
    SLICE_X63Y76         FDCE                                         f  tick_counter_reg[17]/CLR
  -------------------------------------------------------------------    -------------------

                         (clock sys_clk_pin rise edge)
                                                      0.000     0.000 r  
    W5                                                0.000     0.000 r  clk (IN)
                         net (fo=0)                   0.000     0.000    clk
    W5                   IBUF (Prop_ibuf_I_O)         1.388     1.388 r  clk_IBUF_inst/O
                         net (fo=1, routed)           1.862     3.250    clk_IBUF
    BUFGCTRL_X0Y0        BUFG (Prop_bufg_I_O)         0.091     3.341 r  clk_IBUF_BUFG_inst/O
                         net (fo=34, routed)          1.494     4.835    clk_IBUF_BUFG
    SLICE_X63Y76         FDCE                                         r  tick_counter_reg[17]/C





Min Delay Paths
--------------------------------------------------------------------------------------
Slack:                    inf
  Source:                 data_in[10]
                            (input port)
  Destination:            current_lvl_reg/D
                            (rising edge-triggered cell FDCE clocked by sys_clk_pin  {rise@0.000ns fall@5.000ns period=10.000ns})
  Path Group:             (none)
  Path Type:              Hold (Min at Fast Process Corner)
  Data Path Delay:        1.315ns  (logic 0.441ns (33.543%)  route 0.874ns (66.457%))
  Logic Levels:           4  (IBUF=1 LUT6=2 MUXF7=1)
  Clock Path Skew:        1.975ns (DCD - SCD - CPR)
    Destination Clock Delay (DCD):    1.975ns
    Source Clock Delay      (SCD):    0.000ns
    Clock Pessimism Removal (CPR):    -0.000ns

    Location             Delay type                Incr(ns)  Path(ns)    Netlist Resource(s)
  -------------------------------------------------------------------    -------------------
    T2                                                0.000     0.000 r  data_in[10] (IN)
                         net (fo=0)                   0.000     0.000    data_in[10]
    T2                   IBUF (Prop_ibuf_I_O)         0.226     0.226 r  data_in_IBUF[10]_inst/O
                         net (fo=1, routed)           0.323     0.549    data_in_IBUF[10]
    SLICE_X65Y47         LUT6 (Prop_lut6_I1_O)        0.045     0.594 r  current_lvl_i_6/O
                         net (fo=1, routed)           0.000     0.594    current_lvl_i_6_n_0
    SLICE_X65Y47         MUXF7 (Prop_muxf7_I0_O)      0.062     0.656 r  current_lvl_reg_i_2/O
                         net (fo=1, routed)           0.551     1.207    current_lvl_reg_i_2_n_0
    SLICE_X64Y75         LUT6 (Prop_lut6_I1_O)        0.108     1.315 r  current_lvl_i_1/O
                         net (fo=1, routed)           0.000     1.315    current_lvl
    SLICE_X64Y75         FDCE                                         r  current_lvl_reg/D
  -------------------------------------------------------------------    -------------------

                         (clock sys_clk_pin rise edge)
                                                      0.000     0.000 r  
    W5                                                0.000     0.000 r  clk (IN)
                         net (fo=0)                   0.000     0.000    clk
    W5                   IBUF (Prop_ibuf_I_O)         0.414     0.414 r  clk_IBUF_inst/O
                         net (fo=1, routed)           0.685     1.099    clk_IBUF
    BUFGCTRL_X0Y0        BUFG (Prop_bufg_I_O)         0.029     1.128 r  clk_IBUF_BUFG_inst/O
                         net (fo=34, routed)          0.847     1.975    clk_IBUF_BUFG
    SLICE_X64Y75         FDCE                                         r  current_lvl_reg/C

Slack:                    inf
  Source:                 reset
                            (input port)
  Destination:            clk_25MHz_reg/CLR
                            (removal check against rising-edge clock sys_clk_pin  {rise@0.000ns fall@5.000ns period=10.000ns})
  Path Group:             (none)
  Path Type:              Removal (Min at Fast Process Corner)
  Data Path Delay:        2.022ns  (logic 0.210ns (10.362%)  route 1.813ns (89.638%))
  Logic Levels:           1  (IBUF=1)
  Clock Path Skew:        1.958ns (DCD - SCD - CPR)
    Destination Clock Delay (DCD):    1.958ns
    Source Clock Delay      (SCD):    0.000ns
    Clock Pessimism Removal (CPR):    -0.000ns

    Location             Delay type                Incr(ns)  Path(ns)    Netlist Resource(s)
  -------------------------------------------------------------------    -------------------
    U18                                               0.000     0.000 f  reset (IN)
                         net (fo=0)                   0.000     0.000    reset
    U18                  IBUF (Prop_ibuf_I_O)         0.210     0.210 f  reset_IBUF_inst/O
                         net (fo=54, routed)          1.813     2.022    reset_IBUF
    SLICE_X46Y59         FDCE                                         f  clk_25MHz_reg/CLR
  -------------------------------------------------------------------    -------------------

                         (clock sys_clk_pin rise edge)
                                                      0.000     0.000 r  
    W5                                                0.000     0.000 r  clk (IN)
                         net (fo=0)                   0.000     0.000    clk
    W5                   IBUF (Prop_ibuf_I_O)         0.414     0.414 r  clk_IBUF_inst/O
                         net (fo=1, routed)           0.685     1.099    clk_IBUF
    BUFGCTRL_X0Y0        BUFG (Prop_bufg_I_O)         0.029     1.128 r  clk_IBUF_BUFG_inst/O
                         net (fo=34, routed)          0.831     1.958    clk_IBUF_BUFG
    SLICE_X46Y59         FDCE                                         r  clk_25MHz_reg/C

Slack:                    inf
  Source:                 reset
                            (input port)
  Destination:            clk_div_reg[0]/CLR
                            (removal check against rising-edge clock sys_clk_pin  {rise@0.000ns fall@5.000ns period=10.000ns})
  Path Group:             (none)
  Path Type:              Removal (Min at Fast Process Corner)
  Data Path Delay:        2.022ns  (logic 0.210ns (10.362%)  route 1.813ns (89.638%))
  Logic Levels:           1  (IBUF=1)
  Clock Path Skew:        1.958ns (DCD - SCD - CPR)
    Destination Clock Delay (DCD):    1.958ns
    Source Clock Delay      (SCD):    0.000ns
    Clock Pessimism Removal (CPR):    -0.000ns

    Location             Delay type                Incr(ns)  Path(ns)    Netlist Resource(s)
  -------------------------------------------------------------------    -------------------
    U18                                               0.000     0.000 f  reset (IN)
                         net (fo=0)                   0.000     0.000    reset
    U18                  IBUF (Prop_ibuf_I_O)         0.210     0.210 f  reset_IBUF_inst/O
                         net (fo=54, routed)          1.813     2.022    reset_IBUF
    SLICE_X46Y59         FDCE                                         f  clk_div_reg[0]/CLR
  -------------------------------------------------------------------    -------------------

                         (clock sys_clk_pin rise edge)
                                                      0.000     0.000 r  
    W5                                                0.000     0.000 r  clk (IN)
                         net (fo=0)                   0.000     0.000    clk
    W5                   IBUF (Prop_ibuf_I_O)         0.414     0.414 r  clk_IBUF_inst/O
                         net (fo=1, routed)           0.685     1.099    clk_IBUF
    BUFGCTRL_X0Y0        BUFG (Prop_bufg_I_O)         0.029     1.128 r  clk_IBUF_BUFG_inst/O
                         net (fo=34, routed)          0.831     1.958    clk_IBUF_BUFG
    SLICE_X46Y59         FDCE                                         r  clk_div_reg[0]/C

Slack:                    inf
  Source:                 reset
                            (input port)
  Destination:            tick_counter_reg[0]/CLR
                            (removal check against rising-edge clock sys_clk_pin  {rise@0.000ns fall@5.000ns period=10.000ns})
  Path Group:             (none)
  Path Type:              Removal (Min at Fast Process Corner)
  Data Path Delay:        2.709ns  (logic 0.210ns (7.735%)  route 2.499ns (92.265%))
  Logic Levels:           1  (IBUF=1)
  Clock Path Skew:        1.978ns (DCD - SCD - CPR)
    Destination Clock Delay (DCD):    1.978ns
    Source Clock Delay      (SCD):    0.000ns
    Clock Pessimism Removal (CPR):    -0.000ns

    Location             Delay type                Incr(ns)  Path(ns)    Netlist Resource(s)
  -------------------------------------------------------------------    -------------------
    U18                                               0.000     0.000 f  reset (IN)
                         net (fo=0)                   0.000     0.000    reset
    U18                  IBUF (Prop_ibuf_I_O)         0.210     0.210 f  reset_IBUF_inst/O
                         net (fo=54, routed)          2.499     2.709    reset_IBUF
    SLICE_X63Y72         FDCE                                         f  tick_counter_reg[0]/CLR
  -------------------------------------------------------------------    -------------------

                         (clock sys_clk_pin rise edge)
                                                      0.000     0.000 r  
    W5                                                0.000     0.000 r  clk (IN)
                         net (fo=0)                   0.000     0.000    clk
    W5                   IBUF (Prop_ibuf_I_O)         0.414     0.414 r  clk_IBUF_inst/O
                         net (fo=1, routed)           0.685     1.099    clk_IBUF
    BUFGCTRL_X0Y0        BUFG (Prop_bufg_I_O)         0.029     1.128 r  clk_IBUF_BUFG_inst/O
                         net (fo=34, routed)          0.850     1.978    clk_IBUF_BUFG
    SLICE_X63Y72         FDCE                                         r  tick_counter_reg[0]/C

Slack:                    inf
  Source:                 reset
                            (input port)
  Destination:            tick_counter_reg[1]/CLR
                            (removal check against rising-edge clock sys_clk_pin  {rise@0.000ns fall@5.000ns period=10.000ns})
  Path Group:             (none)
  Path Type:              Removal (Min at Fast Process Corner)
  Data Path Delay:        2.709ns  (logic 0.210ns (7.735%)  route 2.499ns (92.265%))
  Logic Levels:           1  (IBUF=1)
  Clock Path Skew:        1.978ns (DCD - SCD - CPR)
    Destination Clock Delay (DCD):    1.978ns
    Source Clock Delay      (SCD):    0.000ns
    Clock Pessimism Removal (CPR):    -0.000ns

    Location             Delay type                Incr(ns)  Path(ns)    Netlist Resource(s)
  -------------------------------------------------------------------    -------------------
    U18                                               0.000     0.000 f  reset (IN)
                         net (fo=0)                   0.000     0.000    reset
    U18                  IBUF (Prop_ibuf_I_O)         0.210     0.210 f  reset_IBUF_inst/O
                         net (fo=54, routed)          2.499     2.709    reset_IBUF
    SLICE_X63Y72         FDCE                                         f  tick_counter_reg[1]/CLR
  -------------------------------------------------------------------    -------------------

                         (clock sys_clk_pin rise edge)
                                                      0.000     0.000 r  
    W5                                                0.000     0.000 r  clk (IN)
                         net (fo=0)                   0.000     0.000    clk
    W5                   IBUF (Prop_ibuf_I_O)         0.414     0.414 r  clk_IBUF_inst/O
                         net (fo=1, routed)           0.685     1.099    clk_IBUF
    BUFGCTRL_X0Y0        BUFG (Prop_bufg_I_O)         0.029     1.128 r  clk_IBUF_BUFG_inst/O
                         net (fo=34, routed)          0.850     1.978    clk_IBUF_BUFG
    SLICE_X63Y72         FDCE                                         r  tick_counter_reg[1]/C

Slack:                    inf
  Source:                 reset
                            (input port)
  Destination:            tick_counter_reg[2]/CLR
                            (removal check against rising-edge clock sys_clk_pin  {rise@0.000ns fall@5.000ns period=10.000ns})
  Path Group:             (none)
  Path Type:              Removal (Min at Fast Process Corner)
  Data Path Delay:        2.709ns  (logic 0.210ns (7.735%)  route 2.499ns (92.265%))
  Logic Levels:           1  (IBUF=1)
  Clock Path Skew:        1.978ns (DCD - SCD - CPR)
    Destination Clock Delay (DCD):    1.978ns
    Source Clock Delay      (SCD):    0.000ns
    Clock Pessimism Removal (CPR):    -0.000ns

    Location             Delay type                Incr(ns)  Path(ns)    Netlist Resource(s)
  -------------------------------------------------------------------    -------------------
    U18                                               0.000     0.000 f  reset (IN)
                         net (fo=0)                   0.000     0.000    reset
    U18                  IBUF (Prop_ibuf_I_O)         0.210     0.210 f  reset_IBUF_inst/O
                         net (fo=54, routed)          2.499     2.709    reset_IBUF
    SLICE_X63Y72         FDCE                                         f  tick_counter_reg[2]/CLR
  -------------------------------------------------------------------    -------------------

                         (clock sys_clk_pin rise edge)
                                                      0.000     0.000 r  
    W5                                                0.000     0.000 r  clk (IN)
                         net (fo=0)                   0.000     0.000    clk
    W5                   IBUF (Prop_ibuf_I_O)         0.414     0.414 r  clk_IBUF_inst/O
                         net (fo=1, routed)           0.685     1.099    clk_IBUF
    BUFGCTRL_X0Y0        BUFG (Prop_bufg_I_O)         0.029     1.128 r  clk_IBUF_BUFG_inst/O
                         net (fo=34, routed)          0.850     1.978    clk_IBUF_BUFG
    SLICE_X63Y72         FDCE                                         r  tick_counter_reg[2]/C

Slack:                    inf
  Source:                 reset
                            (input port)
  Destination:            tick_counter_reg[3]/CLR
                            (removal check against rising-edge clock sys_clk_pin  {rise@0.000ns fall@5.000ns period=10.000ns})
  Path Group:             (none)
  Path Type:              Removal (Min at Fast Process Corner)
  Data Path Delay:        2.709ns  (logic 0.210ns (7.735%)  route 2.499ns (92.265%))
  Logic Levels:           1  (IBUF=1)
  Clock Path Skew:        1.978ns (DCD - SCD - CPR)
    Destination Clock Delay (DCD):    1.978ns
    Source Clock Delay      (SCD):    0.000ns
    Clock Pessimism Removal (CPR):    -0.000ns

    Location             Delay type                Incr(ns)  Path(ns)    Netlist Resource(s)
  -------------------------------------------------------------------    -------------------
    U18                                               0.000     0.000 f  reset (IN)
                         net (fo=0)                   0.000     0.000    reset
    U18                  IBUF (Prop_ibuf_I_O)         0.210     0.210 f  reset_IBUF_inst/O
                         net (fo=54, routed)          2.499     2.709    reset_IBUF
    SLICE_X63Y72         FDCE                                         f  tick_counter_reg[3]/CLR
  -------------------------------------------------------------------    -------------------

                         (clock sys_clk_pin rise edge)
                                                      0.000     0.000 r  
    W5                                                0.000     0.000 r  clk (IN)
                         net (fo=0)                   0.000     0.000    clk
    W5                   IBUF (Prop_ibuf_I_O)         0.414     0.414 r  clk_IBUF_inst/O
                         net (fo=1, routed)           0.685     1.099    clk_IBUF
    BUFGCTRL_X0Y0        BUFG (Prop_bufg_I_O)         0.029     1.128 r  clk_IBUF_BUFG_inst/O
                         net (fo=34, routed)          0.850     1.978    clk_IBUF_BUFG
    SLICE_X63Y72         FDCE                                         r  tick_counter_reg[3]/C

Slack:                    inf
  Source:                 reset
                            (input port)
  Destination:            tick_counter_reg[4]/CLR
                            (removal check against rising-edge clock sys_clk_pin  {rise@0.000ns fall@5.000ns period=10.000ns})
  Path Group:             (none)
  Path Type:              Removal (Min at Fast Process Corner)
  Data Path Delay:        2.772ns  (logic 0.210ns (7.558%)  route 2.563ns (92.442%))
  Logic Levels:           1  (IBUF=1)
  Clock Path Skew:        1.976ns (DCD - SCD - CPR)
    Destination Clock Delay (DCD):    1.976ns
    Source Clock Delay      (SCD):    0.000ns
    Clock Pessimism Removal (CPR):    -0.000ns

    Location             Delay type                Incr(ns)  Path(ns)    Netlist Resource(s)
  -------------------------------------------------------------------    -------------------
    U18                                               0.000     0.000 f  reset (IN)
                         net (fo=0)                   0.000     0.000    reset
    U18                  IBUF (Prop_ibuf_I_O)         0.210     0.210 f  reset_IBUF_inst/O
                         net (fo=54, routed)          2.563     2.772    reset_IBUF
    SLICE_X63Y73         FDCE                                         f  tick_counter_reg[4]/CLR
  -------------------------------------------------------------------    -------------------

                         (clock sys_clk_pin rise edge)
                                                      0.000     0.000 r  
    W5                                                0.000     0.000 r  clk (IN)
                         net (fo=0)                   0.000     0.000    clk
    W5                   IBUF (Prop_ibuf_I_O)         0.414     0.414 r  clk_IBUF_inst/O
                         net (fo=1, routed)           0.685     1.099    clk_IBUF
    BUFGCTRL_X0Y0        BUFG (Prop_bufg_I_O)         0.029     1.128 r  clk_IBUF_BUFG_inst/O
                         net (fo=34, routed)          0.848     1.976    clk_IBUF_BUFG
    SLICE_X63Y73         FDCE                                         r  tick_counter_reg[4]/C

Slack:                    inf
  Source:                 reset
                            (input port)
  Destination:            tick_counter_reg[5]/CLR
                            (removal check against rising-edge clock sys_clk_pin  {rise@0.000ns fall@5.000ns period=10.000ns})
  Path Group:             (none)
  Path Type:              Removal (Min at Fast Process Corner)
  Data Path Delay:        2.772ns  (logic 0.210ns (7.558%)  route 2.563ns (92.442%))
  Logic Levels:           1  (IBUF=1)
  Clock Path Skew:        1.976ns (DCD - SCD - CPR)
    Destination Clock Delay (DCD):    1.976ns
    Source Clock Delay      (SCD):    0.000ns
    Clock Pessimism Removal (CPR):    -0.000ns

    Location             Delay type                Incr(ns)  Path(ns)    Netlist Resource(s)
  -------------------------------------------------------------------    -------------------
    U18                                               0.000     0.000 f  reset (IN)
                         net (fo=0)                   0.000     0.000    reset
    U18                  IBUF (Prop_ibuf_I_O)         0.210     0.210 f  reset_IBUF_inst/O
                         net (fo=54, routed)          2.563     2.772    reset_IBUF
    SLICE_X63Y73         FDCE                                         f  tick_counter_reg[5]/CLR
  -------------------------------------------------------------------    -------------------

                         (clock sys_clk_pin rise edge)
                                                      0.000     0.000 r  
    W5                                                0.000     0.000 r  clk (IN)
                         net (fo=0)                   0.000     0.000    clk
    W5                   IBUF (Prop_ibuf_I_O)         0.414     0.414 r  clk_IBUF_inst/O
                         net (fo=1, routed)           0.685     1.099    clk_IBUF
    BUFGCTRL_X0Y0        BUFG (Prop_bufg_I_O)         0.029     1.128 r  clk_IBUF_BUFG_inst/O
                         net (fo=34, routed)          0.848     1.976    clk_IBUF_BUFG
    SLICE_X63Y73         FDCE                                         r  tick_counter_reg[5]/C

Slack:                    inf
  Source:                 reset
                            (input port)
  Destination:            tick_counter_reg[6]/CLR
                            (removal check against rising-edge clock sys_clk_pin  {rise@0.000ns fall@5.000ns period=10.000ns})
  Path Group:             (none)
  Path Type:              Removal (Min at Fast Process Corner)
  Data Path Delay:        2.772ns  (logic 0.210ns (7.558%)  route 2.563ns (92.442%))
  Logic Levels:           1  (IBUF=1)
  Clock Path Skew:        1.976ns (DCD - SCD - CPR)
    Destination Clock Delay (DCD):    1.976ns
    Source Clock Delay      (SCD):    0.000ns
    Clock Pessimism Removal (CPR):    -0.000ns

    Location             Delay type                Incr(ns)  Path(ns)    Netlist Resource(s)
  -------------------------------------------------------------------    -------------------
    U18                                               0.000     0.000 f  reset (IN)
                         net (fo=0)                   0.000     0.000    reset
    U18                  IBUF (Prop_ibuf_I_O)         0.210     0.210 f  reset_IBUF_inst/O
                         net (fo=54, routed)          2.563     2.772    reset_IBUF
    SLICE_X63Y73         FDCE                                         f  tick_counter_reg[6]/CLR
  -------------------------------------------------------------------    -------------------

                         (clock sys_clk_pin rise edge)
                                                      0.000     0.000 r  
    W5                                                0.000     0.000 r  clk (IN)
                         net (fo=0)                   0.000     0.000    clk
    W5                   IBUF (Prop_ibuf_I_O)         0.414     0.414 r  clk_IBUF_inst/O
                         net (fo=1, routed)           0.685     1.099    clk_IBUF
    BUFGCTRL_X0Y0        BUFG (Prop_bufg_I_O)         0.029     1.128 r  clk_IBUF_BUFG_inst/O
                         net (fo=34, routed)          0.848     1.976    clk_IBUF_BUFG
    SLICE_X63Y73         FDCE                                         r  tick_counter_reg[6]/C





